commodity,fold,week_end,y,naive,sarimax,xgb,shock_L1
Ampalaya,1,2022-02-06,105.60072689618144,108.62711349886168,106.93328939422004,108.0352660791229,0.0
Ampalaya,1,2022-02-13,103.75297108640868,105.60072689618144,102.7125858269898,104.75324552620921,0.0
Ampalaya,1,2022-02-20,103.07676955793129,103.75297108640868,102.6806386991669,103.35502046694953,0.0
Ampalaya,1,2022-02-27,103.569532602768,103.07676955793129,103.36374425510243,101.86921485994087,0.0
Ampalaya,1,2022-03-06,105.23314739853733,103.569532602768,106.00008477085773,102.04752227638251,0.0
Ampalaya,1,2022-03-13,105.40557499683828,105.23314739853733,106.2956975714109,102.87797547966831,0.0
Ampalaya,1,2022-03-20,104.08747575868549,105.40557499683828,104.39586080923887,103.83238323486776,0.0
Ampalaya,1,2022-03-27,101.2738016444437,104.08747575868549,101.79595910551596,102.09184907068195,1.0
Ampalaya,1,2022-04-03,96.95377688090927,101.2738016444437,97.76294522403354,100.26712067902011,1.0
Ampalaya,1,2022-04-10,94.64790375527758,96.95377688090927,93.43441012625361,94.98596124332077,1.0
Ampalaya,1,2022-04-17,94.347351264089,94.64790375527758,93.89648728875358,92.6134956627788,0.0
Ampalaya,1,2022-04-24,96.05096835524944,94.347351264089,96.13325553604292,92.18418283376063,0.0
Ampalaya,1,2022-05-01,99.76527951974629,96.05096835524944,99.52128831817176,95.56807470948604,0.0
Ampalaya,1,2022-05-08,102.00885024952748,99.76527951974629,103.42659326800393,99.90494698602913,0.0
Ampalaya,1,2022-05-15,102.79027294313272,102.00885024952748,102.49327865445176,101.79090135085443,0.0
Ampalaya,1,2022-05-22,102.1125402832182,102.79027294313272,102.21334684935636,102.45380728637537,1.0
Ampalaya,1,2022-05-29,99.97305669789492,102.1125402832182,99.97179517769543,101.36484614850598,0.0
Ampalaya,1,2022-06-05,96.36362842024042,99.97305669789492,97.98498033313004,98.47540392880617,0.0
Ampalaya,1,2022-06-12,93.64726924870904,96.36362842024042,92.61762346182033,95.23893645704462,0.0
Ampalaya,1,2022-06-19,91.81357610562272,93.64726924870904,91.67389359376378,92.58747327302392,1.0
Ampalaya,1,2022-06-26,90.85552633639068,91.81357610562272,90.86686185889694,91.11165106633133,0.0
Ampalaya,1,2022-07-03,90.76945081423727,90.85552633639068,91.47701189776255,90.7234353059122,0.0
Ampalaya,1,2022-07-10,90.659394603288,90.76945081423727,90.30870270539792,90.58870485495535,0.0
Ampalaya,1,2022-07-17,90.52493621167116,90.659394603288,89.90016517408615,90.75050005695803,0.0
Ampalaya,1,2022-07-24,90.36556069235496,90.52493621167116,89.9964348249416,90.80594934281282,1.0
Ampalaya,1,2022-07-31,90.18065767101022,90.36556069235496,90.10460516420055,90.6993709919899,0.0
Ampalaya,1,2022-08-07,89.96951900840611,90.18065767101022,89.55459553213309,90.26858980319473,0.0
Ampalaya,1,2022-08-14,90.42812060634311,89.96951900840611,89.24627065891532,90.02742351637096,0.0
Ampalaya,1,2022-08-21,91.55821881136649,90.42812060634311,90.79845078352584,90.33369973371443,0.0
Ampalaya,1,2022-08-28,93.36414165915498,91.55821881136649,92.84338733374437,91.39137883922808,0.0
Ampalaya,1,2022-09-04,95.85280544997674,93.36414165915498,95.07279300045434,93.32217308627018,0.0
Ampalaya,1,2022-09-11,96.60636917025754,95.85280544997674,97.78819800493397,96.04212017299157,1.0
Ampalaya,1,2022-09-18,95.62771880871342,96.60636917025754,95.79200424437161,96.82613134653279,0.0
Ampalaya,1,2022-09-25,92.91310634268316,95.62771880871342,93.38565110566378,95.59110259509372,0.0
Ampalaya,1,2022-10-02,88.45213538399891,92.91310634268316,89.1512858841197,92.71054657352957,0.0
Ampalaya,1,2022-10-09,85.4082456199583,88.45213538399891,84.44614851334468,88.03220415106968,0.0
Ampalaya,2,2022-10-16,83.76977960040121,85.4082456199583,84.20549255835098,84.74718790931071,0.0
Ampalaya,2,2022-10-23,83.53046234908253,83.76977960040121,84.10456301545925,83.90172050168066,0.0
Ampalaya,2,2022-10-30,84.68937733184825,83.53046234908253,85.26167871424867,84.11092832150608,1.0
Ampalaya,2,2022-11-06,87.25096294650473,84.68937733184825,85.7619475129589,85.87650957118998,0.0
Ampalaya,2,2022-11-13,89.702556001452,87.25096294650473,90.8575075231339,88.1284445262853,0.0
Ampalaya,2,2022-11-20,92.05354557647492,89.702556001452,92.05998435980527,90.42075281074383,1.0
Ampalaya,2,2022-11-27,94.31293546143534,92.05354557647492,94.16247349903492,92.34350828542496,0.0
Ampalaya,2,2022-12-04,96.4893786388714,94.31293546143534,95.7625180201223,94.72961034360888,0.0
Ampalaya,2,2022-12-11,98.0933499040876,96.4893786388714,98.50000160367183,96.3611902970154,0.0
Ampalaya,2,2022-12-18,99.13099212575924,98.0933499040876,99.71254337093646,98.45806530144554,0.0
Ampalaya,2,2022-12-25,99.60627925282036,99.13099212575924,99.74593265991045,99.13751656938564,0.0
Ampalaya,2,2023-01-01,99.5210315338427,99.60627925282036,99.21509208000889,99.3259702015451,0.0
Ampalaya,2,2023-01-08,100.426903713915,99.5210315338427,99.61473010964895,98.8114322773272,0.0
Ampalaya,2,2023-01-15,102.32736509074816,100.426903713915,102.03547296329862,99.76952742454732,0.0
Ampalaya,2,2023-01-22,105.22969402706195,102.32736509074816,104.81604933534084,102.18356748451838,0.0
Ampalaya,2,2023-01-29,109.1450058251657,105.22969402706195,108.21501862576588,104.8825660530286,0.0
Ampalaya,2,2023-02-05,114.08829529620104,109.1450058251657,112.44713061587474,108.83389073908705,0.0
Ampalaya,2,2023-02-12,117.21300135728728,114.08829529620104,118.66801882643855,113.50329901314669,0.0
Ampalaya,2,2023-02-19,118.53109096780724,117.21300135728728,118.54588164466222,116.17715262052428,0.0
Ampalaya,2,2023-02-26,118.04761213052466,118.53109096780724,117.78140740519972,116.86089419618554,0.0
Ampalaya,2,2023-03-05,115.7607132243606,118.04761213052466,115.71610046122612,116.2949853538294,0.0
Ampalaya,2,2023-03-12,114.07666474337742,115.7607132243606,113.06054213580026,114.11921191687311,0.0
Ampalaya,2,2023-03-19,112.98901714020118,114.07666474337742,113.60363673658772,112.58851212020085,0.0
Ampalaya,2,2023-03-26,112.49360495592606,112.98901714020118,112.71790273808803,111.43149770431862,0.0
Ampalaya,2,2023-04-02,112.58853086729316,112.49360495592606,112.95328915519684,110.5961607077266,0.0
Ampalaya,2,2023-04-09,112.19804278634358,112.58853086729316,112.31808040541091,110.99959656496314,1.0
Ampalaya,2,2023-04-16,111.3206452268098,112.19804278634358,111.70999159420344,110.78599861882496,0.0
Ampalaya,2,2023-04-23,109.95297794271916,111.3206452268098,110.3487969225277,110.06271876272899,0.0
Ampalaya,2,2023-04-30,108.08980305936664,109.95297794271916,108.57104988969542,108.62035517622441,0.0
Ampalaya,2,2023-05-07,105.7239850133692,108.08980305936664,106.37216550219901,106.74189492013782,0.0
Ampalaya,2,2023-05-14,103.26082137786008,105.7239850133692,103.58297310246202,104.09530180394995,0.0
Ampalaya,2,2023-05-21,100.6908787601927,103.26082137786008,101.33881697050252,102.47248927317716,0.0
Ampalaya,2,2023-05-28,98.00431482693772,100.6908787601927,98.72178115401955,99.78111882147581,0.0
Ampalaya,2,2023-06-04,95.19084060984008,98.00431482693772,95.71791675207673,96.87847797772507,0.0
Ampalaya,2,2023-06-11,92.9252465539189,95.19084060984008,93.00473830731639,94.02992046671264,0.0
Ampalaya,2,2023-06-18,91.19885591598133,92.9252465539189,91.30118513862467,91.84900088836866,0.0
Ampalaya,3,2023-06-25,90.00505698720116,91.19885591598133,90.18515801246981,90.26848129363636,0.0
Ampalaya,3,2023-07-02,89.33927777168097,90.00505698720116,89.36444950672687,89.67305542031426,0.0
Ampalaya,3,2023-07-09,88.69340432192824,89.33927777168097,88.77371635801674,88.73625644800009,0.0
Ampalaya,3,2023-07-16,88.0649630800503,88.69340432192824,87.84486064253399,88.29447058345816,1.0
Ampalaya,3,2023-07-23,87.45154724980165,88.0649630800503,87.28729773197588,87.88181831693824,0.0
Ampalaya,3,2023-07-30,86.8508075790664,87.45154724980165,86.59260836185688,87.01474596525003,0.0
Ampalaya,3,2023-08-06,86.26044336272265,86.8508075790664,86.09119739162264,86.93073098530972,0.0
Ampalaya,3,2023-08-13,85.45374909506901,86.26044336272265,85.54884604564451,86.4443746985295,0.0
Ampalaya,3,2023-08-20,84.42763530869743,85.45374909506901,84.36216043961407,85.3752686427699,1.0
Ampalaya,3,2023-08-27,83.1781722061282,84.42763530869743,83.11091406917508,84.4901340160217,0.0
Ampalaya,3,2023-09-03,81.70057460952171,83.1781722061282,81.77137348731407,83.12948684170301,0.0
Ampalaya,3,2023-09-10,81.06220767179467,81.70057460952171,80.34138007256662,81.53916973162063,0.0
Ampalaya,3,2023-09-17,81.26062658339838,81.06220767179467,80.97475551646845,80.69154623428322,0.0
Ampalaya,3,2023-09-24,82.2965912465475,81.26062658339838,82.01729896783368,81.0385694643865,0.0
Ampalaya,3,2023-10-01,84.17406918548386,82.2965912465475,83.97053769976074,82.19145206552962,0.0
Ampalaya,3,2023-10-08,85.5857642306953,84.17406918548386,85.92129863911822,84.58798100494187,0.0
Ampalaya,3,2023-10-15,86.53708287384441,85.5857642306953,86.50630718687728,86.25165212294155,0.0
Ampalaya,3,2023-10-22,87.03166846292615,86.53708287384441,86.96933796954336,86.83128165509632,0.0
Ampalaya,3,2023-10-29,87.07141515551578,87.03166846292615,87.18207365724217,87.31913647907376,0.0
Ampalaya,3,2023-11-05,86.65647517298912,87.07141515551578,87.2619438674288,87.8543869548894,0.0
Ampalaya,3,2023-11-12,86.36043090532192,86.65647517298912,86.46788018950619,87.6294008359835,0.0
Ampalaya,3,2023-11-19,86.18214856595715,86.36043090532192,86.45230400001303,87.119366774062,0.0
Ampalaya,3,2023-11-26,86.12094537146746,86.18214856595715,86.5014063630323,87.15046780318936,0.0
Ampalaya,3,2023-12-03,86.17658692663987,86.12094537146746,86.78484137275784,86.76669672854601,0.0
Ampalaya,3,2023-12-10,86.0358915409364,86.17658692663987,86.54988418159058,86.43082165783723,0.0
Ampalaya,3,2023-12-17,85.698320380965,86.0358915409364,86.07141961108461,86.1971979966678,0.0
Ampalaya,3,2023-12-24,85.16258062100658,85.698320380965,85.5824569463114,86.21788787058902,0.0
Ampalaya,3,2023-12-31,84.42662049176778,85.16258062100658,84.9690573585161,85.28774982369194,0.0
Ampalaya,3,2024-01-07,83.48762142254078,84.42662049176778,84.03062251901207,84.56831560375775,0.0
Ampalaya,3,2024-01-14,83.98347349585877,83.48762142254078,82.74987159409645,84.521408434641,0.0
Ampalaya,3,2024-01-21,85.91607571966217,83.98347349585877,85.43056477823257,85.1362242263733,0.0
Ampalaya,3,2024-01-28,89.29282954927614,85.91607571966217,88.82735430886022,86.95157457716034,1.0
Ampalaya,3,2024-02-04,94.12666723340982,89.29282954927614,93.38501700020778,90.42317894693544,0.0
Ampalaya,3,2024-02-11,98.10224545693784,94.12666723340982,98.3880508316764,94.90074524492258,1.0
Ampalaya,3,2024-02-18,101.23478983858855,98.10224545693784,100.50966717979519,98.10964842087417,0.0
Ampalaya,3,2024-02-25,103.53629735684495,101.23478983858855,102.85033849023965,101.2875166698757,0.0
Ampalaya,4,2024-03-03,105.01558229581948,103.53629735684495,104.37180293900576,102.09453943944078,0.0
Ampalaya,4,2024-03-10,106.10364807545594,105.01558229581948,106.0815085314483,102.70409700529214,0.0
Ampalaya,4,2024-03-17,106.804661756187,106.10364807545594,106.73676928891283,103.8930703490918,0.0
Ampalaya,4,2024-03-24,107.12130807125806,106.804661756187,106.9581932966535,104.5166237408214,0.0
Ampalaya,4,2024-03-31,107.0547997086842,107.12130807125806,107.01391665618216,105.12912331307172,0.0
Ampalaya,4,2024-04-07,106.60488195558754,107.0547997086842,106.92868363328726,106.10178551371884,0.0
Ampalaya,4,2024-04-14,106.65068445317044,106.60488195558754,105.81240451458146,105.8236946000692,1.0
Ampalaya,4,2024-04-21,107.1923826152534,106.65068445317044,107.00397267788306,105.95959488264813,0.0
Ampalaya,4,2024-04-28,108.23205103054232,107.1923826152534,107.99308130271565,106.32411442343897,0.0
Ampalaya,4,2024-05-05,109.77367140786164,108.23205103054232,109.66420755297791,107.17810119762606,0.0
Ampalaya,4,2024-05-12,111.07844129091568,109.77367140786164,110.94379996613182,108.71317424313538,0.0
Ampalaya,4,2024-05-19,112.15135767074597,111.07844129091568,111.78951396890835,110.01794412618942,0.0
Ampalaya,4,2024-05-26,112.99652958880708,112.15135767074597,112.67859043392376,111.02937163921368,0.0
Ampalaya,4,2024-06-02,113.61719387372142,112.99652958880708,113.22409730499999,111.85586572657868,1.0
Ampalaya,4,2024-06-09,114.06463917610608,113.61719387372142,114.02622063090281,112.47653001149303,0.0
Ampalaya,4,2024-06-16,114.34057911626796,114.06463917610608,114.05904597194714,112.96504863617383,0.0
Ampalaya,4,2024-06-23,114.44607048546732,114.34057911626796,114.19237901780872,113.3778825043867,0.0
Ampalaya,4,2024-06-30,114.38151729320322,114.44607048546732,114.14239792889643,113.5341490439123,0.0
Ampalaya,4,2024-07-07,114.146672314484,114.38151729320322,114.05352919694036,113.5826808831576,1.0
Ampalaya,4,2024-07-14,113.32785817903472,114.146672314484,113.57469642507345,113.21933127053487,0.0
Ampalaya,4,2024-07-21,111.92193900293238,113.32785817903472,111.97376524344305,112.46200600189162,0.0
Ampalaya,4,2024-07-28,109.92353041486427,111.92193900293238,110.05847270222624,110.89341365045435,0.0
Ampalaya,4,2024-08-04,107.32497893513136,109.92353041486427,107.62840639147757,109.0380925686805,0.0
Ampalaya,4,2024-08-11,105.45886242233786,107.32497893513136,104.73965487487938,106.42257575930051,0.0
Ampalaya,4,2024-08-18,104.31803404728578,105.45886242233786,104.20763103065994,104.59467118822607,0.0
Ampalaya,4,2024-08-25,103.89812468002812,104.31803404728578,103.85157111707052,103.39840381781266,0.0
Ampalaya,4,2024-09-01,104.1975261570308,103.89812468002812,104.2512790996518,102.97661690424458,0.0
Ampalaya,4,2024-09-08,104.40236465283432,104.1975261570308,104.31672807536596,103.68830162299606,1.0
Ampalaya,4,2024-09-15,104.51342465529493,104.40236465283432,104.39750066033028,103.83845625468292,0.0
Ampalaya,4,2024-09-22,104.53113150059237,104.51342465529493,104.38518507007822,103.40687944541028,0.0
Ampalaya,4,2024-09-29,104.45555300217656,104.53113150059237,104.47220980826728,103.26145123898043,0.0
Ampalaya,4,2024-10-06,104.2863997104793,104.45555300217656,104.4359817160036,103.37620038491276,1.0
Ampalaya,4,2024-10-13,104.43577027719792,104.2863997104793,104.14537637188747,103.56622271567873,0.0
Ampalaya,4,2024-10-20,104.904236759822,104.43577027719792,104.88058567031626,103.8615922371703,0.0
Ampalaya,4,2024-10-27,105.69359328530624,104.904236759822,105.77265342654199,104.22545089928352,0.0
Ampalaya,4,2024-11-03,106.80686292119516,105.69359328530624,106.83632790510408,105.83105786822631,0.0
Cabbage,1,2022-02-06,87.41970156890416,87.83711883469522,88.37232666578376,88.24461612149179,0.0
Cabbage,1,2022-02-13,85.90179195974345,87.41970156890416,86.30177084149413,87.5476619974997,0.0
Cabbage,1,2022-02-20,83.25390417687424,85.90179195974345,84.30505782701061,86.02975238833899,0.0
Cabbage,1,2022-02-27,79.42460223922701,83.25390417687424,80.25531246627638,83.00858788005837,0.0
Cabbage,1,2022-03-06,74.33950085628884,79.42460223922701,75.09184911257724,79.87443986425372,0.0
Cabbage,1,2022-03-13,70.8999997814852,74.33950085628884,70.78800319487817,75.3566174029197,0.0
Cabbage,1,2022-03-20,69.03928571807569,70.8999997814852,69.02963825078925,72.61828498446525,0.0
Cabbage,1,2022-03-27,68.72121376069062,69.03928571807569,69.17868314453051,70.23951357471174,1.0
Cabbage,1,2022-04-03,69.93960527015776,68.72121376069062,69.84527105573427,70.05329627068512,1.0
Cabbage,1,2022-04-10,70.66895826982217,69.93960527015776,72.17819574398224,71.11472526622862,1.0
Cabbage,1,2022-04-17,70.92344065128646,70.66895826982217,70.67389792057651,72.00617595838266,0.0
Cabbage,1,2022-04-24,70.70799580793775,70.92344065128646,71.07461556852458,71.97756607948622,0.0
Cabbage,1,2022-05-01,70.01843866178453,70.70799580793775,70.03931134539556,71.94953182917035,0.0
Cabbage,1,2022-05-08,70.6103563290995,70.01843866178453,69.71414301673042,70.92915394374788,0.0
Cabbage,1,2022-05-15,72.49524698066162,70.6103563290995,71.73205785748117,71.4744840842646,0.0
Cabbage,1,2022-05-22,75.70972515901269,72.49524698066162,75.3718628945016,73.55221209334778,1.0
Cabbage,1,2022-05-29,80.31623302646777,75.70972515901269,79.35924990812438,77.26043345292749,0.0
Cabbage,1,2022-06-05,86.40425332206138,80.31623302646777,84.98706648616299,81.64840291687152,0.0
Cabbage,1,2022-06-12,90.70727146727134,86.40425332206138,91.7388676595206,88.17368574756034,0.0
Cabbage,1,2022-06-19,93.3088748260678,90.70727146727134,93.3784123335764,92.22500468355705,1.0
Cabbage,1,2022-06-26,94.25960029128257,93.3088748260678,93.75143029335545,94.30054388486754,0.0
Cabbage,1,2022-07-03,93.57791597827438,94.25960029128257,92.89243131516787,93.68989361289206,0.0
Cabbage,1,2022-07-10,92.77265576134646,93.57791597827438,92.81992052902403,93.48441065534118,0.0
Cabbage,1,2022-07-17,91.82817722938836,92.77265576134646,91.98274624215719,92.62953439961397,0.0
Cabbage,1,2022-07-24,90.72613361551488,91.82817722938836,91.05572556820673,91.8516010054189,1.0
Cabbage,1,2022-07-31,89.44511740584738,90.72613361551488,89.47245357265683,90.9267345674249,0.0
Cabbage,1,2022-08-07,87.96024449240494,89.44511740584738,88.31675511104622,89.6783782162226,0.0
Cabbage,1,2022-08-14,88.10956711634269,87.96024449240494,86.51516785103897,87.98249689374197,0.0
Cabbage,1,2022-08-21,89.8959859125394,88.10956711634269,89.25822136543519,87.94786178632846,0.0
Cabbage,1,2022-08-28,93.35420257944996,89.8959859125394,92.60064843848485,89.6029395572919,0.0
Cabbage,1,2022-09-04,98.55139396956947,93.35420257944996,97.87295258178926,93.60588974852497,0.0
Cabbage,1,2022-09-11,101.38665616144768,98.55139396956947,103.18376803452088,98.94570393732575,1.0
Cabbage,1,2022-09-18,101.91506493789228,101.38665616144768,102.05973495900902,103.26235758890739,0.0
Cabbage,1,2022-09-25,100.14688479122732,101.91506493789228,100.35253548329831,102.48896158439192,0.0
Cabbage,1,2022-10-02,96.04776831400608,100.14688479122732,96.26002128978028,100.46947922525023,0.0
Cabbage,1,2022-10-09,92.82845273712066,96.04776831400608,92.36538805585391,96.16027496439432,0.0
Cabbage,2,2022-10-16,90.42640193039936,92.82845273712066,90.59518068815868,92.67118993499663,0.0
Cabbage,2,2022-10-23,88.79495536667713,90.42640193039936,89.21580165077636,90.39456293220086,0.0
Cabbage,2,2022-10-30,87.9024217276472,88.79495536667713,88.42558009495373,88.52855109555134,1.0
Cabbage,2,2022-11-06,87.7314632908962,87.9024217276472,87.65576244539402,87.96947276579321,0.0
Cabbage,2,2022-11-13,89.58844896053606,87.7314632908962,87.13111340839532,87.28082797690847,0.0
Cabbage,2,2022-11-20,93.50945121681607,89.58844896053606,92.65858883332511,89.23442136143976,1.0
Cabbage,2,2022-11-27,99.5706366552893,93.50945121681607,98.32672992817176,93.40464009976304,0.0
Cabbage,2,2022-12-04,107.88974554481804,99.5706366552893,105.60282247637726,100.4878137363974,0.0
Cabbage,2,2022-12-11,112.74092656290831,107.88974554481804,116.0435053153803,110.27421243133843,0.0
Cabbage,2,2022-12-18,114.21841529485415,112.74092656290831,114.15411609331916,115.63519459879699,0.0
Cabbage,2,2022-12-25,112.35091238383932,114.21841529485415,112.34829431448485,116.1208634721918,0.0
Cabbage,2,2023-01-01,107.10214104917851,112.35091238383932,107.15434608824323,111.51461844806356,0.0
Cabbage,2,2023-01-08,102.92486743895228,107.10214104917851,101.68278532406802,105.62274244097081,0.0
Cabbage,2,2023-01-15,99.73794681291604,102.92486743895228,100.37038580223687,101.36066524950678,0.0
Cabbage,2,2023-01-22,97.47947232212718,99.73794681291604,98.13860361622747,97.4424093411448,0.0
Cabbage,2,2023-01-29,96.10557245061524,97.47947232212718,96.83800562728165,96.1602513023823,0.0
Cabbage,2,2023-02-05,95.58955879857726,96.10557245061524,94.95458326285262,96.27125554130204,0.0
Cabbage,2,2023-02-12,94.82328738547676,95.58955879857726,95.3210393087027,95.86431728651709,0.0
Cabbage,2,2023-02-19,93.79187316892134,94.82328738547676,94.40665125389418,95.52093084431999,0.0
Cabbage,2,2023-02-26,92.47528063137098,93.79187316892134,93.05943407954713,94.34595067498671,0.0
Cabbage,2,2023-03-05,90.8479345844526,92.47528063137098,90.0839130006423,92.63631673533483,0.0
Cabbage,2,2023-03-12,89.07538739374097,90.8479345844526,90.4244133087586,91.24522642357537,0.0
Cabbage,2,2023-03-19,87.12320682070387,89.07538739374097,87.59586413177735,89.30292942157205,0.0
Cabbage,2,2023-03-26,84.9534711967386,87.12320682070387,85.66509955338978,86.93918937108648,0.0
Cabbage,2,2023-04-02,82.52403278386242,84.9534711967386,82.34397208083678,85.25260497435701,0.0
Cabbage,2,2023-04-09,81.60057682999246,82.52403278386242,81.44624577103781,82.05273522174008,1.0
Cabbage,2,2023-04-16,82.16516493786393,81.60057682999246,81.79902006138656,81.9869266272413,0.0
Cabbage,2,2023-04-23,84.22876439371015,82.16516493786393,84.10534352264541,83.13320433128892,0.0
Cabbage,2,2023-04-30,87.8314612099493,84.22876439371015,87.13976987464947,85.4122776774397,0.0
Cabbage,2,2023-05-07,93.04323880749452,87.8314612099493,91.65875264408093,88.70101376264934,0.0
Cabbage,2,2023-05-14,93.97785000548282,93.04323880749452,98.52760225282753,94.36677258091676,0.0
Cabbage,2,2023-05-21,90.65344989500156,93.97785000548282,92.25269849883836,96.18662600264469,0.0
Cabbage,2,2023-05-28,83.0054610486172,90.65344989500156,84.47480131728267,91.09049859843364,0.0
Cabbage,2,2023-06-04,70.88531908529086,83.0054610486172,72.68972757664896,83.38154430343135,0.0
Cabbage,2,2023-06-11,62.88513635736874,70.88531908529086,59.42909485046549,72.1984883262424,0.0
Cabbage,2,2023-06-18,58.84950701645795,62.88513635736874,59.41865638675791,63.80897264820507,0.0
Cabbage,3,2023-06-25,58.700037802947634,58.84950701645795,59.32947781592337,58.60138477138463,0.0
Cabbage,3,2023-07-02,62.43382523441443,58.700037802947634,62.706663727108335,59.283912743819826,0.0
Cabbage,3,2023-07-09,66.076738014396,62.43382523441443,65.96517366105289,63.109340468884795,0.0
Cabbage,3,2023-07-16,69.69954077045738,66.076738014396,69.00712641560877,66.68948681610422,1.0
Cabbage,3,2023-07-23,73.37260748717046,69.69954077045738,72.31556354666321,70.88935092727958,0.0
Cabbage,3,2023-07-30,77.16728854098625,73.37260748717046,76.07387303556317,74.9852082905457,0.0
Cabbage,3,2023-08-06,81.15729670180077,77.16728854098625,80.5577154743461,79.24953508296318,0.0
Cabbage,3,2023-08-13,83.66876561253714,81.15729670180077,84.45512602386266,82.42972092283959,0.0
Cabbage,3,2023-08-20,84.75048127847288,83.66876561253714,84.60696348467546,85.09383661359,1.0
Cabbage,3,2023-08-27,84.42345633725664,84.75048127847288,84.22883917570198,86.22518172937009,0.0
Cabbage,3,2023-09-03,82.6813382354326,84.42345633725664,82.99253299170664,85.77056064824602,0.0
Cabbage,3,2023-09-10,81.05953517969112,82.6813382354326,80.78853753592006,84.44655184417437,0.0
Cabbage,3,2023-09-17,79.52654317963908,81.05953517969112,79.93615387087088,82.24353459890347,0.0
Cabbage,3,2023-09-24,78.05258342516049,79.52654317963908,78.28677107502733,80.58460108388255,0.0
Cabbage,3,2023-10-01,76.60902382447297,78.05258342516049,77.21303115489012,79.03625175249203,0.0
Cabbage,3,2023-10-08,75.82515518776,76.60902382447297,75.33316721090519,77.8007468135553,0.0
Cabbage,3,2023-10-15,75.68575064150384,75.82515518776,75.72143075032965,76.67321442476333,0.0
Cabbage,3,2023-10-22,76.18810221233467,75.68575064150384,75.9554051315344,76.59283588139108,0.0
Cabbage,3,2023-10-29,77.34196822386977,76.18810221233467,77.40650227181514,77.32331642189125,0.0
Cabbage,3,2023-11-05,79.16976285495393,77.34196822386977,78.52030775112048,78.59607557994124,0.0
Cabbage,3,2023-11-12,80.91610627968323,79.16976285495393,80.89617406108684,80.12236524142854,0.0
Cabbage,3,2023-11-19,82.61492172090587,80.91610627968323,82.29696988909674,82.16424172718537,0.0
Cabbage,3,2023-11-26,84.29920915673296,82.61492172090587,83.94017126087567,83.85953715650615,0.0
Cabbage,3,2023-12-03,86.00168635459606,84.29920915673296,85.31698927799253,85.59769980023424,0.0
Cabbage,3,2023-12-10,86.98720649102432,86.00168635459606,87.45768176705558,87.33494593711559,0.0
Cabbage,3,2023-12-17,87.27491357786332,86.98720649102432,87.18206458198885,87.44297242382271,0.0
Cabbage,3,2023-12-24,86.87039640794934,87.27491357786332,86.86887499772197,87.63075640661393,0.0
Cabbage,3,2023-12-31,85.76579711901624,86.87039640794934,85.72084167458502,86.60064080606641,0.0
Cabbage,3,2024-01-07,83.9396585524629,85.76579711901624,84.53752668101276,85.44769422280271,0.0
Cabbage,3,2024-01-14,82.24955460771585,83.9396585524629,81.87743551475646,83.68574476247534,0.0
Cabbage,3,2024-01-21,80.66265452998633,82.24955460771585,80.84115131711667,82.27934813841844,0.0
Cabbage,3,2024-01-28,79.14813232925866,80.66265452998633,79.52822241115256,82.01114214557165,1.0
Cabbage,3,2024-02-04,77.67656797657618,79.14813232925866,77.91498825782128,81.1898593952987,0.0
Cabbage,3,2024-02-11,77.54796029597755,77.67656797657618,76.59714020557115,78.99311465511927,1.0
Cabbage,3,2024-02-18,78.75981104631089,77.54796029597755,77.84670051904965,78.84796787768836,0.0
Cabbage,3,2024-02-25,81.33566077663437,78.75981104631089,81.13746485234941,80.2425442959752,0.0
Cabbage,4,2024-03-03,85.32554610814628,81.33566077663437,84.76527989020506,81.70658414675728,0.0
Cabbage,4,2024-03-10,88.22289462400553,85.32554610814628,88.90280491633786,85.58124246444282,0.0
Cabbage,4,2024-03-17,90.08398815170412,88.22289462400553,89.82815256190474,88.86148835731623,0.0
Cabbage,4,2024-03-24,90.9449789678146,90.08398815170412,90.8118529235533,89.91754125729685,0.0
Cabbage,4,2024-03-31,90.82259206635102,90.9449789678146,90.6537324529011,90.77021728506581,0.0
Cabbage,4,2024-04-07,89.71445004658385,90.82259206635102,90.39627254550149,90.37316484910592,0.0
Cabbage,4,2024-04-14,90.17784223032638,89.71445004658385,88.58989521984012,89.42061527089758,1.0
Cabbage,4,2024-04-21,92.22177014390648,90.17784223032638,91.61033927815745,89.81635254693671,0.0
Cabbage,4,2024-04-28,95.88593767438108,92.22177014390648,95.09699033213661,91.92793536822022,0.0
Cabbage,4,2024-05-05,101.24152232895132,95.88593767438108,100.82768150411353,95.76019538793737,0.0
Cabbage,4,2024-05-12,104.75645089359944,101.24152232895132,106.06532956574621,101.42329463551279,0.0
Cabbage,4,2024-05-19,106.4990018657306,104.75645089359944,106.52315981216132,107.10513496609394,0.0
Cabbage,4,2024-05-26,106.5030247987115,106.4990018657306,106.24801638081607,108.16451311622652,0.0
Cabbage,4,2024-06-02,104.76859783917132,106.5030247987115,105.08946890257957,107.45299826272364,1.0
Cabbage,4,2024-06-09,103.29193686905268,104.76859783917132,102.67360622324554,104.51179697900477,0.0
Cabbage,4,2024-06-16,102.0443573246831,103.29193686905268,102.50832345440821,102.76466869774225,0.0
Cabbage,4,2024-06-23,101.00162461491335,102.0443573246831,101.25464915815536,101.71896057828609,0.0
Cabbage,4,2024-06-30,100.14348335722032,101.00162461491335,100.72000560013976,100.73815250488032,0.0
Cabbage,4,2024-07-07,99.45326391108102,100.14348335722032,99.03019281180548,100.18668386498037,1.0
Cabbage,4,2024-07-14,97.81370104651496,99.45326391108102,99.07798753616704,99.94855049498148,0.0
Cabbage,4,2024-07-21,95.19294578373916,97.81370104651496,95.90616152888713,98.64626528124855,0.0
Cabbage,4,2024-07-28,91.54008919868366,95.19294578373916,92.45401522797805,95.78651410878189,0.0
Cabbage,4,2024-08-04,86.7841735025123,91.54008919868366,87.35929457110862,91.67586875829593,0.0
Cabbage,4,2024-08-11,83.69502050794178,86.7841735025123,82.54553762225332,86.44313801724466,0.0
Cabbage,4,2024-08-18,82.21262253036494,83.69502050794178,82.34242966787862,82.38573868192249,0.0
Cabbage,4,2024-08-25,82.30818356309092,82.21262253036494,82.51985976504368,81.70487344970698,0.0
Cabbage,4,2024-09-01,83.98355990664047,82.30818356309092,83.7931082167688,81.97721720967448,0.0
Cabbage,4,2024-09-08,85.47206747380594,83.98355990664047,85.72511606787867,84.72426712528747,1.0
Cabbage,4,2024-09-15,86.80262095181158,85.47206747380594,86.74501846901896,85.85825598088601,0.0
Cabbage,4,2024-09-22,88.00106672431062,86.80262095181158,87.51760054155966,87.01292773036172,0.0
Cabbage,4,2024-09-29,89.0906849448148,88.00106672431062,88.6923133609413,88.83853403712342,0.0
Cabbage,4,2024-10-06,90.09264176036612,89.0906849448148,90.13732831781039,89.31492082220947,1.0
Cabbage,4,2024-10-13,91.17762747666563,90.09264176036612,90.95287046499399,89.63365202094809,0.0
Cabbage,4,2024-10-20,92.36671825303004,91.17762747666563,91.91640910851987,90.68121603390898,0.0
Cabbage,4,2024-10-27,93.68301251948289,92.36671825303004,93.4892808420552,92.00625159396098,0.0
Cabbage,4,2024-11-03,95.15207967039552,93.68301251948289,94.82775701190737,93.65214614615253,0.0
Carrot,1,2022-02-06,109.60809272202955,111.7232994546368,109.95224466230596,110.88393921751522,0.0
Carrot,1,2022-02-13,107.33766396911082,109.60809272202955,108.49857727189936,108.90133267316328,0.0
Carrot,1,2022-02-20,104.87486072537833,107.33766396911082,104.99574287638094,105.80183967025218,0.0
Carrot,1,2022-02-27,102.1793825741164,104.87486072537833,102.97579885911827,103.13765402791434,0.0
Carrot,1,2022-03-06,99.2071216910317,102.1793825741164,101.41860303297167,100.83546007827442,0.0
Carrot,1,2022-03-13,96.22783590822964,99.2071216910317,95.03446165676918,98.44508733443762,0.0
Carrot,1,2022-03-20,93.19277327653704,96.22783590822964,94.17090492788057,95.66176314621715,0.0
Carrot,1,2022-03-27,90.05226913470815,93.19277327653704,90.89660097972227,92.7944842815095,1.0
Carrot,1,2022-04-03,86.75493341496745,90.05226913470815,88.09057278709594,90.12268004942726,1.0
Carrot,1,2022-04-10,86.00402282282462,86.75493341496745,83.43645107495334,86.92560656181136,1.0
Carrot,1,2022-04-17,87.78724973040815,86.00402282282462,86.39190819242616,86.39951150223365,0.0
Carrot,1,2022-04-24,92.13379421438768,87.78724973040815,91.10085844528369,88.13508267837759,0.0
Carrot,1,2022-05-01,99.11478154813736,92.13379421438768,96.95845242276566,93.38053944315507,0.0
Carrot,1,2022-05-08,103.5345299132311,99.11478154813736,104.88464844607024,100.41958563482254,0.0
Carrot,1,2022-05-15,105.46536246473416,103.5345299132311,104.98263306636767,105.2940981276476,0.0
Carrot,1,2022-05-22,104.9388746443983,105.46536246473416,104.44898234272429,105.3318432920657,1.0
Carrot,1,2022-05-29,101.9464511969818,104.9388746443983,101.71129954743085,104.42156253492793,0.0
Carrot,1,2022-06-05,96.439125193345,101.9464511969818,98.48539524458579,101.33413530380858,0.0
Carrot,1,2022-06-12,92.55774476797146,96.439125193345,92.23172762588685,96.06062079786008,0.0
Carrot,1,2022-06-19,90.2387964229914,92.55774476797146,90.14555207900466,92.68011925042433,1.0
Carrot,1,2022-06-26,89.44433373094148,90.2387964229914,90.43209101837593,91.16265393308127,0.0
Carrot,1,2022-07-03,90.1613563932246,89.44433373094148,91.91803458729845,90.98589581132478,0.0
Carrot,1,2022-07-10,90.5586886209384,90.1613563932246,91.27608885680844,91.57390100134074,0.0
Carrot,1,2022-07-17,90.64283221417278,90.5586886209384,90.81703523985371,91.80989811839018,0.0
Carrot,1,2022-07-24,90.41516406808977,90.64283221417278,90.82900982212239,91.66240053826183,1.0
Carrot,1,2022-07-31,89.8719587039352,90.41516406808977,90.7182527330088,91.38781006609086,0.0
Carrot,1,2022-08-07,89.00432730665938,89.8719587039352,89.26348205555735,91.28433606141812,0.0
Carrot,1,2022-08-14,89.18435174018305,89.00432730665938,88.4504383843915,89.79949528923765,0.0
Carrot,1,2022-08-21,90.414977858873,89.18435174018305,90.12226114781642,89.74328171998422,0.0
Carrot,1,2022-08-28,92.71634318103509,90.414977858873,92.26243126833889,91.3498180015999,0.0
Carrot,1,2022-09-04,96.126106411941,92.71634318103509,95.01331688784803,93.91010238399224,0.0
Carrot,1,2022-09-11,101.22693135328034,96.126106411941,99.00717264613341,98.33847823811287,1.0
Carrot,1,2022-09-18,108.10228604954771,101.22693135328034,105.67769393604073,104.08975007123688,0.0
Carrot,1,2022-09-25,116.86467630486392,108.10228604954771,113.96111455868659,107.84906930607848,0.0
Carrot,1,2022-10-02,127.65748668704322,116.86467630486392,124.05960938441362,115.75206417660617,0.0
Carrot,1,2022-10-09,135.43321193733564,127.65748668704322,135.42506099402365,126.07125402484229,0.0
Carrot,2,2022-10-16,140.31909119620053,135.43321193733564,139.34335430710507,135.16886012235037,0.0
Carrot,2,2022-10-23,142.39507521514662,140.31909119620053,141.06272188966346,139.93173166646687,0.0
Carrot,2,2022-10-30,141.69513464175665,142.39507521514662,140.47825607988554,141.42321808461912,1.0
Carrot,2,2022-11-06,138.2078159030115,141.69513464175665,139.3602050089917,139.8710269948145,0.0
Carrot,2,2022-11-13,135.15411904394574,138.2078159030115,135.2696419280968,136.35167433578127,0.0
Carrot,2,2022-11-20,132.4840744795929,135.15411904394574,132.25769748214873,133.64734116136975,1.0
Carrot,2,2022-11-27,130.1539905716272,132.4840744795929,131.00498326818723,130.9156329693924,0.0
Carrot,2,2022-12-04,128.12573867428188,130.1539905716272,130.55788727223128,129.4698429156633,0.0
Carrot,2,2022-12-11,126.40971764420178,128.12573867428188,125.97759254732244,127.54405712473277,0.0
Carrot,2,2022-12-18,124.97784713725828,126.40971764420178,125.32098516906416,126.59102043007519,0.0
Carrot,2,2022-12-25,123.8066965451559,124.97784713725828,124.59505356033146,125.12386079947733,0.0
Carrot,2,2023-01-01,122.8771015854785,123.8066965451559,123.64226525241067,123.89142680523004,0.0
Carrot,2,2023-01-08,120.92962302984589,122.8771015854785,122.7248143921529,123.00591915866823,0.0
Carrot,2,2023-01-15,117.93239304734766,120.92962302984589,118.55066455820513,120.90571127803915,0.0
Carrot,2,2023-01-22,113.83636605645208,117.93239304734766,115.33352512293104,117.81972861601412,0.0
Carrot,2,2023-01-29,108.57451616094448,113.83636605645208,109.86905604555656,113.53224068785696,0.0
Carrot,2,2023-02-05,102.06074036253472,108.57451616094448,104.02739846903836,107.57506315276959,0.0
Carrot,2,2023-02-12,97.88538124567243,102.06074036253472,97.17161716770576,100.40253103865166,0.0
Carrot,2,2023-02-19,95.9801147520817,97.88538124567243,95.87172949733518,96.7067642450926,0.0
Carrot,2,2023-02-26,96.31376379368557,95.9801147520817,96.43508415200564,94.41140823963053,0.0
Carrot,2,2023-03-05,98.89178808207387,96.31376379368557,99.67122466899886,96.00040566561474,0.0
Carrot,2,2023-03-12,100.9502358148138,98.89178808207387,100.39090090240632,99.01414786453122,0.0
Carrot,2,2023-03-19,102.5227906820774,100.9502358148138,101.80285782528262,100.87295833325786,0.0
Carrot,2,2023-03-26,103.63518539987446,102.5227906820774,102.94809188835508,102.26314179277419,0.0
Carrot,2,2023-04-02,104.3056227908598,103.63518539987446,104.12601156335487,103.02347795091511,0.0
Carrot,2,2023-04-09,104.11355665824485,104.3056227908598,103.3916275068351,103.53136948208676,1.0
Carrot,2,2023-04-16,103.05584410167764,104.11355665824485,103.21981106675614,103.14439616105628,0.0
Carrot,2,2023-04-23,101.11517709750532,103.05584410167764,101.39938004227267,102.3750965330703,0.0
Carrot,2,2023-04-30,98.25979927656869,101.11517709750532,98.81522084093307,100.24500608701109,0.0
Carrot,2,2023-05-07,94.44298627452515,98.25979927656869,95.44521095181484,97.60709903118828,0.0
Carrot,2,2023-05-14,92.35339284323936,94.44298627452515,90.72427861908832,93.58611270265244,0.0
Carrot,2,2023-05-21,91.95682563565391,92.35339284323936,91.84829209439455,92.04782298588043,0.0
Carrot,2,2023-05-28,93.24679537019018,91.95682563565391,93.19907409286937,91.19954951785225,0.0
Carrot,2,2023-06-04,96.24441064250416,93.24679537019018,95.59362687936058,93.82770956954245,0.0
Carrot,2,2023-06-11,102.71885704882088,96.24441064250416,99.62870033946862,96.3737090463633,0.0
Carrot,2,2023-06-18,112.77608007578912,102.71885704882088,109.16803624497199,103.62842470295372,0.0
Carrot,3,2023-06-25,126.58065246385014,112.77608007578912,123.17083287113971,114.83669966845575,0.0
Carrot,3,2023-07-02,144.35846721571778,126.58065246385014,139.6264340821394,127.48532979529774,0.0
Carrot,3,2023-07-09,157.04591358968648,144.35846721571778,159.61465608870728,145.58577811163758,0.0
Carrot,3,2023-07-16,164.850604344603,157.04591358968648,163.36725391628997,157.85511322090062,1.0
Carrot,3,2023-07-23,167.90025260191152,164.850604344603,166.2444810781709,162.54317455410617,0.0
Carrot,3,2023-07-30,166.2447616967316,167.90025260191152,164.83462086088502,162.75309016447255,0.0
Carrot,3,2023-08-06,159.85704177788753,166.2447616967316,163.43165091259664,160.23454259959414,0.0
Carrot,3,2023-08-13,154.07362199405986,159.85704177788753,153.23980334211768,153.93635648659725,0.0
Carrot,3,2023-08-20,148.79986456696784,154.07362199405986,149.0814391645793,148.2081487236436,1.0
Carrot,3,2023-08-27,143.94947164780447,148.79986456696784,145.85961015746128,142.76475647752082,0.0
Carrot,3,2023-09-03,139.4430731706198,143.94947164780447,142.81309296314515,138.35877674347708,0.0
Carrot,3,2023-09-10,136.7821075103698,139.4430731706198,136.09462120064535,137.0972412995871,0.0
Carrot,3,2023-09-17,135.92303159261397,136.7821075103698,135.0491948853561,134.9636307142196,0.0
Carrot,3,2023-09-24,136.85178781142542,135.92303159261397,137.47606789124677,135.39716508413008,0.0
Carrot,3,2023-10-01,139.58357399583923,136.85178781142542,139.97290246063605,136.02924210419962,0.0
Carrot,3,2023-10-08,141.82084032407113,139.58357399583923,141.8442668682676,138.59502649189102,0.0
Carrot,3,2023-10-15,143.60019660876483,141.82084032407113,142.77864275389277,140.63206609597512,0.0
Carrot,3,2023-10-22,144.95075958912446,143.60019660876483,144.80719935778586,142.78467453406543,0.0
Carrot,3,2023-10-29,145.89462938664684,144.95075958912446,145.4290073254407,143.8352543706186,0.0
Carrot,3,2023-11-05,146.44725114347315,145.89462938664684,146.0023742015609,144.6559390103651,0.0
Carrot,3,2023-11-12,146.8859843640936,146.44725114347315,146.85316969185953,145.08558124544,0.0
Carrot,3,2023-11-19,147.21800831939106,146.8859843640936,147.07493871058898,145.35343867832546,0.0
Carrot,3,2023-11-26,147.44875612863402,147.21800831939106,147.3598598814561,146.12884692336445,0.0
Carrot,3,2023-12-03,147.58200366506463,147.44875612863402,147.53610888643942,146.5549820364366,0.0
Carrot,3,2023-12-10,148.5495543033295,147.58200366506463,147.64202135832647,146.6898760915745,0.0
Carrot,3,2023-12-17,150.3672406902366,148.5495543033295,149.83626764690598,145.85637016598514,0.0
Carrot,3,2023-12-24,153.0648067848443,150.3672406902366,152.34065742829583,147.57472302818826,0.0
Carrot,3,2023-12-31,156.6863945777918,153.0648067848443,155.77661206708535,150.44276341364375,0.0
Carrot,3,2024-01-07,161.29126641478172,156.6863945777918,159.69429926323602,151.5115636642481,0.0
Carrot,3,2024-01-14,161.62099760660325,161.29126641478172,165.1621668559437,155.59227177824607,0.0
Carrot,3,2024-01-21,157.68098375457694,161.62099760660325,159.35704855433642,155.52114218362962,0.0
Carrot,3,2024-01-28,149.40675190476065,157.68098375457694,150.92280061244952,151.68003675598075,1.0
Carrot,3,2024-02-04,136.66290553597543,149.40675190476065,139.30823354577237,143.15040329483634,0.0
Carrot,3,2024-02-11,126.97473090255426,136.66290553597543,125.0059330996994,131.05757649926278,1.0
Carrot,3,2024-02-18,120.18369423776824,126.97473090255426,122.15935147961943,125.41560655200647,0.0
Carrot,3,2024-02-25,116.1786694871028,120.18369423776824,117.42706484614281,119.51594012409407,0.0
Carrot,4,2024-03-03,114.89411988191073,116.1786694871028,116.04538490988166,114.63124052153425,0.0
Carrot,4,2024-03-10,113.05380933223157,114.89411988191073,114.71463829020112,113.76315226487581,0.0
Carrot,4,2024-03-17,110.62762366543436,113.05380933223157,110.60824402076003,112.42315267262845,0.0
Carrot,4,2024-03-24,107.575861661517,110.62762366543436,108.16235817983292,109.99944006214761,0.0
Carrot,4,2024-03-31,103.84858539677894,107.575861661517,104.12621109625104,106.30046281107602,0.0
Carrot,4,2024-04-07,99.3848030777972,103.84858539677894,101.07512579506681,102.18532219506538,0.0
Carrot,4,2024-04-14,97.3580181778923,99.3848030777972,94.83783217915948,97.89821841440609,1.0
Carrot,4,2024-04-21,97.73506512597488,97.3580181778923,97.1918143022196,95.7553525151268,0.0
Carrot,4,2024-04-28,100.52211378119536,97.73506512597488,99.96347211498468,96.69856121495651,0.0
Carrot,4,2024-05-05,105.7647703942756,100.52211378119536,105.22958449457782,99.62729982636519,0.0
Carrot,4,2024-05-12,108.3708470415037,105.7647703942756,110.59314235700451,104.78120643467706,0.0
Carrot,4,2024-05-19,108.38298861347072,108.3708470415037,108.54017971394619,107.15737145651987,0.0
Carrot,4,2024-05-26,105.8013937904452,108.38298861347072,106.51782597224854,107.13744930587642,0.0
Carrot,4,2024-06-02,100.5838182935048,105.8013937904452,101.11553031267619,104.08251122971522,1.0
Carrot,4,2024-06-09,101.16828761837886,100.5838182935048,96.35851112214601,98.5538848408986,0.0
Carrot,4,2024-06-16,107.5643658085653,101.16828761837886,105.42686097633649,99.92203686974452,0.0
Carrot,4,2024-06-23,119.8767159617218,107.5643658085653,117.38888608057803,108.663304392893,0.0
Carrot,4,2024-06-30,138.30681289853618,119.8767159617218,134.81037997388034,123.43168026569214,0.0
Carrot,4,2024-07-07,163.15624002342918,138.30681289853618,155.3377654345367,143.38651527585552,1.0
Carrot,4,2024-07-14,180.4043703794468,163.15624002342918,185.1018104724756,167.21039871102073,0.0
Carrot,4,2024-07-21,190.33344609968756,180.4043703794468,189.9216354667516,181.1716784358013,0.0
Carrot,4,2024-07-28,193.1059429686645,190.33344609968756,191.1404308363736,189.55330230228995,0.0
Carrot,4,2024-08-04,188.76722911696083,193.1059429686645,186.5206117524835,189.9094646018127,0.0
Carrot,4,2024-08-11,183.83431652478953,188.76722911696083,183.16365336461473,185.20910552839882,0.0
Carrot,4,2024-08-18,178.22648480427864,183.83431652478953,181.1367283953065,180.07699325971384,0.0
Carrot,4,2024-08-25,171.85196943636524,178.22648480427864,173.22147981613284,174.58025839818123,0.0
Carrot,4,2024-09-01,164.60646016957446,171.85196943636524,167.30114392311006,167.98591037150013,0.0
Carrot,4,2024-09-08,159.1826968573805,164.60646016957446,158.4754561012453,160.9717019355504,1.0
Carrot,4,2024-09-15,155.49192700922032,159.1826968573805,156.4487443009177,155.59841183655226,0.0
Carrot,4,2024-09-22,153.4737562093966,155.49192700922032,154.39374762719584,152.9884773307993,0.0
Carrot,4,2024-09-29,153.09515984482144,153.4737562093966,153.98782087327854,150.65285004713465,0.0
Carrot,4,2024-10-06,154.34994270225627,153.09515984482144,153.4448718089498,152.16706140465115,1.0
Carrot,4,2024-10-13,152.9952687337854,154.34994270225627,156.00044692365262,153.4907092632876,0.0
Carrot,4,2024-10-20,149.00897054719746,152.9952687337854,150.98730233687436,152.163178654001,0.0
Carrot,4,2024-10-27,142.32581780853013,149.00897054719746,143.98060778905585,147.9701972489339,0.0
Carrot,4,2024-11-03,132.83644983660514,142.32581780853013,134.31606035087174,141.21348522605638,0.0
Eggplant,1,2022-02-06,78.45229596606778,83.85882540663444,81.29810349077273,83.3997869404193,0.0
Eggplant,1,2022-02-13,75.10936394317118,78.45229596606778,73.38768794394372,78.08914522043752,0.0
Eggplant,1,2022-02-20,73.82866487589415,75.10936394317118,73.75913906562612,75.79417279345957,0.0
Eggplant,1,2022-02-27,74.60967602992359,73.82866487589415,75.12493326645013,73.04167995539244,0.0
Eggplant,1,2022-03-06,77.45271618532233,74.60967602992359,78.58813922997949,74.11397865081135,0.0
Eggplant,1,2022-03-13,78.80862967370057,77.45271618532233,79.83383910571872,77.38988656418614,0.0
Eggplant,1,2022-03-20,78.67796992913493,78.80862967370057,78.70333391257009,79.00272379515671,0.0
Eggplant,1,2022-03-27,77.0606836211178,78.67796992913493,77.5580775272474,79.84526443139323,1.0
Eggplant,1,2022-04-03,73.95611063278865,77.0606836211178,74.71434665660561,77.23872847671244,1.0
Eggplant,1,2022-04-10,72.53205930447508,73.95611063278865,70.9872402075625,74.43441770113658,1.0
Eggplant,1,2022-04-17,72.78794839073721,72.53205930447508,72.38699449644899,72.49490606045653,0.0
Eggplant,1,2022-04-24,74.72388233609986,72.78794839073721,74.46493631253531,72.34690709997717,0.0
Eggplant,1,2022-05-01,78.34065131768303,74.72388233609986,78.07813671557092,74.0804926342566,0.0
Eggplant,1,2022-05-08,81.27055998704675,78.34065131768303,81.02020254782985,77.67367522343712,0.0
Eggplant,1,2022-05-15,83.51480422528,81.27055998704675,82.6927774928642,80.44024582765344,0.0
Eggplant,1,2022-05-22,85.07430005043933,83.51480422528,84.39384755668623,83.07473496706696,1.0
Eggplant,1,2022-05-29,85.94968399143308,85.07430005043933,85.16310119056821,84.73252379864643,0.0
Eggplant,1,2022-06-05,86.14131334782861,85.94968399143308,86.12031381323838,85.35709365940183,0.0
Eggplant,1,2022-06-12,85.69355720924018,86.14131334782861,85.5425002572883,85.44979361058496,0.0
Eggplant,1,2022-06-19,84.60623281806006,85.69355720924018,84.5648592629358,84.9674120609629,1.0
Eggplant,1,2022-06-26,82.87889636841403,84.60623281806006,83.00726088739167,83.71509241669669,0.0
Eggplant,1,2022-07-03,80.51084282501655,82.87889636841403,81.06205700018367,82.20471276131259,0.0
Eggplant,1,2022-07-10,79.21936896957801,80.51084282501655,78.1252940071857,79.8215694676252,0.0
Eggplant,1,2022-07-17,79.00394766991123,79.21936896957801,78.67108154925516,78.50875583805488,0.0
Eggplant,1,2022-07-24,79.86449099895641,79.00394766991123,79.82593831922074,78.1123190469025,1.0
Eggplant,1,2022-07-31,81.80135019888804,79.86449099895641,81.62082357551196,78.97286237594768,0.0
Eggplant,1,2022-08-07,84.81531582448157,81.80135019888804,83.37626660813704,80.72453030219005,0.0
Eggplant,1,2022-08-14,85.42674891958974,84.81531582448157,87.6406206539927,83.76361749741706,0.0
Eggplant,1,2022-08-21,83.63589904874244,85.42674891958974,84.63881034088807,84.37505059252523,0.0
Eggplant,1,2022-08-28,79.44203525280751,83.63589904874244,80.10810210890806,82.52688596814552,0.0
Eggplant,1,2022-09-04,72.84344575064496,79.44203525280751,73.41491860396586,78.36353760456838,0.0
Eggplant,1,2022-09-11,69.76711589684534,72.84344575064496,67.43931050344415,72.69915783660726,1.0
Eggplant,1,2022-09-18,70.21179004657166,69.76711589684534,69.89628283440128,69.62282798280764,0.0
Eggplant,1,2022-09-25,74.17764969947474,70.21179004657166,73.56557205433312,69.62865479934113,0.0
Eggplant,1,2022-10-02,81.66631357378289,74.17764969947474,80.70251183713297,74.03403133931296,0.0
Eggplant,1,2022-10-09,87.20011210172198,81.66631357378289,88.22945394618235,82.39023791260048,0.0
Eggplant,2,2022-10-16,90.7813039765696,87.20011210172198,89.89340189130007,87.8836012455704,0.0
Eggplant,2,2022-10-23,92.41135090929517,90.7813039765696,91.46500492534851,90.57497483948273,0.0
Eggplant,2,2022-10-30,92.090918225176,92.41135090929517,91.19759345873653,91.47039276701459,1.0
Eggplant,2,2022-11-06,89.81987513536275,92.090918225176,91.2675996998237,90.56041077984061,0.0
Eggplant,2,2022-11-13,88.38376690622728,89.81987513536275,87.21323977190868,88.13664413923085,0.0
Eggplant,2,2022-11-20,87.78200737114629,88.38376690622728,87.26447167118475,86.94452215906541,1.0
Eggplant,2,2022-11-27,88.01435091398254,87.78200737114629,88.08200374128023,86.65156856651983,0.0
Eggplant,2,2022-12-04,89.08089236883553,88.01435091398254,90.06427285677326,87.66551347873703,0.0
Eggplant,2,2022-12-11,89.54308231416611,89.08089236883553,89.66572126230915,88.69263882903489,0.0
Eggplant,2,2022-12-18,89.40110939893181,89.54308231416611,89.27718458886704,89.15482877436547,0.0
Eggplant,2,2022-12-25,88.6549156750042,89.40110939893181,88.98741487092107,89.05913961085732,0.0
Eggplant,2,2023-01-01,87.30419657351571,88.6549156750042,87.86974676117318,88.10915182479211,0.0
Eggplant,2,2023-01-08,88.1347665272689,87.30419657351571,86.23004575286757,86.75843272330361,0.0
Eggplant,2,2023-01-15,91.14696454440596,88.1347665272689,90.15158269197961,87.5890026770568,0.0
Eggplant,2,2023-01-22,96.34202009350692,91.14696454440596,95.58443986791801,90.58300923739912,0.0
Eggplant,2,2023-01-29,103.72205360540774,96.34202009350692,102.68194059217939,95.43114292532836,0.0
Eggplant,2,2023-02-05,113.290077338684,103.72205360540774,110.00915350321289,102.56941648134615,0.0
Eggplant,2,2023-02-12,119.02824091554204,113.290077338684,121.80457878825548,112.09473670529167,0.0
Eggplant,2,2023-02-19,120.93888644356356,119.02824091554204,121.48219635200365,118.08549219012777,0.0
Eggplant,2,2023-02-26,119.02279377806646,120.93888644356356,119.07779418205777,119.73399655003176,0.0
Eggplant,2,2023-03-05,113.279180840412,119.02279377806646,113.12323321592598,118.13262385952932,0.0
Eggplant,2,2023-03-12,108.87090859842694,113.279180840412,108.26792364152415,112.40493275300584,0.0
Eggplant,2,2023-03-19,105.79617775731973,108.87090859842694,107.15100535320727,107.86594782305157,0.0
Eggplant,2,2023-03-26,104.05373332490925,105.79617775731973,104.87677756243049,104.72209919744424,0.0
Eggplant,2,2023-04-02,103.64286409938678,104.05373332490925,104.55814208489552,103.15265778293613,0.0
Eggplant,2,2023-04-09,102.92197213951,103.64286409938678,103.45571136024809,102.7640409382616,1.0
Eggplant,2,2023-04-16,101.89076320366225,102.92197213951,102.2964484538541,101.97651789966473,0.0
Eggplant,2,2023-04-23,100.54881639023633,101.89076320366225,100.86665530523861,100.96350036100706,0.0
Eggplant,2,2023-04-30,98.8955839658404,100.54881639023633,99.0876305769912,99.1839793397984,0.0
Eggplant,2,2023-05-07,96.93039114172848,98.8955839658404,97.43768693112735,97.70557377583033,0.0
Eggplant,2,2023-05-14,95.17250788245408,96.93039114172848,95.19316390779453,95.78483040030392,0.0
Eggplant,2,2023-05-21,93.62121668464704,95.17250788245408,93.79069864429873,93.96881580386369,0.0
Eggplant,2,2023-05-28,92.27588436822543,93.62121668464704,92.47637169239994,92.4396494925694,0.0
Eggplant,2,2023-06-04,91.1359618179588,92.27588436822543,91.32202308723082,91.67388848285327,0.0
Eggplant,2,2023-06-11,89.89386574624827,91.1359618179588,90.20697012128046,90.72171546743199,0.0
Eggplant,2,2023-06-18,88.54908917510626,89.89386574624827,88.63792899006586,89.33271519540598,0.0
Eggplant,3,2023-06-25,87.10108321613576,88.54908917510626,87.29501515280222,87.85082171523688,0.0
Eggplant,3,2023-07-02,85.54925684649676,87.10108321613576,85.56500858982687,86.35640877193715,0.0
Eggplant,3,2023-07-09,84.15643643809359,85.54925684649676,84.31767857199131,84.81180666405886,0.0
Eggplant,3,2023-07-16,82.92205349280017,84.15643643809359,83.17313501483095,83.47208260966342,1.0
Eggplant,3,2023-07-23,81.84560418084244,82.92205349280017,81.879962670412,82.16379985882419,0.0
Eggplant,3,2023-07-30,80.92664913515536,81.84560418084244,81.19897121977765,81.25140440419297,0.0
Eggplant,3,2023-08-06,80.16481327204623,80.92664913515536,80.17587960711346,81.14885478894202,0.0
Eggplant,3,2023-08-13,79.12637683972163,80.16481327204623,79.77224320929585,79.85096382288852,0.0
Eggplant,3,2023-08-20,77.81091598657623,79.12637683972163,78.0803327957546,78.70022359713359,1.0
Eggplant,3,2023-08-27,76.2178937898126,77.81091598657623,76.58563661145689,77.7566167512323,0.0
Eggplant,3,2023-09-03,74.34666003629015,76.2178937898126,74.6806763780534,76.0551936880794,0.0
Eggplant,3,2023-09-10,73.45964342564504,74.34666003629015,72.91924785882739,74.43030943318651,0.0
Eggplant,3,2023-09-17,73.5564819102815,73.45964342564504,73.50485309605001,73.91787699073713,0.0
Eggplant,3,2023-09-24,74.63721501611168,73.5564819102815,74.34063178681215,73.76693910115274,0.0
Eggplant,3,2023-10-01,76.70228385868894,74.63721501611168,76.43886131241878,75.12958913825447,0.0
Eggplant,3,2023-10-08,78.22634690976055,76.70228385868894,78.52346400362721,77.6250486964308,0.0
Eggplant,3,2023-10-15,79.21002623587744,78.22634690976055,79.09056651836438,78.42470714425953,0.0
Eggplant,3,2023-10-22,79.65372333880556,79.21002623587744,79.23773372275357,78.80108434110777,0.0
Eggplant,3,2023-10-29,79.55761931940255,79.65372333880556,79.39882528982093,78.98408422824038,0.0
Eggplant,3,2023-11-05,78.9216749515398,79.55761931940255,79.3444300587824,79.02365194364724,0.0
Eggplant,3,2023-11-12,78.39872934815084,78.9216749515398,78.24687589365871,78.27660439871387,0.0
Eggplant,3,2023-11-19,77.98856906205164,78.39872934815084,77.92199115458365,78.00476148125325,0.0
Eggplant,3,2023-11-26,77.69102668088057,77.98856906205164,77.81124370908832,77.81478589385496,0.0
Eggplant,3,2023-12-03,77.50598075876714,77.69102668088057,77.94256186929285,77.40582063119986,0.0
Eggplant,3,2023-12-10,77.6193913447827,77.50598075876714,77.44694974667462,77.43911153713942,0.0
Eggplant,3,2023-12-17,78.03130472896272,77.6193913447827,77.84770397107044,77.76045667409598,0.0
Eggplant,3,2023-12-24,78.74188903921915,78.03130472896272,78.77860915044536,77.90228919384653,0.0
Eggplant,3,2023-12-31,79.75143430996378,78.74188903921915,79.93977622305957,78.66103587502313,0.0
Eggplant,3,2024-01-07,81.06035260049124,79.75143430996378,80.76386041473704,79.90332066882094,0.0
Eggplant,3,2024-01-14,83.52722817345513,81.06035260049124,82.36361302386334,81.64459267941733,0.0
Eggplant,3,2024-01-21,87.15306791684431,83.52722817345513,86.37136686629653,84.04031699581994,0.0
Eggplant,3,2024-01-28,91.93935176524782,87.15306791684431,91.34093044591124,87.26274505278867,1.0
Eggplant,3,2024-02-04,97.88803330391,91.93935176524782,96.36941686014711,92.82506426963472,0.0
Eggplant,3,2024-02-11,101.84356655378146,97.88803330391,103.4036785586699,98.68085238664698,1.0
Eggplant,3,2024-02-18,103.8075660182292,101.84356655378146,103.37985903095147,100.85685946244998,0.0
Eggplant,3,2024-02-25,103.780833329688,103.8075660182292,104.03649782319691,102.74513575566358,0.0
Eggplant,4,2024-03-03,101.76335757685628,103.780833329688,101.75089923239935,103.28360983325092,0.0
Eggplant,4,2024-03-10,100.18920800526897,101.76335757685628,99.88131462129493,101.25761818600621,0.0
Eggplant,4,2024-03-17,99.0577421048978,100.18920800526897,99.51013812568536,99.62166592915813,0.0
Eggplant,4,2024-03-24,98.36849805292566,99.0577421048978,98.80305113983927,98.17704443729907,0.0
Eggplant,4,2024-03-31,98.12119452524952,98.36849805292566,98.47586854895798,97.66046621975381,0.0
Eggplant,4,2024-04-07,98.31573058165488,98.12119452524952,97.94315005540481,97.63011158872418,0.0
Eggplant,4,2024-04-14,99.13506007024638,98.31573058165488,98.44554572682144,97.87106699742255,1.0
Eggplant,4,2024-04-21,100.57951741122412,99.13506007024638,100.26069361327711,98.65680521556727,0.0
Eggplant,4,2024-04-28,102.6496921790132,100.57951741122412,102.04485539143606,99.79591416024374,0.0
Eggplant,4,2024-05-05,105.34642934290606,102.6496921790132,104.3643967158842,101.95883786802382,0.0
Eggplant,4,2024-05-12,107.11822856541096,105.34642934290606,107.29916481459954,104.56241785971362,0.0
Eggplant,4,2024-05-19,107.9658130298846,107.11822856541096,107.74018471934443,106.34346122618138,0.0
Eggplant,4,2024-05-26,107.8895286891692,107.9658130298846,107.48396722827192,107.33062087404659,0.0
Eggplant,4,2024-06-02,106.8893444067992,107.8895286891692,106.40549770961357,107.23329061009815,1.0
Eggplant,4,2024-06-09,105.2924781427362,106.8893444067992,105.65245534744813,106.27055258818042,0.0
Eggplant,4,2024-06-16,103.09827811483196,105.2924781427362,103.60560250120626,104.64333933448577,0.0
Eggplant,4,2024-06-23,100.30584873123816,103.09827811483196,100.76326338982904,102.49319166902355,0.0
Eggplant,4,2024-06-30,96.91405022485976,100.30584873123816,97.43642550739283,99.56799127026251,0.0
Eggplant,4,2024-07-07,92.92149818814252,96.91405022485976,93.9258111224399,96.2911078964067,1.0
Eggplant,4,2024-07-14,90.22437575246018,92.92149818814252,89.42003543243123,91.98676414168332,0.0
Eggplant,4,2024-07-21,88.82158205151184,90.22437575246018,88.85874610654363,89.24119648123902,0.0
Eggplant,4,2024-07-28,88.71254451644053,88.82158205151184,88.82006515790351,88.52159232139213,0.0
Eggplant,4,2024-08-04,89.89721864212966,88.71254451644053,90.00462611124962,88.60412388366093,0.0
Eggplant,4,2024-08-11,90.08020433367632,89.89721864212966,91.06269752573526,89.58103561152434,0.0
Eggplant,4,2024-08-18,89.26157627911728,90.08020433367632,89.43601507332659,89.79368823350809,0.0
Eggplant,4,2024-08-25,87.44100034455393,89.26157627911728,87.67268468773375,88.581462963535,0.0
Eggplant,4,2024-09-01,84.61773343776686,87.44100034455393,85.04047811908853,86.84158605555628,0.0
Eggplant,4,2024-09-08,82.71963452110244,84.61773343776686,82.15043239038725,83.94784428571684,1.0
Eggplant,4,2024-09-15,81.74592886030821,82.71963452110244,81.9970164237156,82.27768846163703,0.0
Eggplant,4,2024-09-22,81.69621902450275,81.74592886030821,81.73979090300811,81.64777510523943,0.0
Eggplant,4,2024-09-29,82.57048472395714,81.69621902450275,82.69931460967253,81.99488553150844,0.0
Eggplant,4,2024-10-06,84.36908280181372,82.57048472395714,83.41337119575553,82.9811938964444,1.0
Eggplant,4,2024-10-13,86.00856078567115,84.36908280181372,86.1976324120209,84.15312988388025,0.0
Eggplant,4,2024-10-20,87.48958785021661,86.00856078567115,87.23752404927315,85.78184782864658,0.0
Eggplant,4,2024-10-27,88.81276849629275,87.48958785021661,88.54191068626464,87.39991373503564,0.0
Eggplant,4,2024-11-03,89.97864279763282,88.81276849629275,89.10686428841268,88.52468333365313,0.0
Native garlic,1,2022-02-06,135.72482439050685,138.4608243865939,135.94542097416394,138.12480320167265,0.0
Native garlic,1,2022-02-13,133.79037485514925,135.72482439050685,134.63040757813738,135.11151876220714,0.0
Native garlic,1,2022-02-20,132.63598189679507,133.79037485514925,132.27190373692744,133.71113287155674,0.0
Native garlic,1,2022-02-27,132.24881892701814,132.63598189679507,132.41284831316685,132.46606371728305,0.0
Native garlic,1,2022-03-06,132.62458413504308,132.24881892701814,134.4205704087718,132.41010429760644,0.0
Native garlic,1,2022-03-13,132.5261316440753,132.62458413504308,130.6793555181695,132.50210215561336,0.0
Native garlic,1,2022-03-20,131.95236753754847,132.5261316440753,132.3884002701004,132.0429829500369,0.0
Native garlic,1,2022-03-27,130.8969166587234,131.95236753754847,130.86699887584697,131.57223802142374,1.0
Native garlic,1,2022-04-03,129.34805177561313,130.8969166587234,129.79144198758885,130.5353591750503,1.0
Native garlic,1,2022-04-10,128.66015860604884,129.34805177561313,127.01153548242758,129.1491683315423,1.0
Native garlic,1,2022-04-17,128.82559389259092,128.66015860604884,127.8715151076056,128.2184720950091,0.0
Native garlic,1,2022-04-24,129.8461958050898,128.82559389259092,129.5458552739679,128.40821320201627,0.0
Native garlic,1,2022-05-01,131.73330436479552,129.8461958050898,130.65674766302075,129.99549898804935,0.0
Native garlic,1,2022-05-08,132.44894996980813,131.73330436479552,132.96987152820736,131.64566720109684,0.0
Native garlic,1,2022-05-15,132.00108423796107,132.44894996980813,132.02518332792764,132.57446242074158,0.0
Native garlic,1,2022-05-22,130.38473088334496,132.00108423796107,130.52315040011183,131.9426456015985,1.0
Native garlic,1,2022-05-29,127.5819304242418,130.38473088334496,127.88476907870606,129.76515985320503,0.0
Native garlic,1,2022-06-05,123.56154063332826,127.5819304242418,124.60505421412161,127.12867643979051,0.0
Native garlic,1,2022-06-12,120.67557676267916,123.56154063332826,121.21469948629333,123.91057908523828,0.0
Native garlic,1,2022-06-19,118.89197254706504,120.67557676267916,119.13627183320527,121.14419002962404,1.0
Native garlic,1,2022-06-26,118.19091016186805,118.89197254706504,119.09910447239002,120.48111093569877,0.0
Native garlic,1,2022-07-03,118.5646000250303,118.19091016186805,119.98500067627573,120.72655946148963,0.0
Native garlic,1,2022-07-10,119.43385855917089,118.5646000250303,119.50820615615505,120.40109339794748,0.0
Native garlic,1,2022-07-17,120.80834419244688,119.43385855917089,121.03579721315876,120.56510631803624,0.0
Native garlic,1,2022-07-24,122.7033289874502,120.80834419244688,122.76369238197097,121.87280888074797,1.0
Native garlic,1,2022-07-31,125.13986833079204,122.7033289874502,125.41111044748622,124.22638883242091,0.0
Native garlic,1,2022-08-07,128.1450348818429,125.13986833079204,127.33848412396158,127.76387555582866,0.0
Native garlic,1,2022-08-14,129.55103591460613,128.1450348818429,131.1514151678828,130.48349604250268,0.0
Native garlic,1,2022-08-21,129.3734936627792,129.55103591460613,130.2011893929867,131.61743834990887,0.0
Native garlic,1,2022-08-28,127.61043543467504,129.3734936627792,128.148562562861,131.22384618849026,0.0
Native garlic,1,2022-09-04,124.24227169442588,127.61043543467504,124.5223434390783,128.25336898217182,0.0
Native garlic,1,2022-09-11,122.4066155002372,124.24227169442588,121.67431341921545,125.09360155749732,1.0
Native garlic,1,2022-09-18,122.0830706721736,122.4066155002372,122.24602637776029,123.52206731298133,0.0
Native garlic,1,2022-09-25,123.26804226770098,122.0830706721736,122.92439251192782,124.82101789774428,0.0
Native garlic,1,2022-10-02,125.9746966378808,123.26804226770098,125.73880829191391,128.0858756913155,0.0
Native garlic,1,2022-10-09,128.52105511652184,125.9746966378808,127.72960908487354,130.27905130554439,0.0
Native garlic,2,2022-10-16,130.93541057560907,128.52105511652184,130.05160427400855,129.66229332910729,0.0
Native garlic,2,2022-10-23,133.24458918691002,130.93541057560907,132.20218960726368,131.88386161778436,0.0
Native garlic,2,2022-10-30,135.47424849055037,133.24458918691002,134.18253397167484,133.16541702270828,1.0
Native garlic,2,2022-11-06,137.64916247879268,135.47424849055037,135.55417800166617,135.8909779407762,0.0
Native garlic,2,2022-11-13,138.8935682458471,137.64916247879268,140.26421375608467,137.47913431380988,0.0
Native garlic,2,2022-11-20,139.2212925224586,138.8935682458471,138.59310520789276,138.9976500255655,1.0
Native garlic,2,2022-11-27,138.63597668947853,139.2212925224586,138.21915556894115,139.1123406781836,0.0
Native garlic,2,2022-12-04,137.13111723765144,138.63597668947853,137.93405971971353,137.93155457319892,0.0
Native garlic,2,2022-12-11,136.2131853792193,137.13111723765144,134.75711406058534,137.56301681503066,0.0
Native garlic,2,2022-12-18,135.87198187131062,136.2131853792193,136.47486953396273,136.30813515366341,0.0
Native garlic,2,2022-12-25,136.10371556383754,135.87198187131062,136.11143626591195,136.00146001297608,0.0
Native garlic,2,2023-01-01,136.9109612756059,136.10371556383754,136.96987207191015,136.2641610900798,0.0
Native garlic,2,2023-01-08,136.75882209019284,136.9109612756059,138.55024063434126,137.04043941727136,0.0
Native garlic,2,2023-01-15,135.6456075722049,136.75882209019284,135.78197850376299,136.6563741259418,0.0
Native garlic,2,2023-01-22,133.55894867144218,135.6456075722049,134.4238789954741,135.445338498957,0.0
Native garlic,2,2023-01-29,130.47566028900735,133.55894867144218,131.02241264189908,133.11949208937278,0.0
Native garlic,2,2023-02-05,126.36148366509552,130.47566028900735,127.84872687946941,129.84422853060357,0.0
Native garlic,2,2023-02-12,123.71631536664847,126.36148366509552,123.75180115488135,125.92073235093231,0.0
Native garlic,2,2023-02-19,122.51076463479453,123.71631536664847,122.25977412544194,123.1546433943737,0.0
Native garlic,2,2023-02-26,122.73143646140194,122.51076463479453,122.81465771485169,122.66077779848032,0.0
Native garlic,2,2023-03-05,124.38078275565528,122.73143646140194,125.63884136580562,122.59077434260941,0.0
Native garlic,2,2023-03-12,125.28400812089524,124.38078275565528,124.51687520448804,125.42301467303656,0.0
Native garlic,2,2023-03-19,125.4511483945134,125.28400812089524,125.30717471906183,126.75311872899613,0.0
Native garlic,2,2023-03-26,124.88406069066104,125.4511483945134,124.71476017087377,126.61504102127579,0.0
Native garlic,2,2023-04-02,123.5764440348509,124.88406069066104,124.37138955202364,126.33127922799167,0.0
Native garlic,2,2023-04-09,123.27765851815444,123.5764440348509,120.66766192730115,123.883725111759,1.0
Native garlic,2,2023-04-16,123.9843843014973,123.27765851815444,123.18435584902228,123.4414276291917,0.0
Native garlic,2,2023-04-23,125.70447389358324,123.9843843014973,125.25319659865885,125.39220094998058,0.0
Native garlic,2,2023-04-30,128.45703940099094,125.70447389358324,127.80970074322441,126.9247543024425,0.0
Native garlic,2,2023-05-07,132.27266488491392,128.45703940099094,130.13225968183195,129.5391713828406,0.0
Native garlic,2,2023-05-14,136.13628355313102,132.27266488491392,134.76735531874556,133.48329136787748,0.0
Native garlic,2,2023-05-21,140.09082450195572,136.13628355313102,139.24901639014857,135.85975269127647,0.0
Native garlic,2,2023-05-28,144.1802270752639,140.09082450195572,142.64455211326216,139.81429364010117,0.0
Native garlic,2,2023-06-04,148.44992907942563,144.1802270752639,145.85538889534348,143.43034640376274,0.0
Native garlic,2,2023-06-11,150.7353182052335,148.44992907942563,152.4627796546374,147.94460191429883,0.0
Native garlic,2,2023-06-18,151.06178766519648,150.7353182052335,151.43632021154866,149.90830542790502,0.0
Native garlic,3,2023-06-25,149.43296489775864,151.06178766519648,149.62508898887847,150.9374186623178,0.0
Native garlic,3,2023-07-02,145.8307518721706,149.43296489775864,146.4517707159175,149.00578842223373,0.0
Native garlic,3,2023-07-09,143.5664565378923,145.8307518721706,143.2017239471112,145.406303680051,0.0
Native garlic,3,2023-07-16,142.6149200578762,143.5664565378923,143.34040467292905,141.30331705157943,1.0
Native garlic,3,2023-07-23,142.96556980456657,142.6149200578762,143.49172587753426,140.2176188608242,0.0
Native garlic,3,2023-07-30,144.62230188625992,142.96556980456657,145.12940620540613,141.02732713069267,0.0
Native garlic,3,2023-08-06,147.60352443719734,144.62230188625992,146.73685719540367,144.07421035546005,0.0
Native garlic,3,2023-08-13,150.73698771331405,147.60352443719734,150.83829944715234,147.05872451330055,0.0
Native garlic,3,2023-08-20,154.0575079732335,150.73698771331405,153.63739501137542,150.2452072236309,1.0
Native garlic,3,2023-08-27,157.60197988651043,154.0575079732335,156.64013880282786,152.89097569517259,0.0
Native garlic,3,2023-09-03,161.4097864744034,157.60197988651043,159.67159208336798,155.2801014532829,0.0
Native garlic,3,2023-09-10,164.023766600138,161.4097864744034,164.6577523745284,159.3271095868912,0.0
Native garlic,3,2023-09-17,165.47296448733343,164.023766600138,165.27372116647362,162.78913315439826,0.0
Native garlic,3,2023-09-24,165.77348233473634,165.47296448733343,165.25925935511586,165.3687985905601,0.0
Native garlic,3,2023-10-01,164.92865922954007,165.77348233473634,164.65051929680814,165.3866072417531,0.0
Native garlic,3,2023-10-08,164.77308431448117,164.92865922954007,163.62039019820708,164.68108458723947,0.0
Native garlic,3,2023-10-15,165.3050289793923,164.77308431448117,164.96739940839063,162.5932880956091,0.0
Native garlic,3,2023-10-22,166.53040372055025,165.3050289793923,166.0327763069801,164.07020634851003,0.0
Native garlic,3,2023-10-29,168.46282381285678,166.53040372055025,168.04510703948517,165.59266983192416,0.0
Native garlic,3,2023-11-05,171.12376059067086,168.46282381285678,169.61799254536186,168.518867556944,0.0
Native garlic,3,2023-11-12,173.3586607309816,171.12376059067086,173.35764413586432,170.85745189559296,0.0
Native garlic,3,2023-11-19,175.19235645757024,173.3586607309816,174.64436301598627,172.8780772420404,0.0
Native garlic,3,2023-11-26,176.64522216739886,175.19235645757024,175.9152755552904,175.44211002216642,0.0
Native garlic,3,2023-12-03,177.7334008127989,176.64522216739886,176.76044055425496,177.08906830373041,0.0
Native garlic,3,2023-12-10,179.03996603849376,177.7334008127989,178.40104368067392,178.12505011861936,0.0
Native garlic,3,2023-12-17,180.57943523588008,179.03996603849376,180.3107253825171,180.02223896148647,0.0
Native garlic,3,2023-12-24,182.36891361826216,180.57943523588008,181.66573157486286,181.25203633966274,0.0
Native garlic,3,2023-12-31,184.4282842787776,182.36891361826216,183.76285635515188,183.22421732300077,0.0
Native garlic,3,2024-01-07,186.78042911365435,184.4282842787776,186.1184433450923,185.5302860650096,0.0
Native garlic,3,2024-01-14,188.7664641377572,186.78042911365435,188.71201855753276,187.20078881457255,0.0
Native garlic,3,2024-01-21,190.40845640690955,188.7664641377572,189.93559265277466,188.5617873606328,0.0
Native garlic,3,2024-01-28,191.72465027965757,190.40845640690955,191.00015125803566,189.9794932821575,1.0
Native garlic,3,2024-02-04,192.7296701323651,191.72465027965757,192.55794852210062,190.4588560024664,0.0
Native garlic,3,2024-02-11,194.69579494071496,192.7296701323651,192.8880766338163,191.96084126349913,1.0
Native garlic,3,2024-02-18,197.64487053591105,194.69579494071496,196.8529697515338,192.98227799010766,0.0
Native garlic,3,2024-02-25,201.60966442456655,197.64487053591105,199.98665156998035,195.98429300028178,0.0
Native garlic,4,2024-03-03,206.63422987211112,201.60966442456655,205.01348556430986,200.3663685165923,0.0
Native garlic,4,2024-03-10,210.58346498041317,206.63422987211112,210.5946920081151,205.40005550134543,0.0
Native garlic,4,2024-03-17,213.501250139565,210.58346498041317,212.25360105738815,206.2895249131219,0.0
Native garlic,4,2024-03-24,215.42000518466824,213.501250139565,214.163270041887,206.10519110331012,0.0
Native garlic,4,2024-03-31,216.36104961622405,215.42000518466824,215.0256504017941,207.21020827915066,0.0
Native garlic,4,2024-04-07,216.33483948347197,216.36104961622405,216.87069870999696,208.2512530921762,0.0
Native garlic,4,2024-04-14,215.96088813175567,216.33483948347197,214.80144229131335,208.2722774946414,1.0
Native garlic,4,2024-04-21,215.23504054605613,215.96088813175567,214.7865268838097,207.85109160770782,0.0
Native garlic,4,2024-04-28,214.14923175319885,215.23504054605613,214.24256557053667,207.1465843921865,0.0
Native garlic,4,2024-05-05,212.69139721104105,214.14923175319885,213.44683545092482,205.71004565700744,0.0
Native garlic,4,2024-05-12,211.704675021252,212.69139721104105,210.92640271924517,204.5931334705015,0.0
Native garlic,4,2024-05-19,211.17810160394532,211.704675021252,210.75064597430318,203.6460049773067,0.0
Native garlic,4,2024-05-26,211.1058261433731,211.17810160394532,211.4657858518819,202.99173552270753,0.0
Native garlic,4,2024-06-02,211.48704557886225,211.1058261433731,211.3599258227948,202.9194600621353,1.0
Native garlic,4,2024-06-09,212.09257255805227,211.48704557886225,212.34876737544525,203.175123505498,0.0
Native garlic,4,2024-06-16,212.92913515848963,212.09257255805227,212.53587134898882,203.780650484688,0.0
Native garlic,4,2024-06-23,214.0060285201792,212.92913515848963,214.0627721126383,204.88100512308924,0.0
Native garlic,4,2024-06-30,215.33521812491756,214.0060285201792,215.04715851421176,205.9578984847788,0.0
Native garlic,4,2024-07-07,216.9314727460907,215.33521812491756,216.99014805061094,207.28708808951717,1.0
Native garlic,4,2024-07-14,216.47023967220412,216.9314727460907,218.5183815678864,208.8833427106903,0.0
Native garlic,4,2024-07-21,213.94639409132577,216.47023967220412,215.35754876287146,208.71500066234694,0.0
Native garlic,4,2024-07-28,209.33189327477925,213.94639409132577,210.8022493646281,205.89826405592538,0.0
Native garlic,4,2024-08-04,202.57546499126957,209.33189327477925,204.58365401400266,201.41145927667134,0.0
Native garlic,4,2024-08-11,195.8481324712384,202.57546499126957,197.33250488553458,194.3108995234351,0.0
Native garlic,4,2024-08-18,189.07514757557436,195.8481324712384,191.514921782595,187.46583590904356,0.0
Native garlic,4,2024-08-25,182.18125491654772,189.07514757557436,184.74718088580934,188.8795259062819,0.0
Native garlic,4,2024-09-01,175.08985568683607,182.18125491654772,178.3166496252236,182.5502870312919,0.0
Native garlic,4,2024-09-08,170.38562570442662,175.08985568683607,169.83595537168742,174.73517261546118,1.0
Native garlic,4,2024-09-15,168.01629574729265,170.38562570442662,168.45931259137228,169.5440795861672,0.0
Native garlic,4,2024-09-22,167.9555399270215,168.01629574729265,168.7912106797587,168.54046674205125,0.0
Native garlic,4,2024-09-29,170.20268317894354,167.9555399270215,170.40187118385407,168.3975533397355,0.0
Native garlic,4,2024-10-06,174.78269376141344,170.20268317894354,172.58621994538558,170.5459211452426,1.0
Native garlic,4,2024-10-13,178.35087743757282,174.78269376141344,179.01303663733478,175.28625776154314,0.0
Native garlic,4,2024-10-20,180.9468806927124,178.35087743757282,180.92248688141046,178.4045110454968,0.0
Native garlic,4,2024-10-27,182.59954800744475,180.9468806927124,181.460523854996,180.9200626761684,0.0
Native garlic,4,2024-11-03,183.3272423519336,182.59954800744475,181.63657390426664,183.31171646256865,0.0
Patola,1,2022-02-06,76.68440212888297,75.19745953280707,76.30457840830688,75.13772079993268,0.0
Patola,1,2022-02-13,77.07333969571742,76.68440212888297,78.24730081276563,76.6328137947398,0.0
Patola,1,2022-02-20,76.36463310321781,77.07333969571742,76.95176732200974,76.93322219946536,0.0
Patola,1,2022-02-27,74.55762478856632,76.36463310321781,75.41086624053133,76.50050233801815,0.0
Patola,1,2022-03-06,71.65063814611024,74.55762478856632,73.00607366348275,74.59430093465635,0.0
Patola,1,2022-03-13,69.42855575570661,71.65063814611024,69.13109932899962,71.56255892456359,0.0
Patola,1,2022-03-20,67.88931589142622,69.42855575570661,68.88414626124661,69.60899455735284,0.0
Patola,1,2022-03-27,67.03149039257025,67.88931589142622,67.89077977093015,68.09893620328249,1.0
Patola,1,2022-04-03,66.85428333857267,67.03149039257025,67.72170774386043,67.18965233076071,1.0
Patola,1,2022-04-10,67.17349302156175,66.85428333857267,67.39346946133685,67.36891007998197,1.0
Patola,1,2022-04-17,67.98941561547007,67.17349302156175,67.88371283357318,67.68997448070253,0.0
Patola,1,2022-04-24,69.30280816187968,67.98941561547007,69.30630460073642,68.6233377155372,0.0
Patola,1,2022-05-01,71.1148892724315,69.30280816187968,70.4821042075349,69.8585056625854,0.0
Patola,1,2022-05-08,72.4089508160521,71.1148892724315,72.63615702123774,71.39580143330491,0.0
Patola,1,2022-05-15,73.18619346840046,72.4089508160521,73.02986813392206,72.30304467226757,0.0
Patola,1,2022-05-22,73.44733838245313,73.18619346840046,73.04628548302546,73.12064648641012,1.0
Patola,1,2022-05-29,73.19262785761472,73.44733838245313,72.71214269033088,73.37981552884023,0.0
Patola,1,2022-06-05,72.42182556453238,73.19262785761472,72.32982476630694,72.8928830429804,0.0
Patola,1,2022-06-12,71.87700625863057,72.42182556453238,71.50759323473176,72.13232064905654,0.0
Patola,1,2022-06-19,71.55766443746032,71.87700625863057,70.9561572152494,71.73580017294866,1.0
Patola,1,2022-06-26,71.46350380448675,71.55766443746032,71.16196275838858,71.37517091469707,0.0
Patola,1,2022-07-03,71.59443699417395,71.46350380448675,71.62252708053649,71.40420144094205,0.0
Patola,1,2022-07-10,71.61630947337125,71.59443699417395,71.3726819868796,71.65411478874964,0.0
Patola,1,2022-07-17,71.52914153613162,71.61630947337125,71.28480983311364,71.84656939849827,0.0
Patola,1,2022-07-24,71.33285230498733,71.52914153613162,71.13081453484963,71.79665558613848,1.0
Patola,1,2022-07-31,71.02725965590972,71.33285230498733,71.23078935688895,72.01496166091384,0.0
Patola,1,2022-08-07,70.61208004932726,71.02725965590972,70.47317621454884,71.22629533024329,0.0
Patola,1,2022-08-14,70.53318160423379,70.61208004932726,70.24422962931938,70.81111572366083,0.0
Patola,1,2022-08-21,70.79049111588617,70.53318160423379,70.82231899693303,70.67480714270215,0.0
Patola,1,2022-08-28,71.38424732506861,70.79049111588617,71.3361627598812,71.00219084008356,0.0
Patola,1,2022-09-04,72.31500113960396,71.38424732506861,72.14168290852537,71.595947049266,0.0
Patola,1,2022-09-11,72.92904666779968,72.31500113960396,73.24246012525302,72.51342252846848,1.0
Patola,1,2022-09-18,73.22695364262009,72.92904666779968,73.44876576170267,72.86056341944668,0.0
Patola,1,2022-09-25,73.20899847259852,73.22695364262009,73.28464896900039,73.5142109265461,0.0
Patola,1,2022-10-02,72.87516449829889,73.20899847259852,72.82060225667603,73.69746232142779,0.0
Patola,1,2022-10-09,72.82191535062981,72.87516449829889,72.39249690249474,73.57462297818017,0.0
Patola,2,2022-10-16,73.0492016231656,72.82191535062981,73.10081632706634,72.66875330336285,0.0
Patola,2,2022-10-23,73.55723420007675,73.0492016231656,73.43026925151726,72.88611391242742,0.0
Patola,2,2022-10-30,74.34648445179533,73.55723420007675,73.88512741973055,73.39414648933857,1.0
Patola,2,2022-11-06,75.41768467236943,74.34648445179533,75.07788028395112,73.90438964893889,0.0
Patola,2,2022-11-13,75.67904473868089,75.41768467236943,76.11300169797157,74.97558986951299,0.0
Patola,2,2022-11-20,75.13080714976032,75.67904473868089,75.2150484992463,75.3559115978785,1.0
Patola,2,2022-11-27,73.77246323155623,75.13080714976032,73.7871032463041,74.68871234690387,0.0
Patola,2,2022-12-04,71.6027526649691,73.77246323155623,71.82987081052347,73.60937552081805,0.0
Patola,2,2022-12-11,70.09440590500591,71.6027526649691,69.43878654169657,71.43966495423092,0.0
Patola,2,2022-12-18,69.24602345467284,70.09440590500591,69.1833718151495,69.84960782587288,0.0
Patola,2,2022-12-25,69.05681815499536,69.24602345467284,68.9657512606676,68.70545879841521,0.0
Patola,2,2023-01-01,69.52661445466451,69.05681815499536,69.62954181262728,68.71008422726861,0.0
Patola,2,2023-01-08,70.08694370071687,69.52661445466451,70.16230904052497,69.45072667775325,0.0
Patola,2,2023-01-15,70.73832578626741,70.08694370071687,70.37670983975362,70.10458224433758,0.0
Patola,2,2023-01-22,71.48136508644696,70.73832578626741,71.42116728211482,70.77824820247758,0.0
Patola,2,2023-01-29,72.31675101916298,71.48136508644696,72.08867282370254,71.52128750265713,0.0
Patola,2,2023-02-05,73.24525868476535,72.31675101916298,73.05248692795801,72.04847560922607,0.0
Patola,2,2023-02-12,73.65041882616129,73.24525868476535,74.29597701858943,73.07997178615237,0.0
Patola,2,2023-02-19,73.53260736513143,73.65041882616129,73.88030997817827,73.20037046891298,0.0
Patola,2,2023-02-26,72.8917149920728,73.53260736513143,73.19953749721758,73.08255900788312,0.0
Patola,2,2023-03-05,71.72714706457737,72.8917149920728,72.42610717138398,72.72187151208185,0.0
Patola,2,2023-03-12,70.70292329393513,71.72714706457737,70.97456702601555,71.5573035845864,0.0
Patola,2,2023-03-19,69.81809336943108,70.70292329393513,70.38138289760742,70.58885489754564,0.0
Patola,2,2023-03-26,69.07183631484652,69.81809336943108,69.59821858080674,69.71481731785018,0.0
Patola,2,2023-04-02,68.46345972672886,69.07183631484652,69.24031822659566,68.96804543559695,0.0
Patola,2,2023-04-09,68.3358614968129,68.46345972672886,68.2953546302786,68.55429908291286,1.0
Patola,2,2023-04-16,68.68892323498847,68.3358614968129,68.73023278599216,68.5637653099366,0.0
Patola,2,2023-04-23,69.52297252431161,68.68892323498847,69.51189294914091,68.88434940104605,0.0
Patola,2,2023-04-30,70.83878322494756,69.52297252431161,70.62131422639743,69.7183986903692,0.0
Patola,2,2023-05-07,72.63757619218569,70.83878322494756,72.05718543584696,71.03420939100515,0.0
Patola,2,2023-05-14,73.56971077780541,72.63757619218569,74.04242834599046,72.68766494797211,0.0
Patola,2,2023-05-21,73.63605184894803,73.56971077780541,73.77223642280191,73.49278250496205,0.0
Patola,2,2023-05-28,72.83666095918468,73.63605184894803,72.6704150643464,73.50285938423875,0.0
Patola,2,2023-06-04,71.17079640562801,72.83666095918468,71.06823455245605,72.6735732484465,0.0
Patola,2,2023-06-11,70.03660897272374,71.17079640562801,69.40735868729892,71.00770869488983,0.0
Patola,2,2023-06-18,69.43304632161676,70.03660897272374,69.35025362839825,69.87352126198556,0.0
Patola,3,2023-06-25,69.3595484457234,69.43304632161676,69.09121669115457,69.51114262943088,0.0
Patola,3,2023-07-02,69.81604715113826,69.3595484457234,69.83391888431339,69.41376523294245,0.0
Patola,3,2023-07-09,70.09014467157039,69.81604715113826,70.27816440434316,70.17443426375576,0.0
Patola,3,2023-07-16,70.18209532430676,70.09014467157039,69.84286207812933,70.50627694286021,1.0
Patola,3,2023-07-23,70.09198442438591,70.18209532430676,70.18050703194507,70.50702092578915,0.0
Patola,3,2023-07-30,69.81972836375651,70.09198442438591,69.63205205846423,70.37152970174301,0.0
Patola,3,2023-08-06,69.36507453370245,69.81972836375651,69.53846105479741,70.0443990272325,0.0
Patola,3,2023-08-13,69.23721220515407,69.36507453370245,68.89476561596902,69.58974519717844,0.0
Patola,3,2023-08-20,69.43602274296131,69.23721220515407,69.41304721375295,69.46188286863006,1.0
Patola,3,2023-08-27,69.96169061050963,69.43602274296131,69.9267641938078,69.6606934064373,0.0
Patola,3,2023-09-03,70.81470354087215,69.96169061050963,70.7375621611595,70.18636127398563,0.0
Patola,3,2023-09-10,71.79755920485019,70.81470354087215,71.72875716003435,70.99173812754016,0.0
Patola,3,2023-09-17,72.91116953037928,71.79755920485019,72.55646953859464,70.80880642250537,0.0
Patola,3,2023-09-24,74.15656776415332,72.91116953037928,74.00937129090002,72.43548911951731,0.0
Patola,3,2023-10-01,75.53490943030678,74.15656776415332,75.13279555735092,74.0462036548756,0.0
Patola,3,2023-10-08,76.48481087226692,75.53490943030678,76.60391311956936,75.96242213563286,0.0
Patola,3,2023-10-15,77.00715344188706,76.48481087226692,76.84031544860719,75.88351385135475,0.0
Patola,3,2023-10-22,77.1024217869123,77.00715344188706,77.05654584408157,76.92553120641008,0.0
Patola,3,2023-10-29,76.7707043006524,77.1024217869123,76.62107323051913,77.09761958596907,0.0
Patola,3,2023-11-05,76.01169320399646,76.7707043006524,76.18829178539308,76.51065951729859,0.0
Patola,3,2023-11-12,76.10329008288971,76.01169320399646,75.08513426727173,75.70871081406955,0.0
Patola,3,2023-11-19,77.04557992412708,76.10329008288971,76.39204864798236,75.8003076929628,0.0
Patola,3,2023-11-26,78.83943701725212,77.04557992412708,78.27148910886167,77.02560241787694,0.0
Patola,3,2023-12-03,81.48652576575302,78.83943701725212,80.7873519161474,78.63656001727787,0.0
Patola,3,2023-12-10,83.00020042432737,81.48652576575302,83.52872460397334,81.26175222466014,0.0
Patola,3,2023-12-17,83.38186543338009,83.00020042432737,83.18092031529335,82.71148962153387,0.0
Patola,3,2023-12-24,82.63187491508432,83.38186543338009,82.55208801801093,83.09315463058658,0.0
Patola,3,2023-12-31,80.74953300194915,82.63187491508432,80.72549891280578,82.359976645431,0.0
Patola,3,2024-01-07,77.73309319116836,80.74953300194915,78.74128082298404,80.5706275893944,0.0
Patola,3,2024-01-14,76.70157450342035,77.73309319116836,74.95442347408387,77.55418777861362,0.0
Patola,3,2024-01-21,77.65401985951047,76.70157450342035,76.89928245271815,76.58660633766507,0.0
Patola,3,2024-01-28,80.59131297162466,77.65401985951047,79.95974349335398,77.55141655810456,1.0
Patola,3,2024-02-04,85.51617916326907,80.59131297162466,85.35958751850815,80.48870967021875,0.0
Patola,3,2024-02-11,88.51044370260016,85.51617916326907,89.687015125105,85.41357586186317,1.0
Patola,3,2024-02-18,89.57688477321108,88.51044370260016,89.85746073878173,88.40784040119425,0.0
Patola,3,2024-02-25,88.71649185650764,89.57688477321108,88.8656351256483,89.47428147180517,0.0
Patola,4,2024-03-03,85.9284666497835,88.71649185650764,86.37572169494203,88.64236231230913,0.0
Patola,4,2024-03-10,83.92851033189521,85.9284666497835,83.12298991110171,85.81438466353501,0.0
Patola,4,2024-03-17,82.71476727326947,83.92851033189521,83.35203106583657,83.75602177658305,0.0
Patola,4,2024-03-24,82.28611132055283,82.71476727326947,82.79161289045012,82.81242499103385,0.0
Patola,4,2024-03-31,82.6421447517273,82.28611132055283,83.116791314346,82.465826939044,0.0
Patola,4,2024-04-07,83.78319790708994,82.6421447517273,83.56488067240254,82.74889559763642,0.0
Patola,4,2024-04-14,84.99377184745956,83.78319790708994,85.18519545650558,83.77826221409416,1.0
Patola,4,2024-04-21,86.2749897857702,84.99377184745956,86.17342941967127,84.89083389577556,0.0
Patola,4,2024-04-28,87.62804048093405,86.2749897857702,87.25894013507549,86.1720518340862,0.0
Patola,4,2024-05-05,89.05417934081234,87.62804048093405,88.27703675089221,87.54171742828932,0.0
Patola,4,2024-05-12,90.170473924191,89.05417934081234,90.21588113547794,89.04838595560469,0.0
Patola,4,2024-05-19,90.97795996831196,90.170473924191,90.69693484163534,90.30214317730189,0.0
Patola,4,2024-05-26,91.4773866870308,90.97795996831196,91.01709611797591,90.89163691566723,0.0
Patola,4,2024-06-02,91.66921746596282,91.4773866870308,91.14791914524078,91.64110923193932,1.0
Patola,4,2024-06-09,91.30573612053192,91.66921746596282,91.67444435573452,91.5721891583461,0.0
Patola,4,2024-06-16,90.3866054000053,91.30573612053192,90.4176666228649,91.346170428882,0.0
Patola,4,2024-06-23,88.91097250268345,90.3866054000053,88.88522560644977,90.42703970835538,0.0
Patola,4,2024-06-30,86.877468284641,88.91097250268345,87.28907249203996,88.81394419506674,0.0
Patola,4,2024-07-07,84.28420598938706,86.877468284641,84.9612614763472,86.86069121626446,1.0
Patola,4,2024-07-14,82.40202605606812,84.28420598938706,82.08316821804893,84.49267470970395,0.0
Patola,4,2024-07-21,81.22918213216862,82.40202605606812,81.10513937372492,82.69198751332063,0.0
Patola,4,2024-07-28,80.76458601198603,81.22918213216862,81.10190766492144,81.69655866233906,0.0
Patola,4,2024-08-04,81.00780662695522,80.76458601198603,81.30354220398272,81.09449992618967,0.0
Patola,4,2024-08-11,81.30183108169453,81.00780662695522,81.43761748000024,81.1272570992505,0.0
Patola,4,2024-08-18,81.64693218239893,81.30183108169453,81.53049362394616,81.42128155398981,0.0
Patola,4,2024-08-25,82.04343012596601,81.64693218239893,82.1086493416022,81.76638265469421,0.0
Patola,4,2024-09-01,82.49169279708576,82.04343012596601,82.42495089695582,82.04663799579376,0.0
Patola,4,2024-09-08,82.90512280937764,82.49169279708576,82.89965845299207,82.45494820996237,1.0
Patola,4,2024-09-15,83.28410375769846,82.90512280937764,83.23369597226402,83.04218878623578,0.0
Patola,4,2024-09-22,83.62898727385601,83.28410375769846,83.74404188614584,83.68258995469324,0.0
Patola,4,2024-09-29,83.94009335286509,83.62898727385601,83.80323466108923,84.31316503016552,0.0
Patola,4,2024-10-06,84.21771064985072,83.94009335286509,84.2302471750666,84.28785063273799,1.0
Patola,4,2024-10-13,83.64201958226217,84.21771064985072,84.44507222834476,84.45818742203986,0.0
Patola,4,2024-10-20,82.21248600374808,83.64201958226217,82.79932949211329,83.53908163057817,0.0
Patola,4,2024-10-27,79.92778354294698,82.21248600374808,80.33180594316104,82.10954805206408,0.0
Patola,4,2024-11-03,76.78579237283334,79.92778354294698,77.62401763553227,79.88251928024094,0.0
Red onion,1,2022-02-06,188.9455953369579,218.79482443141123,196.17615726865859,211.9120772581019,0.0
Red onion,1,2022-02-13,166.78681351943365,188.9455953369579,156.43506806180395,183.17308004002186,0.0
Red onion,1,2022-02-20,152.26016639510786,166.78681351943365,151.68610497023414,166.72032877011648,0.0
Red onion,1,2022-02-27,145.32742594523225,152.26016639510786,145.76648630206572,152.95103232900297,0.0
Red onion,1,2022-03-06,145.97034811599232,145.32742594523225,146.67903622013543,146.91865431113038,0.0
Red onion,1,2022-03-13,145.3085922451189,145.97034811599232,150.32077076410067,146.9724167547939,0.0
Red onion,1,2022-03-20,143.34041686979523,145.3085922451189,140.75871936246858,146.07403253032473,0.0
Red onion,1,2022-03-27,140.06064258113787,143.34041686979523,138.11749486161509,144.0721432778,1.0
Red onion,1,2022-04-03,135.46063839417707,140.06064258113787,136.0676006384753,139.3600042869179,1.0
Red onion,1,2022-04-10,132.1084660808347,135.46063839417707,131.7850966725916,135.74850269180547,1.0
Red onion,1,2022-04-17,129.99530413502274,132.1084660808347,130.95342771896293,132.2312721530698,0.0
Red onion,1,2022-04-24,129.11559160425224,129.99530413502274,128.4137088924831,130.77260997646866,0.0
Red onion,1,2022-05-01,129.4670134555477,129.11559160425224,129.116799331349,129.55900933219948,0.0
Red onion,1,2022-05-08,129.94243360222293,129.4670134555477,130.57549774692728,129.76274398676335,0.0
Red onion,1,2022-05-15,130.54310314992728,129.94243360222293,131.0455271206785,130.14694698811485,0.0
Red onion,1,2022-05-22,131.27060280799697,130.54310314992728,131.00081676349532,131.05444835761847,1.0
Red onion,1,2022-05-29,132.12684704921637,131.27060280799697,131.93105272065543,131.7140205359442,0.0
Red onion,1,2022-06-05,133.11408914790428,132.12684704921637,133.27600545377564,132.49050503037367,0.0
Red onion,1,2022-06-12,133.93032077613665,133.11408914790428,133.9661791258484,133.53421728477753,0.0
Red onion,1,2022-06-19,134.57768991188243,133.93032077613665,134.6753744092082,134.13483416202857,1.0
Red onion,1,2022-06-26,135.05790015813056,134.57768991188243,134.88798021433325,134.8734204430981,0.0
Red onion,1,2022-07-03,135.37221522605537,135.05790015813056,134.91662969481274,135.79340794440452,0.0
Red onion,1,2022-07-10,138.22118718438657,135.37221522605537,135.64228077774453,136.10772301232933,0.0
Red onion,1,2022-07-17,143.61231332775137,138.22118718438657,142.2202527373798,138.6016970377496,0.0
Red onion,1,2022-07-24,151.5597808302113,143.61231332775137,150.1896688749074,144.19419240709325,1.0
Red onion,1,2022-07-31,162.08450407993087,151.5597808302113,160.53179497497715,152.53260182744947,0.0
Red onion,1,2022-08-07,175.21417971704045,162.08450407993087,172.49042369683113,165.3308631898094,0.0
Red onion,1,2022-08-14,183.1033711001117,175.21417971704045,187.86915127358503,180.31086417291203,0.0
Red onion,1,2022-08-21,185.77283925910015,183.1033711001117,186.47455548913015,187.1951393648822,0.0
Red onion,1,2022-08-28,183.22960911021343,185.77283925910015,183.3948375189211,188.12162966628094,0.0
Red onion,1,2022-09-04,175.46698794253354,183.22960911021343,175.94905312938533,185.28875336871258,0.0
Red onion,1,2022-09-11,176.70314895478248,175.46698794253354,166.25849490601377,177.28024647124295,1.0
Red onion,1,2022-09-18,186.9413452022553,176.70314895478248,185.39443372858437,178.5164074834919,0.0
Red onion,1,2022-09-25,206.20851930665657,186.9413452022553,205.11796646736943,188.3943775766373,0.0
Red onion,1,2022-10-02,234.5553743577341,206.20851930665657,231.95206998799475,208.54613288926765,0.0
Red onion,1,2022-10-09,253.8090926772209,234.5553743577341,263.99874071388706,238.4038419461588,0.0
Red onion,2,2022-10-16,264.0203419449056,253.8090926772209,263.63026952107816,259.51753631888346,0.0
Red onion,2,2022-10-23,265.2159938693869,264.0203419449056,264.89196572094534,269.2302428009237,0.0
Red onion,2,2022-10-30,257.3991949030982,265.2159938693869,259.0748276448113,267.45390509375216,1.0
Red onion,2,2022-11-06,240.54937452244332,257.3991949030982,249.0031568473306,252.8976499507056,0.0
Red onion,2,2022-11-13,235.59309172303944,240.54937452244332,223.3524874085759,237.22319883274605,0.0
Red onion,2,2022-11-20,242.51730365541425,235.59309172303944,238.87103006105093,231.015743013933,1.0
Red onion,2,2022-11-27,261.3402319299163,242.51730365541425,258.9684911042345,237.29937715318647,0.0
Red onion,2,2022-12-04,292.1114105683205,261.3402319299163,290.82460195410704,257.95776799787893,0.0
Red onion,2,2022-12-11,330.8542159140235,292.1114105683205,323.5245901609505,291.3489075404045,0.0
Red onion,2,2022-12-18,377.67060271793537,330.8542159140235,366.0568223631383,326.7505748808509,0.0
Red onion,2,2022-12-25,432.683771997961,377.67060271793537,421.27120050852545,373.38493434482746,0.0
Red onion,2,2023-01-01,496.0384952522054,432.683771997961,486.13493447641895,431.6376867595043,0.0
Red onion,2,2023-01-08,537.6212566540543,496.0384952522054,556.1965451054804,491.36199254758503,0.0
Red onion,2,2023-01-15,557.5414845229855,537.6212566540543,557.6633903976553,533.1989315197769,0.0
Red onion,2,2023-01-22,555.8516005112857,557.5414845229855,552.2522982813928,551.6991893531551,0.0
Red onion,2,2023-01-29,532.5471575557667,555.8516005112857,532.7993235525906,546.6217726304263,0.0
Red onion,2,2023-02-05,487.5668281749666,532.5471575557667,504.72044550313217,523.3173296749073,0.0
Red onion,2,2023-02-12,450.6624240062188,487.5668281749666,440.0560228947676,480.4304370120943,0.0
Red onion,2,2023-02-19,421.73682819644785,450.6624240062188,422.08883712119484,443.5260328433465,0.0
Red onion,2,2023-02-26,400.7139207566807,421.73682819644785,402.2159069946485,414.60043703357553,0.0
Red onion,2,2023-03-05,387.5383782462867,400.7139207566807,394.172622898093,394.0081707681248,0.0
Red onion,2,2023-03-12,368.4115560856785,387.5383782462867,378.2467000698372,379.99943018720467,0.0
Red onion,2,2023-03-19,343.2831205323283,368.4115560856785,344.39502164610644,361.2706187573399,0.0
Red onion,2,2023-03-26,312.0869441242537,343.2831205323283,313.3519835650729,336.1421832039897,0.0
Red onion,2,2023-04-02,274.74093166038017,312.0869441242537,281.1880494098842,306.9362888546309,0.0
Red onion,2,2023-04-09,246.5137703170108,274.74093166038017,242.4834066437453,268.78851524039726,1.0
Red onion,2,2023-04-16,227.3311780906101,246.5137703170108,229.1070606456625,240.16850016015044,0.0
Red onion,2,2023-04-23,217.14267447531913,227.3311780906101,217.82990845225478,220.68915071252783,0.0
Red onion,2,2023-04-30,215.92144761951857,217.14267447531913,216.27373280448893,209.00630095542166,0.0
Red onion,2,2023-05-07,223.6642837683251,215.92144761951857,218.88342324324606,213.1106952277034,0.0
Red onion,2,2023-05-14,229.4206492917685,223.6642837683251,234.93388964531644,224.3779255906632,0.0
Red onion,2,2023-05-21,233.2056925201734,229.4206492917685,233.34112220384384,230.06701684166475,0.0
Red onion,2,2023-05-28,235.0293740936143,233.2056925201734,234.30699830616902,234.01948588136037,0.0
Red onion,2,2023-06-04,234.89649317412696,235.0293740936143,232.78428192325896,233.2640733428819,0.0
Red onion,2,2023-06-11,232.62030409157043,234.89649317412696,235.01926257801108,233.77553985267005,0.0
Red onion,2,2023-06-18,228.1948168746748,232.62030409157043,230.73585518431221,231.02691171943908,0.0
Red onion,3,2023-06-25,221.6083855044481,228.1948168746748,223.67097924989952,229.3407629005232,0.0
Red onion,3,2023-07-02,212.84367726675816,221.6083855044481,214.19563888775565,224.22600740309923,0.0
Red onion,3,2023-07-09,208.13151484444364,212.84367726675816,203.28426668954842,215.44090102545567,0.0
Red onion,3,2023-07-16,207.4594978100772,208.13151484444364,206.12635841467804,211.13174944832548,1.0
Red onion,3,2023-07-23,210.825857697779,207.4594978100772,210.3057147056834,214.53771102495148,0.0
Red onion,3,2023-07-30,218.23945334935877,210.825857697779,217.8757620408239,214.50450211649544,0.0
Red onion,3,2023-08-06,229.71979422705752,218.23945334935877,226.5556684273813,220.14843717599604,0.0
Red onion,3,2023-08-13,237.08340211483167,229.71979422705752,240.4567475553368,232.9057349695502,0.0
Red onion,3,2023-08-20,240.34965492817548,237.08340211483167,239.6333182787635,241.94428535076307,1.0
Red onion,3,2023-08-27,239.52714806922907,240.34965492817548,239.45473889993815,242.83800293537763,0.0
Red onion,3,2023-09-03,234.61371704625844,239.52714806922907,234.9942346025527,242.33761960395807,0.0
Red onion,3,2023-09-10,230.6757853375262,234.61371704625844,228.6075453242773,237.31338545369863,0.0
Red onion,3,2023-09-17,227.70298996485116,230.6757853375262,229.05906603769634,232.10278669460476,0.0
Red onion,3,2023-09-24,225.68750778251604,227.70298996485116,227.49367177674537,229.26903679884316,0.0
Red onion,3,2023-10-01,224.62403489004095,225.68750778251604,226.12106476522496,228.5423552136989,0.0
Red onion,3,2023-10-08,224.39358718000187,224.62403489004095,224.29123050759566,229.5955586517902,0.0
Red onion,3,2023-10-15,224.99555821105668,224.39358718000187,224.8414684379357,230.38167244992985,0.0
Red onion,3,2023-10-22,226.4315321174976,224.99555821105668,227.0735855945971,229.45725578948685,0.0
Red onion,3,2023-10-29,228.70528777802585,226.4315321174976,230.17794112582925,231.8354809013721,0.0
Red onion,3,2023-11-05,231.82280876016895,228.70528777802585,233.10197738024166,232.17284806931613,0.0
Red onion,3,2023-11-12,235.00448814057532,231.82280876016895,236.7833158882753,233.48337139463703,0.0
Red onion,3,2023-11-19,238.25869875971955,235.00448814057532,238.7007321234973,238.22999158524695,0.0
Red onion,3,2023-11-26,241.59400432975724,238.25869875971955,242.0739312636066,241.72625905100983,0.0
Red onion,3,2023-12-03,245.01918197060968,241.59400432975724,245.6753801611527,245.06156462104752,0.0
Red onion,3,2023-12-10,246.30861406653287,245.01918197060968,249.46090840053353,248.48674226189996,0.0
Red onion,3,2023-12-17,245.4656938598843,246.30861406653287,247.35753394357621,249.62575369208218,0.0
Red onion,3,2023-12-24,242.4882031395939,245.4656938598843,243.63498484950827,247.70417061311917,0.0
Red onion,3,2023-12-31,237.3683064037666,242.4882031395939,238.0328743190346,243.5573132946995,0.0
Red onion,3,2024-01-07,230.09253023993912,237.3683064037666,231.52907797470664,236.84045219958875,0.0
Red onion,3,2024-01-14,225.3188337589746,230.09253023993912,222.5618455997685,228.17226587665024,0.0
Red onion,3,2024-01-21,223.0346546017127,225.3188337589746,222.5705106550693,224.81623815550856,0.0
Red onion,3,2024-01-28,223.2339817703709,223.0346546017127,222.50848419156733,222.13908956875372,1.0
Red onion,3,2024-02-04,225.91733981013,223.2339817703709,224.6472413318117,222.59179977784007,0.0
Red onion,3,2024-02-11,224.45875721777116,225.91733981013,228.19269611857996,225.3513294541806,1.0
Red onion,3,2024-02-18,218.85439561805148,224.45875721777116,218.6294336689251,223.89274686182176,0.0
Red onion,3,2024-02-25,209.0895066909717,218.85439561805148,208.6674004483213,218.16782127818485,0.0
Red onion,4,2024-03-03,195.13839336040775,209.0895066909717,195.2592933096391,208.78627241181596,0.0
Red onion,4,2024-03-10,183.98058123601092,195.13839336040775,180.08566661238427,195.43125598433772,0.0
Red onion,4,2024-03-17,175.58670765429585,183.98058123601092,175.85208046474952,184.8283721925081,0.0
Red onion,4,2024-03-24,169.93468347425795,175.58670765429585,170.75862777532993,175.87243578106015,0.0
Red onion,4,2024-03-31,167.009634948055,169.93468347425795,166.88684317744836,172.67201104994155,0.0
Red onion,4,2024-04-07,166.8038645795657,167.009634948055,164.87978882211954,166.3720299961965,0.0
Red onion,4,2024-04-14,166.16895936584734,166.8038645795657,165.84695508866224,166.32238740838307,1.0
Red onion,4,2024-04-21,165.10324850370617,166.16895936584734,164.6154023041531,165.97518442726397,0.0
Red onion,4,2024-04-28,163.60392749087342,165.10324850370617,164.2095536610492,164.5458107857916,0.0
Red onion,4,2024-05-05,161.66705074573622,163.60392749087342,162.1687636339247,163.49970797227152,0.0
Red onion,4,2024-05-12,160.89419090426145,161.66705074573622,159.9211212572262,161.58608989084826,0.0
Red onion,4,2024-05-19,161.28331412476092,160.89419090426145,160.8770681461556,160.83154223537622,0.0
Red onion,4,2024-05-26,162.8354444157096,161.28331412476092,162.74940340580056,161.39315810900717,0.0
Red onion,4,2024-06-02,165.55466633050492,162.8354444157096,165.35728412251967,162.87796198835096,1.0
Red onion,4,2024-06-09,167.44004357202212,165.55466633050492,169.54816102531163,165.26546161382248,0.0
Red onion,4,2024-06-16,168.49653765931788,167.44004357202212,168.4729906716218,167.35602473063628,0.0
Red onion,4,2024-06-23,168.72692883999042,168.49653765931788,168.44778530040682,168.53379537537757,0.0
Red onion,4,2024-06-30,168.13182340662024,168.72692883999042,167.8376042995244,169.05968440563373,0.0
Red onion,4,2024-07-07,166.70965529227772,168.13182340662024,167.54904995202043,168.3608858148291,1.0
Red onion,4,2024-07-14,165.72610533713595,166.70965529227772,165.35515633122353,167.26482272887745,0.0
Red onion,4,2024-07-21,165.17858525183937,165.72610533713595,165.3255281085083,166.10161903976694,0.0
Red onion,4,2024-07-28,165.0656541940583,165.17858525183937,164.68380527628656,165.6300595012023,0.0
Red onion,4,2024-08-04,165.3870149767985,165.0656541940583,164.84811498475847,165.54486099451913,0.0
Red onion,4,2024-08-11,165.6923555401663,165.3870149767985,165.65700116573913,165.9037797368159,0.0
Red onion,4,2024-08-18,165.98247941195993,165.6923555401663,165.68170887709485,166.38161292351285,0.0
Red onion,4,2024-08-25,166.25815007605274,165.98247941195993,166.07389695969192,166.5680436080697,0.0
Red onion,4,2024-09-01,166.52009298156054,166.25815007605274,166.5053880760172,166.84371427216252,0.0
Red onion,4,2024-09-08,166.68828287477675,166.52009298156054,166.62760964748617,167.18133540700228,1.0
Red onion,4,2024-09-15,166.76316236068345,166.68828287477675,166.84754095802884,167.8835296904582,0.0
Red onion,4,2024-09-22,166.74492849055932,166.76316236068345,167.45513817306522,167.2694187622223,0.0
Red onion,4,2024-09-29,166.6335332805358,166.74492849055932,167.18748428733687,168.47207463924096,0.0
Red onion,4,2024-10-06,166.42868358532309,166.6335332805358,167.26464333669887,168.3595377618514,1.0
Red onion,4,2024-10-13,164.9096159253807,166.42868358532309,167.10999906878288,167.73668832222342,0.0
Red onion,4,2024-10-20,162.07233275423516,164.9096159253807,163.92185526726885,166.21762066228104,0.0
Red onion,4,2024-10-27,157.90936753722545,162.07233275423516,159.70625254121663,163.68984295378198,0.0
Red onion,4,2024-11-03,152.409765102728,157.90936753722545,154.64593681383488,158.5576344487321,0.0
Squash,1,2022-02-06,38.87274986407174,39.373508962125335,39.05040821239949,39.093881311149154,0.0
Squash,1,2022-02-13,38.05840088464875,38.87274986407174,38.253035889696484,38.74083311757459,0.0
Squash,1,2022-02-20,36.924796987477755,38.05840088464875,37.07306847191937,37.643932089587636,0.0
Squash,1,2022-02-27,35.46405223240452,36.924796987477755,35.78908823261176,36.38244752973697,0.0
Squash,1,2022-03-06,33.66600491678507,35.46405223240452,34.02893677957232,35.06906256308155,0.0
Squash,1,2022-03-13,32.68323994776164,33.66600491678507,31.9538380938687,33.25782751118929,0.0
Squash,1,2022-03-20,32.508920699462756,32.68323994776164,32.38149230553418,32.65121656259452,0.0
Squash,1,2022-03-27,33.14183451624809,32.508920699462756,33.24384568647312,32.83458915363298,1.0
Squash,1,2022-04-03,34.586384276843106,33.14183451624809,34.176434016917845,33.70232727023063,1.0
Squash,1,2022-04-10,35.32755818571268,34.586384276843106,36.4033010289078,35.024280826544796,1.0
Squash,1,2022-04-17,35.3705122352664,35.32755818571268,35.18088804181519,35.74034002031504,0.0
Squash,1,2022-04-24,34.71554523628371,35.3705122352664,35.03478022793617,35.724412310225205,0.0
Squash,1,2022-05-01,33.35810089659779,34.71554523628371,33.173036297309,34.7641706943156,0.0
Squash,1,2022-05-08,32.30225005117275,33.35810089659779,32.36150883955249,33.67943019223301,0.0
Squash,1,2022-05-15,31.54064765064908,32.30225005117275,31.48070613462154,32.492750101955906,0.0
Squash,1,2022-05-22,31.067995591370973,31.54064765064908,31.30688474397612,31.778430546214114,1.0
Squash,1,2022-05-29,30.88100585901301,31.067995591370973,30.79106506306933,31.412872715203676,0.0
Squash,1,2022-06-05,30.97837765543705,30.88100585901301,30.908910294600116,31.0655233766989,0.0
Squash,1,2022-06-12,31.35646312626108,30.97837765543705,31.15044326005764,31.161478072693406,0.0
Squash,1,2022-06-19,32.01789243128215,31.35646312626108,31.911667760016595,31.62616910727724,1.0
Squash,1,2022-06-26,32.96726681783951,32.01789243128215,32.67433398158178,32.36845253016864,0.0
Squash,1,2022-07-03,34.21119062949184,32.96726681783951,33.9708781625061,33.67598452165878,0.0
Squash,1,2022-07-10,35.46129846076595,34.21119062949184,35.35746840988684,34.74121992636684,0.0
Squash,1,2022-07-17,36.72628671396637,35.46129846076595,36.55424676995605,35.83541774253475,0.0
Squash,1,2022-07-24,38.01495530737622,36.72628671396637,37.61264247278244,36.88772933650875,1.0
Squash,1,2022-07-31,39.33626889208009,38.01495530737622,39.15571107032986,38.09125598801358,0.0
Squash,1,2022-08-07,40.6994192147542,39.33626889208009,40.41781992720293,39.49520268061807,0.0
Squash,1,2022-08-14,41.629971384925554,40.6994192147542,41.91229036004797,40.774463056950665,0.0
Squash,1,2022-08-21,42.13439880899536,41.629971384925554,42.056154689096836,41.56346078209371,0.0
Squash,1,2022-08-28,42.216210547304954,42.13439880899536,42.214765423851524,41.69982307247268,0.0
Squash,1,2022-09-04,41.875975724990425,42.216210547304954,41.89838061266092,41.405579450941886,0.0
Squash,1,2022-09-11,41.3235632136935,41.875975724990425,41.442206650402596,41.06788754158741,1.0
Squash,1,2022-09-18,40.55513014377036,41.3235632136935,40.76646641782886,40.642446155893204,0.0
Squash,1,2022-09-25,39.565330893865045,40.55513014377036,39.844983847279465,39.77355660975852,0.0
Squash,1,2022-10-02,38.347279903978205,39.565330893865045,38.5182935966407,38.95136019693893,0.0
Squash,1,2022-10-09,37.778058291901246,38.347279903978205,37.226747929349074,37.77670240172753,0.0
Squash,2,2022-10-16,37.85370625511538,37.778058291901246,37.83390157510191,37.41653379939903,0.0
Squash,2,2022-10-23,38.57475004032122,37.85370625511538,38.552568973426766,37.57061292187105,0.0
Squash,2,2022-10-30,39.946205604285424,38.57475004032122,39.70720296518214,38.47381361260878,1.0
Squash,2,2022-11-06,41.97761350745297,39.946205604285424,41.4774598442632,39.79521720430297,0.0
Squash,2,2022-11-13,42.928570594193665,41.97761350745297,43.98193407931989,41.67070114487744,0.0
Squash,2,2022-11-20,42.80569221815441,42.928570594193665,43.15012503164721,42.7748063761017,1.0
Squash,2,2022-11-27,41.608123573241,42.80569221815441,41.77623752672646,42.515706352799874,0.0
Squash,2,2022-12-04,39.32753374714102,41.608123573241,39.36282649010201,41.468272971687085,0.0
Squash,2,2022-12-11,37.75725961396119,39.32753374714102,37.26216717863855,39.01561802167143,0.0
Squash,2,2022-12-18,36.886377527557634,37.75725961396119,36.99562583030104,37.402642822951286,0.0
Squash,2,2022-12-25,36.70882917776408,36.886377527557634,36.76330009263837,36.41557361110332,0.0
Squash,2,2023-01-01,37.22337944562544,36.70882917776408,37.24247189837195,36.38477201595607,0.0
Squash,2,2023-01-08,38.4369966177326,37.22337944562544,37.700497588334684,37.05184793229212,0.0
Squash,2,2023-01-15,40.35812324832632,38.4369966177326,39.93277425570153,38.37907917928513,0.0
Squash,2,2023-01-22,43.00012369657592,40.35812324832632,42.56563499489169,40.35629024251803,0.0
Squash,2,2023-01-29,46.381377096034456,43.00012369657592,45.75807682094709,42.998290690767625,0.0
Squash,2,2023-02-05,50.52540520948078,46.381377096034456,49.521273065307604,46.54204144582884,0.0
Squash,2,2023-02-12,52.76637270586306,50.52540520948078,54.48792326723611,50.09708110612537,0.0
Squash,2,2023-02-19,53.11986892428665,52.76637270586306,53.382372261790536,52.17478736774737,0.0
Squash,2,2023-02-26,51.58835296887963,53.11986892428665,51.69099559688515,51.92465381827621,0.0
Squash,2,2023-03-05,48.16117081560443,51.58835296887963,48.295708843586524,50.5813531186065,0.0
Squash,2,2023-03-12,45.566288877589805,48.16117081560443,44.909607452162646,46.82428238310168,0.0
Squash,2,2023-03-19,43.78565580222352,45.566288877589805,44.020372541074124,44.41828851805459,0.0
Squash,2,2023-03-26,42.80688457680732,43.78565580222352,43.0173186675115,42.50105232569917,0.0
Squash,2,2023-04-02,42.62316635803401,42.80688457680732,42.79555274058999,41.66314451886207,0.0
Squash,2,2023-04-09,42.45883531736061,42.62316635803401,42.560204114067815,41.541596090356705,1.0
Squash,2,2023-04-16,42.312748282330254,42.45883531736061,42.375410683011424,41.367604805695265,0.0
Squash,2,2023-04-23,42.18388899530796,42.312748282330254,42.17823523771943,41.30909570969842,0.0
Squash,2,2023-04-30,42.071361043862254,42.18388899530796,41.999375265943215,41.180236422676124,0.0
Squash,2,2023-05-07,41.974381624852654,42.071361043862254,42.09571064996723,40.9953118352212,0.0
Squash,2,2023-05-14,41.416102648194936,41.974381624852654,41.91905444858826,41.43603604952001,0.0
Squash,2,2023-05-21,40.392640434051486,41.416102648194936,40.62588869984543,40.86746341031423,0.0
Squash,2,2023-05-28,38.89687524528043,40.392640434051486,39.10040809965543,39.91894566252324,0.0
Squash,2,2023-06-04,36.918401758829454,38.89687524528043,37.29533218110253,38.276787502474946,0.0
Squash,2,2023-06-11,35.83082007440263,36.918401758829454,35.03190691937258,36.10249398247371,0.0
Squash,2,2023-06-18,35.62656440636914,35.83082007440263,35.550768401390094,35.08492188724214,0.0
Squash,3,2023-06-25,36.304213845734,35.62656440636914,36.18915045847978,35.285682343457154,0.0
Squash,3,2023-07-02,37.868482475553634,36.304213845734,37.862274606444245,36.54422959089696,0.0
Squash,3,2023-07-09,38.66096062177688,37.868482475553634,39.335072834193696,38.44907433298695,0.0
Squash,3,2023-07-16,38.687161175855714,38.66096062177688,38.70161345167181,39.349129564705194,1.0
Squash,3,2023-07-23,37.94726640251418,38.687161175855714,38.14832638046007,39.024540929445344,0.0
Squash,3,2023-07-30,36.43612920767684,37.94726640251418,36.49245004865138,38.08963345256587,0.0
Squash,3,2023-08-06,34.14323733259701,36.43612920767684,35.049424109624454,36.626329894131615,0.0
Squash,3,2023-08-13,32.772916833355154,34.14323733259701,31.663930109810938,34.12670854736828,0.0
Squash,3,2023-08-20,32.31563504560873,32.772916833355154,32.23546749817415,32.78512195725652,1.0
Squash,3,2023-08-27,32.768210878660355,32.31563504560873,32.67679545625952,32.47195478304312,0.0
Squash,3,2023-09-03,34.133792686131294,32.768210878660355,34.3844114599742,32.87997230707613,0.0
Squash,3,2023-09-10,35.720826485683894,34.133792686131294,35.34307821650497,34.28439466920167,0.0
Squash,3,2023-09-17,37.540352512445494,35.720826485683894,37.036924108335896,35.97365964346168,0.0
Squash,3,2023-09-24,39.605028338776165,37.540352512445494,39.282911130185205,37.84245030983929,0.0
Squash,3,2023-10-01,41.92921692694606,39.605028338776165,41.59479264741103,40.114182241306835,0.0
Squash,3,2023-10-08,43.55942390550208,41.92921692694606,44.055630749213606,42.365298694028276,0.0
Squash,3,2023-10-15,44.50698984472984,43.55942390550208,44.32195508149791,43.89891354430747,0.0
Squash,3,2023-10-22,44.77850650768486,44.50698984472984,44.761036737582515,44.18492496817344,0.0
Squash,3,2023-10-29,44.375862705935475,44.77850650768486,44.35349281757549,44.56811880092827,0.0
Squash,3,2023-11-05,43.29625743912174,44.375862705935475,43.956263195815005,43.80678211473369,0.0
Squash,3,2023-11-12,43.17765693790169,43.29625743912174,41.888507040317876,42.718134644493595,0.0
Squash,3,2023-11-19,44.01923615531031,43.17765693790169,43.69747298707625,42.71081068045349,0.0
Squash,3,2023-11-26,45.826849555468726,44.01923615531031,45.57013346832271,43.588943727770484,0.0
Squash,3,2023-12-03,48.6130718402911,45.826849555468726,48.57186816952108,45.28128526160734,0.0
Squash,3,2023-12-10,50.53218145680647,48.6130718402911,51.07258496720883,48.34366483617313,0.0
Squash,3,2023-12-17,51.597528732781946,50.53218145680647,51.46435336431178,49.872509315731335,0.0
Squash,3,2023-12-24,51.81652477970255,51.597528732781946,51.72686398530371,50.909039414887964,0.0
Squash,3,2023-12-31,51.190693048329464,51.81652477970255,51.24600065806656,50.94360486259592,0.0
Squash,3,2024-01-07,49.71567992661837,51.190693048329464,50.51501730737484,50.57917275795471,0.0
Squash,3,2024-01-14,48.543275799760025,49.71567992661837,47.8554586915305,48.8575966188753,0.0
Squash,3,2024-01-21,47.665324812958886,48.543275799760025,47.680743299597346,47.679551091202896,0.0
Squash,3,2024-01-28,47.075719481089365,47.665324812958886,47.13992258121289,46.88937819583242,1.0
Squash,3,2024-02-04,46.770358201842825,47.075719481089365,47.44423853429515,46.32100868759419,0.0
Squash,3,2024-02-11,46.7399849086145,46.770358201842825,46.07380412883065,46.16187178788714,1.0
Squash,3,2024-02-18,46.984388308929766,46.7399849086145,47.01792619814991,46.149053433451996,0.0
Squash,3,2024-02-25,47.505268600356025,46.984388308929766,47.22019544974948,46.347525136875475,0.0
Squash,4,2024-03-03,48.30624929796409,47.505268600356025,48.34141606629157,47.15505045331661,0.0
Squash,4,2024-03-10,48.79576578669345,48.30624929796409,48.92963265119503,47.84676829706382,0.0
Squash,4,2024-03-17,48.97722339863963,48.79576578669345,48.92244695343586,47.92838254504001,0.0
Squash,4,2024-03-24,48.85188444762487,48.97722339863963,48.84595915481132,48.52585128183551,0.0
Squash,4,2024-03-31,48.41887701051166,48.85188444762487,48.4900011768454,48.50462874083776,0.0
Squash,4,2024-04-07,47.67518886165054,48.41887701051166,47.862595951995345,48.01408255593707,0.0
Squash,4,2024-04-14,47.07761781128612,47.67518886165054,46.9006211893305,47.35920166210563,1.0
Squash,4,2024-04-21,46.62200684341588,47.07761781128612,46.59473070419084,46.47746353062358,0.0
Squash,4,2024-04-28,46.30518649043725,46.62200684341588,46.380441185543425,46.129102925388004,0.0
Squash,4,2024-05-05,46.12495278467733,46.30518649043725,46.22580429559646,45.866283873936396,0.0
Squash,4,2024-05-12,46.270146084190486,46.12495278467733,45.964882770271224,45.67319389333326,0.0
Squash,4,2024-05-19,46.74177642932116,46.270146084190486,46.52027702447754,45.81226379907238,0.0
Squash,4,2024-05-26,47.54312472681809,46.74177642932116,47.42637328943034,46.21128817668139,0.0
Squash,4,2024-06-02,48.67976557353342,47.54312472681809,48.52348254816198,47.036022952602394,1.0
Squash,4,2024-06-09,49.8841985415626,48.67976557353342,49.68821049133141,47.89129613974894,0.0
Squash,4,2024-06-16,51.16480229503104,49.8841985415626,50.86584945849064,49.05429982654337,0.0
Squash,4,2024-06-23,52.53048538178896,51.16480229503104,52.26537963716368,50.28235099917838,0.0
Squash,4,2024-06-30,53.990748205918145,52.53048538178896,53.71488139276473,51.57493185014223,0.0
Squash,4,2024-07-07,55.55574911749952,53.990748205918145,55.20883339496199,52.85866490914233,1.0
Squash,4,2024-07-14,56.05843790802018,55.55574911749952,56.965966126537324,54.272555886870556,0.0
Squash,4,2024-07-21,55.502311542979406,56.05843790802018,55.71219034353321,54.825829351272745,0.0
Squash,4,2024-07-28,53.88350131722912,55.502311542979406,54.126326065904294,54.19350703095548,0.0
Squash,4,2024-08-04,51.19074594224232,53.88350131722912,51.55561247989066,52.85614934178814,0.0
Squash,4,2024-08-11,48.97672404707846,51.19074594224232,48.610111498169566,50.24681561435002,0.0
Squash,4,2024-08-18,47.22603374029293,48.97672404707846,47.50952554812045,47.902666944875094,0.0
Squash,4,2024-08-25,45.92649630670807,47.22603374029293,46.209473098272724,46.16151946092739,0.0
Squash,4,2024-09-01,45.06907148591635,45.92649630670807,45.42149162493976,45.05067626600525,0.0
Squash,4,2024-09-08,44.768501019304566,45.06907148591635,44.41928669327511,44.33082635633109,1.0
Squash,4,2024-09-15,45.02269398188756,44.768501019304566,44.86663164019089,44.16833922845679,0.0
Squash,4,2024-09-22,45.833418672535515,45.02269398188756,45.77202349364254,44.772593905688986,0.0
Squash,4,2024-09-29,47.20631491518334,45.833418672535515,47.02891551312653,45.707600509379006,0.0
Squash,4,2024-10-06,49.1509332923886,47.20631491518334,48.600698376403535,46.68698775148705,1.0
Squash,4,2024-10-13,49.46843333385537,49.1509332923886,51.14685181176921,48.5669853954312,0.0
Squash,4,2024-10-20,48.16102373552428,49.46843333385537,48.785709213282026,49.12937776587556,0.0
Squash,4,2024-10-27,45.21960947410258,48.16102373552428,45.67292746343654,47.831733881951436,0.0
Squash,4,2024-11-03,40.623728537336945,45.21960947410258,41.16670503177325,45.06221388773116,0.0
Tomato,1,2022-02-06,89.48309268155884,93.9944442363444,91.98377449630239,92.95201228577525,0.0
Tomato,1,2022-02-13,85.25159172886757,89.48309268155884,83.61658201697459,87.47895802656006,0.0
Tomato,1,2022-02-20,81.23069863540837,85.25159172886757,81.2722357612481,83.66257433766273,0.0
Tomato,1,2022-02-27,77.35461696874283,81.23069863540837,77.88674759423091,80.34400712473104,0.0
Tomato,1,2022-03-06,73.55991993796184,77.35461696874283,75.23711244613135,77.1969115425267,0.0
Tomato,1,2022-03-13,71.63085522163242,73.55991993796184,69.73974473132473,74.27447794329478,0.0
Tomato,1,2022-03-20,71.53585630621458,71.63085522163242,70.5962653150761,72.27757718074649,0.0
Tomato,1,2022-03-27,73.27336866400154,71.53585630621458,73.09382358082144,71.69421637024428,1.0
Tomato,1,2022-04-03,76.87182431539343,73.27336866400154,76.77400575711586,73.58323452613266,1.0
Tomato,1,2022-04-10,80.46499065856338,76.87182431539343,80.76412885571807,76.93795975914047,1.0
Tomato,1,2022-04-17,84.11166496094509,80.46499065856338,82.54473016678793,81.85851125220657,0.0
Tomato,1,2022-04-24,87.87152007475936,84.11166496094509,87.41099752908916,85.7605199318771,0.0
Tomato,1,2022-05-01,91.8060809018686,87.87152007475936,91.68084042596048,88.81656137362563,0.0
Tomato,1,2022-05-08,94.33990128975591,91.8060809018686,95.67273606264582,92.64731546664979,0.0
Tomato,1,2022-05-15,95.51444375385948,94.33990128975591,94.99089968786328,94.56254310053072,0.0
Tomato,1,2022-05-22,95.34892807995551,95.51444375385948,95.63228328697876,94.5201563226194,1.0
Tomato,1,2022-05-29,93.84064582974376,95.34892807995551,94.17956996538625,94.38561932837241,0.0
Tomato,1,2022-06-05,90.96491602094802,93.84064582974376,92.93866481653976,93.48144910723629,0.0
Tomato,1,2022-06-12,87.65652293940032,90.96491602094802,87.37835637496387,90.32787463100586,0.0
Tomato,1,2022-06-19,83.8613292437662,87.65652293940032,84.62315759490117,87.3569352128073,1.0
Tomato,1,2022-06-26,79.51723176448078,83.8613292437662,80.37128330582189,84.19014679013385,0.0
Tomato,1,2022-07-03,74.55314527006482,79.51723176448078,76.49904430719421,78.95955825059147,0.0
Tomato,1,2022-07-10,70.66313504796521,74.55314527006482,69.76687061226133,74.75059406013821,0.0
Tomato,1,2022-07-17,67.7835463854567,70.66313504796521,67.85810475810038,71.57757949452893,0.0
Tomato,1,2022-07-24,65.86725874078917,67.7835463854567,66.59045886859614,68.33940422265687,1.0
Tomato,1,2022-07-31,64.88291467977713,65.86725874078917,65.75301548538988,66.00537787211584,0.0
Tomato,1,2022-08-07,64.81440675414947,64.88291467977713,64.01713307568986,66.01684881998251,0.0
Tomato,1,2022-08-14,63.73970912803125,64.81440675414947,65.10651815124847,66.63862311996368,0.0
Tomato,1,2022-08-21,61.641235840267775,63.73970912803125,62.504524434192625,65.38597546924066,0.0
Tomato,1,2022-08-28,58.48464823705929,61.641235840267775,59.70949644756758,63.373344671673415,0.0
Tomato,1,2022-09-04,54.21829306671701,58.48464823705929,54.707532072823646,60.33956171018856,0.0
Tomato,1,2022-09-11,52.8627972848725,54.21829306671701,50.66734648945849,55.482319231725555,1.0
Tomato,1,2022-09-18,54.39598005145928,52.8627972848725,53.904388223682695,54.30309178903815,0.0
Tomato,1,2022-09-25,58.84292981174876,54.39598005145928,58.955388218917484,56.1085430893316,0.0
Tomato,1,2022-10-02,66.27641483454568,58.84292981174876,65.21344605052157,60.73988422897746,0.0
Tomato,1,2022-10-09,71.98691514084939,66.27641483454568,73.61327498937882,67.72594090609414,0.0
Tomato,2,2022-10-16,76.06787528112666,71.98691514084939,75.77976371409855,73.73311915944223,0.0
Tomato,2,2022-10-23,78.58607460312751,76.06787528112666,78.32671390373761,77.8140792997195,0.0
Tomato,2,2022-10-30,79.58272000484831,78.58607460312751,80.04619534099274,79.81469906620887,1.0
Tomato,2,2022-11-06,79.07412022922631,79.58272000484831,80.67753589045859,80.38984801702864,0.0
Tomato,2,2022-11-13,77.97105955691072,79.07412022922631,78.26206009099566,78.62872455094453,0.0
Tomato,2,2022-11-20,76.25548790417278,77.97105955691072,76.91872457185727,77.67850529761049,1.0
Tomato,2,2022-11-27,73.8993322803313,76.25548790417278,74.76507738352234,76.10001184068287,0.0
Tomato,2,2022-12-04,70.86403741154159,73.8993322803313,72.55370151225331,73.6950081540877,0.0
Tomato,2,2022-12-11,70.10679271186764,70.86403741154159,68.31201607602426,70.76204335156167,0.0
Tomato,2,2022-12-18,71.61520690440572,70.10679271186764,71.15641769251339,70.39855625595028,0.0
Tomato,2,2022-12-25,75.41396313048824,71.61520690440572,75.04295736456532,72.05789724707044,0.0
Tomato,2,2023-01-01,81.56522285563294,75.41396313048824,81.10270497792715,75.72659351564869,0.0
Tomato,2,2023-01-08,85.48210686823387,81.56522285563294,87.29597880197133,82.56928431612793,0.0
Tomato,2,2023-01-15,87.22870963395172,85.48210686823387,87.20659168909327,87.52036875864525,0.0
Tomato,2,2023-01-22,86.83361192531648,87.22870963395172,86.4277623001545,88.6103780823999,0.0
Tomato,2,2023-01-29,84.29034850709589,86.83361192531648,84.82296514183591,87.29647575802865,0.0
Tomato,2,2023-02-05,79.55730234153725,84.29034850709589,81.74021097757938,84.32133758403809,0.0
Tomato,2,2023-02-12,75.5290756841742,79.55730234153725,74.0073018128134,78.69622455604531,0.0
Tomato,2,2023-02-19,72.13975209879531,75.5290756841742,72.18335848787423,75.40732629798283,0.0
Tomato,2,2023-02-26,69.33386992673078,72.13975209879531,69.99638189734162,71.68378607320442,0.0
Tomato,2,2023-03-05,67.06551473243769,69.33386992673078,68.1688819795811,68.89053245643774,0.0
Tomato,2,2023-03-12,66.00667911028702,67.06551473243769,64.90673434198911,67.44992579920824,0.0
Tomato,2,2023-03-19,66.14003665918906,66.00667911028702,65.71049763270516,66.59724467253525,0.0
Tomato,2,2023-03-26,67.46776959358033,66.14003665918906,67.31485148205593,67.35709186071952,0.0
Tomato,2,2023-04-02,70.01160445238727,67.46776959358033,70.09463231671532,68.64374801574525,0.0
Tomato,2,2023-04-09,71.84396283191487,70.01160445238727,72.84588724724924,71.27287414099354,1.0
Tomato,2,2023-04-16,72.99482877837355,71.84396283191487,72.73459799543052,73.03950206798359,0.0
Tomato,2,2023-04-23,73.48303464361446,72.99482877837355,73.54536260771368,73.74052013741667,0.0
Tomato,2,2023-04-30,73.31656925088701,73.48303464361446,73.96150478098438,73.77232957192676,0.0
Tomato,2,2023-05-07,72.49270862103747,73.31656925088701,73.39496032105531,73.72236273891268,0.0
Tomato,2,2023-05-14,72.10059314985813,72.49270862103747,71.74161836821077,72.87663203240679,0.0
Tomato,2,2023-05-21,72.1338064023661,72.10059314985813,72.2040859520679,72.49360921998561,0.0
Tomato,2,2023-05-28,72.59289186814783,72.1338064023661,72.94715555978418,72.53959989039177,0.0
Tomato,2,2023-06-04,73.48536185482523,72.59289186814783,74.03180449407171,73.01166730741022,0.0
Tomato,2,2023-06-11,74.24221433213322,73.48536185482523,74.3894879724018,73.98489065030596,0.0
Tomato,2,2023-06-18,74.87583415879143,74.24221433213322,74.86459112552575,74.98250080159275,0.0
Tomato,3,2023-06-25,75.39658965923601,74.87583415879143,75.43848948952343,76.03008335007561,0.0
Tomato,3,2023-07-02,75.81300228711066,75.39658965923601,75.85713949544235,76.56597723820025,0.0
Tomato,3,2023-07-09,77.98987161250946,75.81300228711066,76.22407473154081,76.87511116143165,0.0
Tomato,3,2023-07-16,81.96281913348442,77.98987161250946,80.96201887423,78.52553116412994,1.0
Tomato,3,2023-07-23,87.79685671856052,81.96281913348442,86.08394318695497,82.7448610407949,0.0
Tomato,3,2023-07-30,95.58745043731184,87.79685671856052,94.31519831798826,88.8287400775159,0.0
Tomato,3,2023-08-06,105.46208273240872,95.58745043731184,102.35849900643808,97.80060475326033,0.0
Tomato,3,2023-08-13,111.38495063040084,105.46208273240872,114.39738433420946,105.98854022094555,0.0
Tomato,3,2023-08-20,113.45297378780069,111.38495063040084,113.26223753153394,110.90469836447066,1.0
Tomato,3,2023-08-27,111.6999925835475,113.45297378780069,111.6734187925455,112.58160686971368,0.0
Tomato,3,2023-09-03,106.09732187066268,111.6999925835475,105.81810610045181,109.37617604569044,0.0
Tomato,3,2023-09-10,101.94899692538168,106.09732187066268,100.34628096655022,103.87245095048141,0.0
Tomato,3,2023-09-17,99.1871360667817,101.94899692538168,99.44995964863523,100.00640990736868,0.0
Tomato,3,2023-09-24,97.76654520808566,99.1871360667817,98.06972350843328,97.59664262615365,0.0
Tomato,3,2023-10-01,97.66397831706036,97.76654520808566,97.322693560456,95.86715033828128,0.0
Tomato,3,2023-10-08,97.79886336209812,97.66397831706036,97.56155381083957,95.69989786414135,0.0
Tomato,3,2023-10-15,98.17340755302692,97.79886336209812,98.12082384276802,95.44621772649326,0.0
Tomato,3,2023-10-22,98.7937397947892,98.17340755302692,98.65823654400586,96.8944783194759,0.0
Tomato,3,2023-10-29,99.6700109786138,98.7937397947892,99.56272704744698,99.11720579773034,0.0
Tomato,3,2023-11-05,100.81656008750872,99.6700109786138,100.60953458827571,99.47848227087111,0.0
Tomato,3,2023-11-12,100.6203634057306,100.81656008750872,102.00673306828497,100.83043227136807,0.0
Tomato,3,2023-11-19,99.07821044212298,100.6203634057306,99.78034164053886,100.61884859093654,0.0
Tomato,3,2023-11-26,96.16486596637236,99.07821044212298,96.82706903311588,98.8907691825004,0.0
Tomato,3,2023-12-03,91.83265706887548,96.16486596637236,92.64238748887922,96.58756833844649,0.0
Tomato,3,2023-12-10,87.90005448085854,91.83265706887548,88.00815332265049,90.74354287972753,0.0
Tomato,3,2023-12-17,84.30270652360855,87.90005448085854,84.99593421347265,87.39472558719704,0.0
Tomato,3,2023-12-24,80.9817475032796,84.30270652360855,81.93473887242007,82.38854543752609,0.0
Tomato,3,2023-12-31,77.88283445408447,80.9817475032796,78.70316246048102,79.88416361331836,0.0
Tomato,3,2024-01-07,74.95525788976363,77.88283445408447,75.0458133005761,77.89443440457686,0.0
Tomato,3,2024-01-14,75.78912417385821,74.95525788976363,72.73537810255883,75.7262914748352,0.0
Tomato,3,2024-01-21,80.3980783910171,75.78912417385821,78.87139338419246,75.34517337177043,0.0
Tomato,3,2024-01-28,88.85753979206646,80.3980783910171,87.51182493952004,80.75286562150873,1.0
Tomato,3,2024-02-04,101.30593592720533,88.85753979206646,97.95482818409613,90.61475588799084,0.0
Tomato,3,2024-02-11,109.53428235474638,101.30593592720533,113.38895928233626,103.87209207611585,1.0
Tomato,3,2024-02-18,113.67722474350388,109.53428235474638,112.37162552763128,110.76191714230589,0.0
Tomato,3,2024-02-25,113.80255669620291,113.67722474350388,113.58574553307788,113.97771872891839,0.0
Tomato,4,2024-03-03,109.9123290993423,113.80255669620291,109.58082818845932,112.90024453666464,0.0
Tomato,4,2024-03-10,105.54548249968616,109.9123290993423,105.67494690530532,108.5329470850677,0.0
Tomato,4,2024-03-17,100.63055940742196,105.54548249968616,101.35847784393357,103.92394326457111,0.0
Tomato,4,2024-03-24,95.08713380831264,100.63055940742196,96.02501496186078,98.00492664451302,0.0
Tomato,4,2024-03-31,88.82449510164548,95.08713380831264,89.52002418754186,92.00127808588528,0.0
Tomato,4,2024-04-07,81.74016374494778,88.82449510164548,82.75092402701114,85.79863526888181,0.0
Tomato,4,2024-04-14,77.24304710619589,81.74016374494778,75.52642205692545,80.16967672254788,1.0
Tomato,4,2024-04-21,75.2595560040284,77.24304710619589,75.24013772917979,76.25330119125982,0.0
Tomato,4,2024-04-28,75.75723331131891,75.2595560040284,75.83033083469122,75.87053794525154,0.0
Tomato,4,2024-05-05,78.74422283855039,75.75723331131891,78.48515161261936,76.8605106369491,0.0
Tomato,4,2024-05-12,79.37203650158156,78.74422283855039,81.92271263862095,80.1916800328787,0.0
Tomato,4,2024-05-19,77.6509476148983,79.37203650158156,78.5971578309758,80.77673129719008,0.0
Tomato,4,2024-05-26,73.55279290580947,77.6509476148983,74.36941864691833,78.31246177791557,0.0
Tomato,4,2024-06-02,67.01051166089361,73.55279290580947,68.50859926304662,73.94425573849875,1.0
Tomato,4,2024-06-09,65.11235638441121,67.01051166089361,61.23994055916035,67.75122203858679,0.0
Tomato,4,2024-06-16,67.8272663536562,65.11235638441121,66.95723668847485,66.20361109556234,0.0
Tomato,4,2024-06-23,75.19966736812522,67.8272663536562,74.23201749067742,69.06317068963185,0.0
Tomato,4,2024-06-30,87.350198717146,75.19966736812522,85.47922966955089,76.44074824829032,0.0
Tomato,4,2024-07-07,104.47768727733892,87.350198717146,98.77034099770297,89.9845330429364,1.0
Tomato,4,2024-07-14,116.41610136239233,104.47768727733892,121.35505218099999,107.12550417377751,0.0
Tomato,4,2024-07-21,123.3607968391525,116.41610136239233,123.35885555355196,118.12549748627843,0.0
Tomato,4,2024-07-28,125.42541417905736,123.3607968391525,124.53055934269861,124.50152435914151,0.0
Tomato,4,2024-08-04,122.6437380294872,125.42541417905736,120.51732693494759,124.93540168234753,0.0
Tomato,4,2024-08-11,120.68827200782488,122.6437380294872,119.57018245067005,120.58061933327443,0.0
Tomato,4,2024-08-18,119.52701757917048,120.68827200782488,119.69228843412795,118.30608297240923,0.0
Tomato,4,2024-08-25,119.14097239832782,119.52701757917048,119.11449233722065,117.36861394414545,0.0
Tomato,4,2024-09-01,119.5238193623377,119.14097239832782,117.78895725477977,117.12782289843463,0.0
Tomato,4,2024-09-08,117.37335228159232,119.5238193623377,119.25460257197179,117.60343912761938,1.0
Tomato,4,2024-09-15,112.65438169477054,117.37335228159232,113.76947794531435,115.34318637087149,0.0
Tomato,4,2024-09-22,105.28968808317885,112.65438169477054,106.60161704501728,110.57245034215518,0.0
Tomato,4,2024-09-29,95.15875827862756,105.28968808317885,96.11799761584845,103.47318777704939,0.0
Tomato,4,2024-10-06,82.09581342976949,95.15875827862756,85.46204642575071,93.4815356691076,1.0
Tomato,4,2024-10-13,77.38927016694028,82.09581342976949,69.74269902996619,81.2387480501499,0.0
Tomato,4,2024-10-20,80.96211232765732,77.38927016694028,78.76600014668222,76.58353308875043,0.0
Tomato,4,2024-10-27,92.87280460182328,80.96211232765732,90.62084173653136,80.26923020704804,0.0
Tomato,4,2024-11-03,113.3162492266516,92.87280460182328,110.64835157926585,94.92810865226883,0.0
Upo,1,2022-02-06,60.796256123793185,59.34148282303387,60.800936448047295,59.973132078786435,0.0
Upo,1,2022-02-13,61.127641167277275,60.796256123793185,62.03934786917602,61.312930940401614,0.0
Upo,1,2022-02-20,60.33577321268707,61.127641167277275,60.72545848048629,61.669616009825646,0.0
Upo,1,2022-02-27,58.420329048613,60.33577321268707,58.85189517777768,60.70330078698784,0.0
Upo,1,2022-03-06,55.380526861109914,58.420329048613,55.9928497468485,58.782412751892494,0.0
Upo,1,2022-03-13,53.21280210992445,55.380526861109914,52.521348077749415,55.984174570002736,0.0
Upo,1,2022-03-20,51.91627000944324,53.21280210992445,52.08988232170316,53.7432216384088,0.0
Upo,1,2022-03-27,51.49040136289115,51.91627000944324,51.73583400309055,52.32097279207416,1.0
Upo,1,2022-04-03,51.935022346330086,51.49040136289115,52.01717851563888,51.85927117418761,1.0
Upo,1,2022-04-10,51.60696026543532,51.935022346330086,52.82441737083193,52.30389215762655,1.0
Upo,1,2022-04-17,50.50608121731621,51.60696026543532,50.596098863720876,52.14042380312834,0.0
Upo,1,2022-04-24,48.63193586358575,50.50608121731621,49.094723705298954,50.95994591095787,0.0
Upo,1,2022-05-01,45.98375924695718,48.63193586358575,46.206497176181834,49.10397687444238,0.0
Upo,1,2022-05-08,44.58150793512637,45.98375924695718,43.50802953866738,46.61758818496453,0.0
Upo,1,2022-05-15,44.424609580619304,44.58150793512637,44.17468909859112,45.170079662402216,0.0
Upo,1,2022-05-22,45.51300014329105,44.424609580619304,45.28790130143015,44.80035583077189,1.0
Upo,1,2022-05-29,47.84712386418791,45.51300014329105,47.486920298607444,46.00030244660526,0.0
Upo,1,2022-06-05,51.42793344686943,47.84712386418791,50.22252802732673,48.233580860390376,0.0
Upo,1,2022-06-12,53.95661070487053,51.42793344686943,54.96961858213408,51.89204492400604,0.0
Upo,1,2022-06-19,55.43418775135741,53.95661070487053,55.44981317492971,54.5734123840049,1.0
Upo,1,2022-06-26,55.86126767900227,55.43418775135741,55.55299036877673,56.04310075575576,0.0
Upo,1,2022-07-03,55.238024806142974,55.86126767900227,54.747728113210165,56.37604760434864,0.0
Upo,1,2022-07-10,54.55461378150484,55.238024806142974,54.368638614446134,55.772612785459685,0.0
Upo,1,2022-07-17,53.810755661811655,54.55461378150484,54.0913084285293,55.100766015582295,0.0
Upo,1,2022-07-24,53.00614683150515,53.810755661811655,52.95982132818273,54.19052206644041,1.0
Upo,1,2022-07-31,52.14045887881743,53.00614683150515,52.255717158915836,53.33288936137423,0.0
Upo,1,2022-08-07,51.213338461727304,52.14045887881743,51.32947866950227,52.416958090605604,0.0
Upo,1,2022-08-14,50.757228794999506,51.213338461727304,50.42626795109033,51.58564063629548,0.0
Upo,1,2022-08-21,50.771943711422935,50.757228794999506,50.63740285897137,51.104230884023096,0.0
Upo,1,2022-08-28,51.25748921708664,50.771943711422935,51.16686606608464,51.14424588599111,0.0
Upo,1,2022-09-04,52.21406349382899,51.25748921708664,52.1162978091475,51.7107008226355,0.0
Upo,1,2022-09-11,53.67874814813486,52.21406349382899,53.19553469909908,52.67213558993838,1.0
Upo,1,2022-09-18,55.6521410104756,53.67874814813486,55.16965033047822,53.86101609711996,0.0
Upo,1,2022-09-25,58.13504754732516,55.6521410104756,57.71750192405852,55.866126289678064,0.0
Upo,1,2022-10-02,61.12848118992356,58.13504754732516,60.549816646945324,58.5284854097214,0.0
Upo,1,2022-10-09,63.50992348558465,61.12848118992356,63.90299050179683,61.35913155527619,0.0
Upo,2,2022-10-16,65.28034645157216,63.50992348558465,65.08551877230475,63.95725112921754,0.0
Upo,2,2022-10-23,66.44047270950456,65.28034645157216,66.15017688096677,65.42358831899521,0.0
Upo,2,2022-10-30,66.99077578030388,66.44047270950456,66.73833036673466,66.37070002642055,1.0
Upo,2,2022-11-06,66.93148027746777,66.99077578030388,67.4780077474357,67.03754075012962,0.0
Upo,2,2022-11-13,66.26733018085919,66.93148027746777,66.35323776153875,66.77390902130703,0.0
Upo,2,2022-11-20,64.99805440880586,66.26733018085919,65.43128403929835,66.07312303409539,1.0
Upo,2,2022-11-27,63.12313488956387,64.99805440880586,63.33759516375165,64.84588778890897,0.0
Upo,2,2022-12-04,60.641806349860715,63.12313488956387,61.166946275667925,63.04020007040198,0.0
Upo,2,2022-12-11,58.79290396330517,60.641806349860715,58.360025022018505,60.51512973080783,0.0
Upo,2,2022-12-18,57.57567307586204,58.79290396330517,57.72716691079023,58.73616960255068,0.0
Upo,2,2022-12-25,56.98961685859827,57.57567307586204,57.03969443374764,57.592702040917985,0.0
Upo,2,2023-01-01,57.03449610489379,56.98961685859827,57.407991657521,57.062102372583425,0.0
Upo,2,2023-01-08,57.1307759298294,57.03449610489379,57.08184646403668,57.229385799346076,0.0
Upo,2,2023-01-15,57.27849563129202,57.1307759298294,57.34296083646179,57.38652658595733,0.0
Upo,2,2023-01-22,57.47771550303817,57.27849563129202,57.322286927573266,57.4733853257443,0.0
Upo,2,2023-01-29,57.72851685930114,57.47771550303817,57.819903647408196,57.605319004119636,0.0
Upo,2,2023-02-05,58.03100206798082,57.72851685930114,58.07240056540233,57.6718264457963,0.0
Upo,2,2023-02-12,57.33977692215508,58.03100206798082,58.369117091977145,57.72630857771402,0.0
Upo,2,2023-02-19,55.65455928911128,57.33977692215508,56.0822249457496,56.69581167786187,0.0
Upo,2,2023-02-26,52.97466132491731,55.65455928911128,53.56520985359946,54.9789125071899,0.0
Upo,2,2023-03-05,49.29898919366998,52.97466132491731,49.66550338062317,52.50001001804971,0.0
Upo,2,2023-03-12,47.24147861466555,49.29898919366998,46.127534462299,48.75594486498041,0.0
Upo,2,2023-03-19,46.801289787667784,47.24147861466555,46.58925527078726,46.8143491970077,0.0
Upo,2,2023-03-26,47.978243043767876,46.801289787667784,47.973627076732285,46.79693594590107,0.0
Upo,2,2023-04-02,50.7728187720498,47.978243043767876,50.43149981898414,48.21052265738196,0.0
Upo,2,2023-04-09,52.76888854311268,50.7728187720498,53.8393222524213,50.96377992436494,1.0
Upo,2,2023-04-16,53.96726707931181,52.76888854311268,53.66033823945894,52.50264565156262,0.0
Upo,2,2023-04-23,54.36844351474362,53.96726707931181,54.034522719437334,54.086183583396874,0.0
Upo,2,2023-04-30,53.97258159489196,54.36844351474362,53.69520310557551,54.26156246993857,0.0
Upo,2,2023-05-07,52.779519743463325,53.97258159489196,53.62356409148859,53.60613545746368,0.0
Upo,2,2023-05-14,51.690705079708906,52.779519743463325,51.27822335297701,52.40560559107952,0.0
Upo,2,2023-05-21,50.70569318948016,51.690705079708906,50.814031294088906,51.59210302320561,0.0
Upo,2,2023-05-28,49.82408202710765,50.70569318948016,49.654015753811095,51.102540735580774,0.0
Upo,2,2023-06-04,49.04551175130071,49.82408202710765,49.576181073196935,50.01813679459708,0.0
Upo,2,2023-06-11,48.7159278996689,49.04551175130071,48.05313522943374,48.979363701171295,0.0
Upo,2,2023-06-18,48.83519594819161,48.7159278996689,48.82069823429349,48.423717261145796,0.0
Upo,3,2023-06-25,49.40336457770452,48.83519594819161,49.217446842207686,48.84245020319584,0.0
Upo,3,2023-07-02,50.4206656937708,49.40336457770452,50.368749047803846,49.41536175217614,0.0
Upo,3,2023-07-09,51.26141402202701,50.4206656937708,51.369665902962524,50.322152381132994,0.0
Upo,3,2023-07-16,51.92595272505584,51.26141402202701,51.72152526615161,51.243741945205684,1.0
Upo,3,2023-07-23,52.41455304314469,51.92595272505584,52.22135757001434,51.83817761385742,0.0
Upo,3,2023-07-30,52.72741440499449,52.41455304314469,52.64394937551593,52.234600570696344,0.0
Upo,3,2023-08-06,52.86466450912066,52.72741440499449,52.978400795048195,52.92997855508948,0.0
Upo,3,2023-08-13,52.84170996457466,52.86466450912066,52.836524200369404,53.064373358312324,0.0
Upo,3,2023-08-20,52.658541402155336,52.84170996457466,52.686256448172244,52.9684990724934,1.0
Upo,3,2023-08-27,52.31508405918363,52.658541402155336,52.39702101344433,52.64921141725945,0.0
Upo,3,2023-09-03,51.81119774898913,52.31508405918363,52.03153330961554,52.594707120602166,0.0
Upo,3,2023-09-10,51.71716660422199,51.81119774898913,51.29542257723534,52.048973059863116,0.0
Upo,3,2023-09-17,52.03295224482294,51.71716660422199,51.946379162670894,51.88500541609638,0.0
Upo,3,2023-09-24,52.75868356289017,52.03295224482294,52.66736574832382,51.873263891284424,0.0
Upo,3,2023-10-01,53.89465677528854,52.75868356289017,53.82429572685672,52.47445598305809,0.0
Upo,3,2023-10-08,54.69627468145991,53.89465677528854,55.03706972675961,53.8215086811709,0.0
Upo,3,2023-10-15,55.16386447238706,54.69627468145991,55.121719115626476,55.07264740623141,0.0
Upo,3,2023-10-22,55.29761700104554,55.16386447238706,55.23406544260337,55.370161974308715,0.0
Upo,3,2023-10-29,55.09758686030462,55.29761700104554,55.09004428759876,55.07087801169236,0.0
Upo,3,2023-11-05,54.563692405208215,55.09758686030462,54.89333592877337,55.03430555517032,0.0
Upo,3,2023-11-12,54.624620970551874,54.563692405208215,53.877554754703134,54.617050378903016,0.0
Upo,3,2023-11-19,55.28039742513688,54.624620970551874,55.03171739931848,54.51250792688599,0.0
Upo,3,2023-11-26,56.53128943282253,55.28039742513688,56.30617032982711,55.035842056117374,0.0
Upo,3,2023-12-03,58.37780756177587,56.53128943282253,58.25161824310135,56.127055738745995,0.0
Upo,3,2023-12-10,59.498860306933366,58.37780756177587,60.07625526388342,58.31987088592929,0.0
Upo,3,2023-12-17,59.89490524084427,59.498860306933366,59.839065983020404,59.37332276244446,0.0
Upo,3,2023-12-24,59.56610401450196,59.89490524084427,59.551175412433246,59.86880340949752,0.0
Upo,3,2023-12-31,58.512322423324306,59.56610401450196,58.61555205225273,59.49332905291119,0.0
Upo,3,2024-01-07,56.73313035237619,58.512322423324306,57.403638188480315,58.44124918924304,0.0
Upo,3,2024-01-14,56.09628478076901,56.73313035237619,54.8126648939727,56.546204643128604,0.0
Upo,3,2024-01-21,56.60152577153487,56.09628478076901,56.25833925332657,55.55863127496686,0.0
Upo,3,2024-01-28,58.24905954548588,56.60152577153487,58.04060338773665,56.16140242210669,1.0
Upo,3,2024-02-04,61.03955856538717,58.24905954548588,60.908026195551464,58.23827750669291,0.0
Upo,3,2024-02-11,62.73963222875689,61.03955856538717,63.79238750585906,60.82924846387807,1.0
Upo,3,2024-02-18,63.3499744432129,62.73963222875689,63.244694504594364,62.27321080341433,0.0
Upo,3,2024-02-25,62.870834328026106,63.3499744432129,62.9283878626227,62.48907666374818,0.0
Upo,4,2024-03-03,61.3020163158027,62.870834328026106,61.475738420921644,62.01693234571867,0.0
Upo,4,2024-03-10,60.29734177648932,61.3020163158027,59.670006046326925,60.44811433349527,0.0
Upo,4,2024-03-17,59.856400638844846,60.29734177648932,59.925774422328765,59.775435340999664,0.0
Upo,4,2024-03-24,59.97901292689541,59.856400638844846,60.02052647716905,59.64618866148221,0.0
Upo,4,2024-03-31,60.66522868647225,59.97901292689541,60.79954482759349,59.944951666373996,0.0
Upo,4,2024-04-07,61.9153280056408,60.66522868647225,61.25933928092961,60.58950541092999,0.0
Upo,4,2024-04-14,62.3171890999708,61.9153280056408,63.34360380579381,61.348647574274835,1.0
Upo,4,2024-04-21,61.8709759943991,62.3171890999708,62.175674747697805,61.33958238619898,0.0
Upo,4,2024-04-28,60.57650656112692,61.8709759943991,60.76083456353144,60.87971755199722,0.0
Upo,4,2024-05-05,58.43325244528428,60.57650656112692,58.42072454160403,59.6669357479479,0.0
Upo,4,2024-05-12,57.33483140157314,58.43325244528428,56.44950668658224,57.86474024397508,0.0
Upo,4,2024-05-19,57.2807950948734,57.33483140157314,57.21814809563397,56.79806260751339,0.0
Upo,4,2024-05-26,58.27112146954984,57.2807950948734,58.07940300743239,56.85881212105939,0.0
Upo,4,2024-06-02,60.306214740449334,58.27112146954984,60.03222138485239,58.23457674425096,1.0
Upo,4,2024-06-09,61.559419707073246,60.306214740449334,62.18924916059113,60.25456171291485,0.0
Upo,4,2024-06-16,62.03124788165242,61.559419707073246,62.00766232255026,61.35546352030185,0.0
Upo,4,2024-06-23,61.72189184711546,62.03124788165242,61.65218261428233,61.749405828715865,0.0
Upo,4,2024-06-30,60.631225335693344,61.72189184711546,60.56414196912149,61.45802798555464,0.0
Upo,4,2024-07-07,58.75880317738104,60.631225335693344,59.42015610547135,60.37933247098921,1.0
Upo,4,2024-07-14,57.40656782026572,58.75880317738104,56.796098960841846,58.45119597365904,0.0
Upo,4,2024-07-21,56.57396733154788,57.40656782026572,56.460713931613476,57.06515494818969,0.0
Upo,4,2024-07-28,56.26066187429389,56.57396733154788,56.3280302778901,56.348238938946864,0.0
Upo,4,2024-08-04,56.46652356872484,56.26066187429389,56.79697664684856,56.04570144820174,0.0
Upo,4,2024-08-11,56.53025160775793,56.46652356872484,56.699612031403994,56.45704280549809,0.0
Upo,4,2024-08-18,56.451872002836936,56.53025160775793,56.374869950337825,56.74105779872549,0.0
Upo,4,2024-08-25,56.231352762287216,56.451872002836936,56.2876518526131,56.68606985783266,0.0
Upo,4,2024-09-01,55.86860387825506,56.231352762287216,55.98441465011312,56.30041642576988,0.0
Upo,4,2024-09-08,55.949999169883725,55.86860387825506,55.59788249454185,55.97698736989038,1.0
Upo,4,2024-09-15,56.47557185974149,55.949999169883725,56.32491052428594,56.20786677437782,0.0
Upo,4,2024-09-22,57.44553646729351,56.47557185974149,57.289346522201235,56.875861663484855,0.0
Upo,4,2024-09-29,58.86028889646123,57.44553646729351,58.73912239304395,57.76092601106525,0.0
Upo,4,2024-10-06,60.720406597215984,58.86028889646123,60.22970361710061,59.16554654469083,1.0
Upo,4,2024-10-13,61.708125020298,60.720406597215984,62.5206048287787,60.9045677238296,0.0
Upo,4,2024-10-20,61.823847316084496,61.708125020298,62.009038793450664,61.3750920546379,0.0
Upo,4,2024-10-27,61.06762071816554,61.823847316084496,61.20824489237852,61.48514231282293,0.0
Upo,4,2024-11-03,59.43913656262383,61.06762071816554,59.501397040861406,60.81204550830951,0.0
