commodity,fold,week_end,y,naive,sarimax,xgb,shock_L1
Ampalaya,1,2022-02-06,106.10052936816972,108.8570754909807,107.75016717776232,106.57700733187731,0.0
Ampalaya,1,2022-02-13,103.80525486886069,106.10052936816972,102.99728672090411,103.21974485660355,0.0
Ampalaya,1,2022-02-20,102.76630270329348,103.80525486886069,103.4774679041992,102.47102039277121,0.0
Ampalaya,1,2022-02-27,103.32791316081295,102.76630270329348,101.77659215224674,102.06011110392443,0.0
Ampalaya,1,2022-03-06,104.21712547191676,103.32791316081295,104.92965421518254,101.57097243834744,0.0
Ampalaya,1,2022-03-13,103.62378728346836,104.21712547191676,105.33987521062623,103.11199658760127,0.0
Ampalaya,1,2022-03-20,108.0749820331155,103.62378728346836,102.88081234386144,102.51027715163242,0.0
Ampalaya,1,2022-03-27,100.08410505116164,108.0749820331155,111.35719019443448,106.48350547347653,1.0
Ampalaya,1,2022-04-03,97.48457965098726,100.08410505116164,92.0553726475617,99.24558601439178,1.0
Ampalaya,1,2022-04-10,94.3841735667755,97.48457965098726,96.38491267993979,96.31773277961122,1.0
Ampalaya,1,2022-04-17,94.6223268672169,94.3841735667755,89.43087188018032,93.68145006366271,0.0
Ampalaya,1,2022-04-24,95.50892012894612,94.6223268672169,100.1235041806095,93.75705041133769,0.0
Ampalaya,1,2022-05-01,100.48946726101296,95.50892012894612,96.02646761537164,95.2481740671442,0.0
Ampalaya,1,2022-05-08,102.48118530823513,100.48946726101296,107.88178149883014,101.04205369728463,0.0
Ampalaya,1,2022-05-15,103.7274355274113,102.48118530823513,99.35488212389916,102.45733944936319,0.0
Ampalaya,1,2022-05-22,101.7581531342258,103.7274355274113,107.37793155916503,103.60405267592986,1.0
Ampalaya,1,2022-05-29,98.1937585136492,101.7581531342258,94.87849832238942,101.00357591473956,0.0
Ampalaya,1,2022-06-05,94.62389719077215,98.1937585136492,98.00321965978176,97.52312841625998,0.0
Ampalaya,1,2022-06-12,93.39592472884196,94.62389719077215,88.18666630500991,93.71276145764456,0.0
Ampalaya,1,2022-06-19,92.27782395429526,93.39592472884196,97.38905116579525,92.52032957646388,1.0
Ampalaya,1,2022-06-26,92.38235423828462,92.27782395429526,89.13364655906186,91.34726747817908,0.0
Ampalaya,1,2022-07-03,92.30268358145683,92.38235423828462,95.37184811065707,92.1297444191108,0.0
Ampalaya,1,2022-07-10,92.00473613845244,92.30268358145683,89.10195145042508,92.40017715548008,0.0
Ampalaya,1,2022-07-17,88.95930778435859,92.00473613845244,92.8442261574108,92.31728087173835,0.0
Ampalaya,1,2022-07-24,89.59828972523977,88.95930778435859,84.20688552629362,88.72668313435706,1.0
Ampalaya,1,2022-07-31,89.63498281041933,89.59828972523977,91.27701683366362,89.30107816761304,0.0
Ampalaya,1,2022-08-07,89.71262523771306,89.63498281041933,87.79749786281526,89.48628965119673,0.0
Ampalaya,1,2022-08-14,90.56969606910884,89.71262523771306,92.17452048607925,89.61776662857314,0.0
Ampalaya,1,2022-08-21,91.33115794000057,90.56969606910884,88.03128709568551,90.6018629785353,0.0
Ampalaya,1,2022-08-28,93.70652077551335,91.33115794000057,93.18413878613919,91.40760752049115,0.0
Ampalaya,1,2022-09-04,96.10810829357206,93.70652077551335,93.89709760521767,93.90742812509984,0.0
Ampalaya,1,2022-09-11,96.4121717727443,96.10810829357206,99.8830136781057,96.53238786415159,1.0
Ampalaya,1,2022-09-18,96.27373690591202,96.4121717727443,93.42737872106898,96.53408466937745,0.0
Ampalaya,1,2022-09-25,92.20598289639608,96.27373690591202,95.968243699778,95.91563118682251,0.0
Ampalaya,1,2022-10-02,86.89696969624043,92.20598289639608,86.67897231921616,91.23386290938512,0.0
Ampalaya,1,2022-10-09,83.69516836466975,86.89696969624043,84.65354969509852,86.73222567673207,0.0
Ampalaya,2,2022-10-16,84.59325226498717,83.69516836466975,82.00041252947346,83.72913934650607,0.0
Ampalaya,2,2022-10-23,84.29061207548874,84.59325226498717,85.96395162072125,84.34051852775687,0.0
Ampalaya,2,2022-10-30,86.37399779612684,84.29061207548874,88.11281905858101,84.81766519324081,1.0
Ampalaya,2,2022-11-06,87.95502456056856,86.37399779612684,87.40455550860592,87.14586787278319,0.0
Ampalaya,2,2022-11-13,89.53342935204482,87.95502456056856,89.88407375782974,88.77933003532671,0.0
Ampalaya,2,2022-11-20,92.15016070365238,89.53342935204482,90.81527711518508,90.70726713299727,1.0
Ampalaya,2,2022-11-27,93.6813854020182,92.15016070365238,94.6597150600721,92.7472782468729,0.0
Ampalaya,2,2022-12-04,96.19170655269863,93.6813854020182,95.47159809281092,93.95774960928595,0.0
Ampalaya,2,2022-12-11,97.93910105930208,96.19170655269863,97.87980429594408,96.44724382419827,0.0
Ampalaya,2,2022-12-18,98.9418420805556,97.93910105930208,99.24371308339218,98.41171507941125,0.0
Ampalaya,2,2022-12-25,100.24735023932388,98.9418420805556,100.31686011586137,98.62599262734477,0.0
Ampalaya,2,2023-01-01,100.00674950298976,100.24735023932388,100.56937582917008,100.19080595778158,0.0
Ampalaya,2,2023-01-08,99.15168598237273,100.00674950298976,100.22985494540248,99.90014174548101,0.0
Ampalaya,2,2023-01-15,102.46997580392396,99.15168598237273,99.08144117135649,99.07058794739481,0.0
Ampalaya,2,2023-01-22,105.35786970983531,102.46997580392396,104.01562358730294,102.4345918716315,0.0
Ampalaya,2,2023-01-29,109.66371912668006,105.35786970983531,108.96756804640066,105.79921540151622,0.0
Ampalaya,2,2023-02-05,115.59915717577525,109.66371912668006,113.38012908022235,109.4677643121268,0.0
Ampalaya,2,2023-02-12,117.6435045356672,115.59915717577525,119.21657558496241,115.03851773476191,0.0
Ampalaya,2,2023-02-19,117.1459408808388,117.6435045356672,117.75622631125162,116.15398875426462,0.0
Ampalaya,2,2023-02-26,117.49139722764004,117.1459408808388,116.00446800291328,115.16972468382494,0.0
Ampalaya,2,2023-03-05,115.59461165698454,117.49139722764004,115.32531187873577,114.49358424126613,0.0
Ampalaya,2,2023-03-12,114.49928012187964,115.59461165698454,113.83407855359899,112.19258166583464,0.0
Ampalaya,2,2023-03-19,113.00000383687716,114.49928012187964,114.64759236318841,111.16341677005774,0.0
Ampalaya,2,2023-03-26,112.2261044242745,113.00000383687716,112.4853940468566,110.14583113027315,0.0
Ampalaya,2,2023-04-02,111.03555764626492,112.2261044242745,111.64265920876572,108.90997640875631,0.0
Ampalaya,2,2023-04-09,111.75244258647524,111.03555764626492,110.5278105662409,107.49291791390408,1.0
Ampalaya,2,2023-04-16,112.49884946142636,111.75244258647524,111.62852451718186,108.24287222629152,0.0
Ampalaya,2,2023-04-23,110.06543798133364,112.49884946142636,113.41878263399457,108.9282251099249,0.0
Ampalaya,2,2023-04-30,108.79771222671936,110.06543798133364,109.58023176322901,106.98656077071658,0.0
Ampalaya,2,2023-05-07,105.97732155355676,108.79771222671936,106.49002965152798,106.52337112030456,0.0
Ampalaya,2,2023-05-14,102.55224312836562,105.97732155355676,103.50496680252891,103.73245661291345,0.0
Ampalaya,2,2023-05-21,100.670832948295,102.55224312836562,100.56963466481871,101.47282303864394,0.0
Ampalaya,2,2023-05-28,98.47960234606592,100.670832948295,99.42485419628957,99.63495309790743,0.0
Ampalaya,2,2023-06-04,95.65095214192904,98.47960234606592,97.55532183504187,97.13351047957269,0.0
Ampalaya,2,2023-06-11,93.00279936788968,95.65095214192904,94.19027415019215,94.70903478210009,0.0
Ampalaya,2,2023-06-18,90.60887095748176,93.00279936788968,91.1337718672534,92.27922288177899,0.0
Ampalaya,3,2023-06-25,90.05737758627595,90.60887095748176,88.82139575444394,90.51385100601901,0.0
Ampalaya,3,2023-07-02,90.04553839437203,90.05737758627595,89.55551256055941,89.8074683790511,0.0
Ampalaya,3,2023-07-09,86.83128837523189,90.04553839437203,90.25730195529917,89.84887690715031,0.0
Ampalaya,3,2023-07-16,88.54293913154443,86.83128837523189,85.4815993954207,87.17360500273433,1.0
Ampalaya,3,2023-07-23,88.15380553583778,88.54293913154443,86.69242174516916,88.28477040438493,0.0
Ampalaya,3,2023-07-30,86.82642852899374,88.15380553583778,88.40547330261396,87.75136126260436,0.0
Ampalaya,3,2023-08-06,86.09052438734271,86.82642852899374,86.20607567488267,86.55853402253928,0.0
Ampalaya,3,2023-08-13,86.09217100825762,86.09052438734271,84.23813423113023,85.45638592241504,0.0
Ampalaya,3,2023-08-20,84.34856786726412,86.09217100825762,85.04713438154467,85.62635445085024,1.0
Ampalaya,3,2023-08-27,82.7887367483215,84.34856786726412,83.5450523899724,84.38486710338292,0.0
Ampalaya,3,2023-09-03,81.91506046605052,82.7887367483215,81.0773220290953,82.56942357383534,0.0
Ampalaya,3,2023-09-10,80.43753570923856,81.91506046605052,80.43060804172069,80.99176264357509,0.0
Ampalaya,3,2023-09-17,80.88472054541496,80.43753570923856,80.3886684486365,80.0669674337869,0.0
Ampalaya,3,2023-09-24,83.08268335971134,80.88472054541496,81.18470838126237,80.72547204435257,0.0
Ampalaya,3,2023-10-01,84.83907581234311,83.08268335971134,84.7103440421403,83.57669753345745,0.0
Ampalaya,3,2023-10-08,85.68164897572521,84.83907581234311,86.87023065714413,84.45768428707456,0.0
Ampalaya,3,2023-10-15,86.22975743517735,85.68164897572521,86.52314247646396,86.04263967883114,0.0
Ampalaya,3,2023-10-22,86.40702651860576,86.22975743517735,85.8760396430286,86.73421800837376,0.0
Ampalaya,3,2023-10-29,87.24249122842323,86.40702651860576,86.34568061447008,86.91386001231533,0.0
Ampalaya,3,2023-11-05,87.06240306766314,87.24249122842323,88.48581558590098,87.709987593732,0.0
Ampalaya,3,2023-11-12,86.75691708063398,87.06240306766314,87.93730521291592,87.51209984691424,0.0
Ampalaya,3,2023-11-19,85.76508697875629,86.75691708063398,87.03825364993926,87.23871298765455,0.0
Ampalaya,3,2023-11-26,85.73559287402449,85.76508697875629,85.34964819495767,86.16553428777347,0.0
Ampalaya,3,2023-12-03,85.78715425949531,85.73559287402449,86.09532753360718,86.24078366372405,0.0
Ampalaya,3,2023-12-10,86.31386032811528,85.78715425949531,87.06057058122202,86.32544666748481,0.0
Ampalaya,3,2023-12-17,85.69243079339793,86.31386032811528,87.2823057593047,86.34703006333834,0.0
Ampalaya,3,2023-12-24,84.63412121557766,85.69243079339793,85.78871785221614,85.70103661631873,0.0
Ampalaya,3,2023-12-31,85.07243337063943,84.63412121557766,84.17310411885781,85.20226064943844,0.0
Ampalaya,3,2024-01-07,83.80035445215228,85.07243337063943,85.21907930120932,85.11035981728588,0.0
Ampalaya,3,2024-01-14,84.38310376042028,83.80035445215228,83.90573475339525,83.60440726699355,0.0
Ampalaya,3,2024-01-21,84.12788374176934,84.38310376042028,85.49310963566242,84.29480722033878,0.0
Ampalaya,3,2024-01-28,90.3686581896414,84.12788374176934,85.46740130193905,85.29856188050225,1.0
Ampalaya,3,2024-02-04,92.47244586585832,90.3686581896414,93.43697895424208,90.8707773135771,0.0
Ampalaya,3,2024-02-11,99.36186555797994,92.47244586585832,97.11838674542761,94.18105270503831,1.0
Ampalaya,3,2024-02-18,102.11175562102216,99.36186555797994,101.67603905946059,99.9638660925144,0.0
Ampalaya,3,2024-02-25,103.05393285467493,102.11175562102216,104.02014587842424,102.43032858926671,0.0
Ampalaya,4,2024-03-03,104.84869353476935,103.05393285467493,103.00984076339475,102.50782395317422,0.0
Ampalaya,4,2024-03-10,106.38994971925288,104.84869353476935,104.33374559578436,102.83095948401862,0.0
Ampalaya,4,2024-03-17,106.55460796564267,106.38994971925288,106.57309351730635,103.94949165994197,0.0
Ampalaya,4,2024-03-24,106.89890102790676,106.55460796564267,107.63947974571575,103.79971275537656,0.0
Ampalaya,4,2024-03-31,107.40784770532298,106.89890102790676,106.67109776928068,104.08092050002895,0.0
Ampalaya,4,2024-04-07,105.838980307501,107.40784770532298,107.41789637430058,106.4199836878364,0.0
Ampalaya,4,2024-04-14,106.80294728504896,105.838980307501,104.45877175240437,104.49081515304391,1.0
Ampalaya,4,2024-04-21,107.97194629314794,106.80294728504896,107.12455261307527,105.56155920254469,0.0
Ampalaya,4,2024-04-28,108.06612615404146,107.97194629314794,109.34004391071339,106.64524083736791,0.0
Ampalaya,4,2024-05-05,110.45745841780248,108.06612615404146,109.37600586432295,107.24242918310182,0.0
Ampalaya,4,2024-05-12,110.81352824696144,110.45745841780248,111.00568061477225,109.46469698467794,0.0
Ampalaya,4,2024-05-19,112.21757157287864,110.81352824696144,110.98897904621687,109.87822753914436,0.0
Ampalaya,4,2024-05-26,112.51144170885703,112.21757157287864,112.53575207537648,111.35279859743385,0.0
Ampalaya,4,2024-06-02,114.09178169676431,112.51144170885703,112.80271220827944,111.8445999038758,1.0
Ampalaya,4,2024-06-09,114.93439226520228,114.09178169676431,114.190400779215,113.16556205460199,0.0
Ampalaya,4,2024-06-16,114.01608759847088,114.93439226520228,115.33898038835031,113.9515452302711,0.0
Ampalaya,4,2024-06-23,115.07845368582218,114.01608759847088,113.42945361638681,112.92375034776134,0.0
Ampalaya,4,2024-06-30,112.72928469757105,115.07845368582218,114.30167327399417,114.4878156443259,0.0
Ampalaya,4,2024-07-07,114.24500978807023,112.72928469757105,111.87802463125293,112.1565313873675,1.0
Ampalaya,4,2024-07-14,113.87123892397037,114.24500978807023,113.11294363467712,113.61513365129045,0.0
Ampalaya,4,2024-07-21,111.3430279605348,113.87123892397037,113.80257220200139,112.97250733465305,0.0
Ampalaya,4,2024-07-28,109.86072326581964,111.3430279605348,109.59458950835372,110.10589934515546,0.0
Ampalaya,4,2024-08-04,106.83576022530303,109.86072326581964,107.25289319354239,108.28482044618616,0.0
Ampalaya,4,2024-08-11,105.40265413808396,106.83576022530303,103.9841533973426,105.29632877255187,0.0
Ampalaya,4,2024-08-18,104.14437405884875,105.40265413808396,104.64668579244443,103.82843050050309,0.0
Ampalaya,4,2024-08-25,104.61721164864936,104.14437405884875,103.8846441878601,103.0168887835802,0.0
Ampalaya,4,2024-09-01,104.27068568854722,104.61721164864936,104.99718722207716,103.34584755582252,0.0
Ampalaya,4,2024-09-08,104.56166111821904,104.27068568854722,103.73820957628182,103.52422560840043,1.0
Ampalaya,4,2024-09-15,104.55645716273956,104.56166111821904,104.18566507516285,103.68246417636647,0.0
Ampalaya,4,2024-09-22,103.97042176420172,104.55645716273956,104.54042958109042,103.29541730964355,0.0
Ampalaya,4,2024-09-29,104.74077420812252,103.97042176420172,103.40480648067421,102.46361837083776,0.0
Ampalaya,4,2024-10-06,104.15005959288908,104.74077420812252,105.21889728883698,103.81429164987209,1.0
Ampalaya,4,2024-10-13,104.09384286791844,104.15005959288908,104.47042054523378,103.81921906487776,0.0
Ampalaya,4,2024-10-20,104.7356455678866,104.09384286791844,103.80320923787883,102.9991623202042,0.0
Ampalaya,4,2024-10-27,106.34045199232378,104.7356455678866,105.35607266497347,104.39284530829646,0.0
Ampalaya,4,2024-11-03,106.71570110479313,106.34045199232378,107.98095265204996,105.97114614324846,0.0
Cabbage,1,2022-02-06,87.9936498413249,86.29183836553759,86.83799146883564,87.18520756338305,0.0
Cabbage,1,2022-02-13,84.76624028470559,87.9936498413249,86.6687788061969,88.04309294097266,0.0
Cabbage,1,2022-02-20,81.71169249404663,84.76624028470559,85.32362700951218,84.84763516571564,0.0
Cabbage,1,2022-02-27,81.52841736230955,81.71169249404663,80.64644551310515,82.93204621661896,0.0
Cabbage,1,2022-03-06,75.90775617669445,81.52841736230955,77.85467912021664,83.02949966344939,0.0
Cabbage,1,2022-03-13,71.78652457759816,75.90775617669445,77.5544019886165,77.44010433266979,0.0
Cabbage,1,2022-03-20,67.71784347655691,71.78652457759816,71.06929048723053,73.87040953205067,0.0
Cabbage,1,2022-03-27,67.58787583958988,67.71784347655691,66.51154552453158,70.96195501449026,1.0
Cabbage,1,2022-04-03,64.5068376952523,67.58787583958988,72.15519751205142,69.82879042279606,1.0
Cabbage,1,2022-04-10,69.85915710217564,64.5068376952523,64.22979557280152,67.1093836718911,1.0
Cabbage,1,2022-04-17,77.21347553328611,69.85915710217564,73.99865637526467,71.35987211949437,0.0
Cabbage,1,2022-04-24,70.6605296756714,77.21347553328611,76.62643170949079,77.73883909777739,0.0
Cabbage,1,2022-05-01,68.51000101151112,70.6605296756714,76.87203123386061,72.40368479747468,0.0
Cabbage,1,2022-05-08,72.06125273721814,68.51000101151112,67.36197707353968,70.20875007691029,0.0
Cabbage,1,2022-05-15,69.77720376000312,72.06125273721814,76.09807885182073,72.47259452360272,0.0
Cabbage,1,2022-05-22,76.15726079424797,69.77720376000312,70.27147542952794,71.04262419686225,1.0
Cabbage,1,2022-05-29,82.64428179257563,76.15726079424797,82.40596184524377,78.54578914126336,0.0
Cabbage,1,2022-06-05,90.44663978618505,82.64428179257563,84.64842433710095,85.53427402966669,0.0
Cabbage,1,2022-06-12,91.3747775212583,90.44663978618505,96.1177810571245,91.81670583289983,0.0
Cabbage,1,2022-06-19,90.80259954355924,91.3747775212583,91.0358783300659,92.73257109082311,1.0
Cabbage,1,2022-06-26,92.05598307124409,90.80259954355924,94.27780442069822,92.40507947825162,0.0
Cabbage,1,2022-07-03,88.85008151925962,92.05598307124409,89.02954084114505,93.4650371121529,0.0
Cabbage,1,2022-07-10,94.4896217338421,88.85008151925962,91.8443313724041,90.32238943971555,0.0
Cabbage,1,2022-07-17,89.91175205826127,94.4896217338421,91.98349995006835,93.86154047173044,0.0
Cabbage,1,2022-07-24,93.38435532584688,89.91175205826127,93.67753544240595,92.24758226990068,1.0
Cabbage,1,2022-07-31,91.71418928381564,93.38435532584688,89.97966430143256,93.5926951660206,0.0
Cabbage,1,2022-08-07,86.32118793382999,91.71418928381564,93.12748067494731,92.8563058304465,0.0
Cabbage,1,2022-08-14,88.38914377683612,86.32118793382999,83.51859662557591,86.23532631054279,0.0
Cabbage,1,2022-08-21,90.86227692532374,88.38914377683612,90.76010163462128,87.76738579267474,0.0
Cabbage,1,2022-08-28,93.74739148841957,90.86227692532374,89.99824324036193,90.05903316902949,0.0
Cabbage,1,2022-09-04,92.93453259046736,93.74739148841957,98.71063887545066,93.24851086364845,0.0
Cabbage,1,2022-09-11,98.0694856234763,92.93453259046736,94.17183502278193,94.98659891660871,1.0
Cabbage,1,2022-09-18,105.5817197945056,98.0694856234763,100.04821796166082,98.41878904783466,0.0
Cabbage,1,2022-09-25,105.41426182367786,105.5817197945056,102.88786504718404,105.61056541764117,0.0
Cabbage,1,2022-10-02,96.53815707310096,105.41426182367786,105.96219039758232,104.81989122011646,0.0
Cabbage,1,2022-10-09,92.12888323143892,96.53815707310096,93.41014875588739,98.10886654003517,0.0
Cabbage,2,2022-10-16,94.79895081173744,92.12888323143892,90.59060055756692,91.71956591681413,0.0
Cabbage,2,2022-10-23,82.31531175264413,94.79895081173744,90.83921696797348,94.47808783304062,0.0
Cabbage,2,2022-10-30,90.21869723120793,82.31531175264413,83.54229025463307,84.92573364862497,1.0
Cabbage,2,2022-11-06,90.98860658810196,90.21869723120793,90.40303915152569,89.593850415145,0.0
Cabbage,2,2022-11-13,88.65531682121876,90.98860658810196,90.97634630825945,90.6416931907898,0.0
Cabbage,2,2022-11-20,92.9472821568688,88.65531682121876,91.92998313119747,90.51831494915608,1.0
Cabbage,2,2022-11-27,97.80879446616296,92.9472821568688,93.12532609493006,93.98423667900167,0.0
Cabbage,2,2022-12-04,108.05213388068508,97.80879446616296,98.64933661703678,98.64401539912348,0.0
Cabbage,2,2022-12-11,113.7988995775325,108.05213388068508,110.88630387138434,108.93567868335079,0.0
Cabbage,2,2022-12-18,112.01196458521402,113.7988995775325,112.85210707445265,114.52302991000244,0.0
Cabbage,2,2022-12-25,113.33700180664232,112.01196458521402,112.5368042613336,113.12130274954355,0.0
Cabbage,2,2023-01-01,107.82611151777256,113.33700180664232,109.79099040165875,112.21380246296098,0.0
Cabbage,2,2023-01-08,101.5803738832002,107.82611151777256,103.86679807955552,106.011769734249,0.0
Cabbage,2,2023-01-15,101.81891209690902,101.5803738832002,99.6747982015931,100.96748501057675,0.0
Cabbage,2,2023-01-22,98.2416978944309,101.81891209690902,97.53188938939428,101.14460612147185,0.0
Cabbage,2,2023-01-29,93.88290462565092,98.2416978944309,96.47638594725346,98.73900605926588,0.0
Cabbage,2,2023-02-05,97.17610173101376,93.88290462565092,92.5631035617175,94.70232210230498,0.0
Cabbage,2,2023-02-12,97.62928702193618,97.17610173101376,94.58710942915698,96.91850535745571,0.0
Cabbage,2,2023-02-19,90.57609748103933,97.62928702193618,96.55486589071758,96.72116269427657,0.0
Cabbage,2,2023-02-26,91.29851374619264,90.57609748103933,90.7314568198966,91.71941696861104,0.0
Cabbage,2,2023-03-05,92.61369689958548,91.29851374619264,87.27004760190377,91.72369939677972,0.0
Cabbage,2,2023-03-12,88.78904972889536,92.61369689958548,91.8528707530885,92.31568964975332,0.0
Cabbage,2,2023-03-19,85.06095961416598,88.78904972889536,87.03462399402908,87.99323211529368,0.0
Cabbage,2,2023-03-26,85.53629376907541,85.06095961416598,85.64441679622105,84.93384844745036,0.0
Cabbage,2,2023-04-02,78.8785735363314,85.53629376907541,82.62139374772624,85.37088168580725,0.0
Cabbage,2,2023-04-09,82.00707247824081,78.8785735363314,80.95646246913175,79.61407798474525,1.0
Cabbage,2,2023-04-16,86.15988316718477,82.00707247824081,80.41058559964183,81.70229127973923,0.0
Cabbage,2,2023-04-23,82.53459512908123,86.15988316718477,87.31531576825195,86.15510364208359,0.0
Cabbage,2,2023-04-30,88.76987579037623,82.53459512908123,84.2438227233264,83.41356318909786,0.0
Cabbage,2,2023-05-07,92.87947011353418,88.76987579037623,90.99091783881158,88.22241964508967,0.0
Cabbage,2,2023-05-14,93.24459764697748,92.87947011353418,94.33441051587886,93.22257551910326,0.0
Cabbage,2,2023-05-21,90.2796913341536,93.24459764697748,93.71027222698686,92.79146772959429,0.0
Cabbage,2,2023-05-28,84.27624071728569,90.2796913341536,88.21776825083174,90.73582130231995,0.0
Cabbage,2,2023-06-04,72.91758455433222,84.27624071728569,81.02611518654153,85.10020352494102,0.0
Cabbage,2,2023-06-11,64.84505882997591,72.91758455433222,67.15176048355755,73.21459023751589,0.0
Cabbage,2,2023-06-18,55.92677186056267,64.84505882997591,65.21418674546976,66.29279616613466,0.0
Cabbage,3,2023-06-25,57.63058498670189,55.92677186056267,54.88280140453469,55.8897133134235,0.0
Cabbage,3,2023-07-02,62.43687318558118,57.63058498670189,60.921442221638806,59.04604700376122,0.0
Cabbage,3,2023-07-09,58.86052511180394,62.43687318558118,64.54842495363579,63.76506649250409,0.0
Cabbage,3,2023-07-16,73.4761315164402,58.86052511180394,65.50112230767644,61.47531221354954,1.0
Cabbage,3,2023-07-23,75.0538677054011,73.4761315164402,74.82972958155855,72.61993398044854,0.0
Cabbage,3,2023-07-30,78.92260252676677,75.0538677054011,78.68689661329438,74.86814529472224,0.0
Cabbage,3,2023-08-06,82.87998597710325,78.92260252676677,83.01876220461672,79.420522592885,0.0
Cabbage,3,2023-08-13,83.79409250448658,82.87998597710325,85.34074730559813,83.54538302509977,0.0
Cabbage,3,2023-08-20,83.80819889715306,83.79409250448658,84.5844692594384,84.01077093015626,1.0
Cabbage,3,2023-08-27,83.51772257834028,83.80819889715306,85.4917234970331,84.74054011514775,0.0
Cabbage,3,2023-09-03,85.73006310418006,83.51772257834028,83.60626055534739,84.55435976534437,0.0
Cabbage,3,2023-09-10,77.87102941409552,85.73006310418006,85.63169148592507,86.27361365511771,0.0
Cabbage,3,2023-09-17,78.53053885557983,77.87102941409552,78.57692331336098,79.69352475539648,0.0
Cabbage,3,2023-09-24,79.18836861337698,78.53053885557983,78.32498285080547,79.52855783560608,0.0
Cabbage,3,2023-10-01,78.51975077923498,79.18836861337698,77.08718986307771,80.26263254369772,0.0
Cabbage,3,2023-10-08,74.09843362449969,78.51975077923498,78.99708610105512,79.39357644852362,0.0
Cabbage,3,2023-10-15,76.50464643640785,74.09843362449969,75.19183617982198,75.22820628761615,0.0
Cabbage,3,2023-10-22,76.20198867840905,76.50464643640785,77.4672535876414,76.85176126761704,0.0
Cabbage,3,2023-10-29,76.32518058924383,76.20198867840905,77.39492972572586,77.33985994382043,0.0
Cabbage,3,2023-11-05,79.28652056825602,76.32518058924383,78.85065894060897,77.26896548180288,0.0
Cabbage,3,2023-11-12,80.73549951019591,79.28652056825602,80.86786357489369,79.66158756387675,0.0
Cabbage,3,2023-11-19,82.85807520483716,80.73549951019591,82.48579849178765,82.41247356834715,0.0
Cabbage,3,2023-11-26,84.11990469920654,82.85807520483716,84.49462765665727,84.40287489031537,0.0
Cabbage,3,2023-12-03,82.8854009655195,84.11990469920654,84.93349376510447,85.3416213415863,0.0
Cabbage,3,2023-12-10,86.8526088343987,82.8854009655195,83.6247748082076,84.44866390497262,0.0
Cabbage,3,2023-12-17,89.63524765676091,86.8526088343987,86.23150501984631,87.19122264255375,0.0
Cabbage,3,2023-12-24,85.93335889021432,89.63524765676091,89.24770884642734,89.98682219689915,0.0
Cabbage,3,2023-12-31,87.59338362481513,85.93335889021432,86.3543028388109,85.80513594786203,0.0
Cabbage,3,2024-01-07,85.07343914246802,87.59338362481513,86.00758167745545,86.72083277966895,0.0
Cabbage,3,2024-01-14,85.28167371687894,85.07343914246802,83.29877819902077,85.56863620019202,0.0
Cabbage,3,2024-01-21,70.62526969771532,85.28167371687894,84.72008702350051,84.63605611262327,0.0
Cabbage,3,2024-01-28,85.0196174813991,70.62526969771532,71.57594528633955,74.05237250189928,1.0
Cabbage,3,2024-02-04,68.12724149887433,85.0196174813991,82.1803511367049,85.61531905667833,0.0
Cabbage,3,2024-02-11,83.59459022123437,68.12724149887433,69.83751902815882,71.26795137588849,1.0
Cabbage,3,2024-02-18,85.05110953866263,83.59459022123437,83.08091610605233,83.90580624777894,0.0
Cabbage,3,2024-02-25,78.54705876693583,85.05110953866263,84.20572695366954,86.16547845422049,0.0
Cabbage,4,2024-03-03,87.1813905656067,78.54705876693583,83.6959125718771,80.46850795135356,0.0
Cabbage,4,2024-03-10,89.51860569253151,87.1813905656067,84.60120753756816,86.45620034334337,0.0
Cabbage,4,2024-03-17,89.65275503037695,89.51860569253151,88.82860241065906,88.83424959912483,0.0
Cabbage,4,2024-03-24,90.2243638736646,89.65275503037695,90.37090223005173,88.8263635718656,0.0
Cabbage,4,2024-03-31,88.82288481648456,90.2243638736646,89.70194487129885,89.36366332596944,0.0
Cabbage,4,2024-04-07,90.99794263917798,88.82288481648456,86.76311179968478,87.88543428833972,0.0
Cabbage,4,2024-04-14,91.35037654126454,90.99794263917798,90.69863564119122,91.69377816993588,1.0
Cabbage,4,2024-04-21,93.1439352230032,91.35037654126454,91.073144877076,90.5452833720522,0.0
Cabbage,4,2024-04-28,92.50774569352365,93.1439352230032,94.64214497454142,93.21292043187218,0.0
Cabbage,4,2024-05-05,102.28421780118188,92.50774569352365,94.85875123680715,93.04997713406777,0.0
Cabbage,4,2024-05-12,103.99296365552598,102.28421780118188,103.90911726196052,102.58514055260858,0.0
Cabbage,4,2024-05-19,108.252751857539,103.99296365552598,104.37226323766896,105.26577828698808,0.0
Cabbage,4,2024-05-26,104.47006654528124,108.252751857539,109.03947286853871,109.7895976607998,0.0
Cabbage,4,2024-06-02,107.33465561055256,104.47006654528124,103.36749751559212,108.15113758829577,1.0
Cabbage,4,2024-06-09,107.00224317840004,107.33465561055256,104.16813298176334,108.24515685223652,0.0
Cabbage,4,2024-06-16,102.642625208236,107.00224317840004,104.08461824074958,106.83555846146011,0.0
Cabbage,4,2024-06-23,102.32429706602932,102.642625208236,102.68032935400937,102.6808173202348,0.0
Cabbage,4,2024-06-30,91.94617892866148,102.32429706602932,99.79429847380895,101.98102229386211,0.0
Cabbage,4,2024-07-07,97.44314047684952,91.94617892866148,92.55464064005182,95.2470307505609,1.0
Cabbage,4,2024-07-14,97.33413919135876,97.44314047684952,93.96034683533959,97.36250719418808,0.0
Cabbage,4,2024-07-21,94.42223665718004,97.33413919135876,94.80049809380033,97.75455617234059,0.0
Cabbage,4,2024-07-28,94.80048363524824,94.42223665718004,95.00601744372838,94.49342620972558,0.0
Cabbage,4,2024-08-04,90.50207159289984,94.80048363524824,92.22622027457437,94.64067505914122,0.0
Cabbage,4,2024-08-11,86.27070253692338,90.50207159289984,89.07031701466039,90.79045376548437,0.0
Cabbage,4,2024-08-18,79.88242782148134,86.27070253692338,85.72337585180517,86.47269521258542,0.0
Cabbage,4,2024-08-25,78.34479811579558,79.88242782148134,79.94263233192362,81.05381716283571,0.0
Cabbage,4,2024-09-01,85.48762139580518,78.34479811579558,77.81015400473964,78.70474001557204,0.0
Cabbage,4,2024-09-08,83.34528668039935,85.48762139580518,85.04214362085415,85.59035380087167,1.0
Cabbage,4,2024-09-15,88.2437318221495,83.34528668039935,85.85741173228543,83.63627372497218,0.0
Cabbage,4,2024-09-22,88.8377132535503,88.2437318221495,89.33315841322971,87.39988138832305,0.0
Cabbage,4,2024-09-29,87.4356468942713,88.8377132535503,89.82217130794919,88.0632331491039,0.0
Cabbage,4,2024-10-06,86.39622535855904,87.4356468942713,89.28684537110128,88.6131222274851,1.0
Cabbage,4,2024-10-13,93.25787244576205,86.39622535855904,87.17786969887842,86.26110119671955,0.0
Cabbage,4,2024-10-20,90.64138180043702,93.25787244576205,92.57582966354623,92.87441189426173,0.0
Cabbage,4,2024-10-27,97.024520391824,90.64138180043702,92.41609185440323,92.17744213368897,0.0
Cabbage,4,2024-11-03,94.42600871585844,97.024520391824,96.60376508058222,96.46333819091534,0.0
Carrot,1,2022-02-06,109.63439926686608,112.66744425602728,109.87326594169282,110.70910063095862,0.0
Carrot,1,2022-02-13,107.95026849500717,109.63439926686608,108.36490175950176,108.3896857220205,0.0
Carrot,1,2022-02-20,105.46661464377388,107.95026849500717,105.27649617500089,106.70555495016158,0.0
Carrot,1,2022-02-27,100.94871756942273,105.46661464377388,103.97260363525804,103.13953725501045,0.0
Carrot,1,2022-03-06,97.71692817703064,100.94871756942273,101.32263513137278,99.2232962599516,0.0
Carrot,1,2022-03-13,94.58491034463871,97.71692817703064,91.02000140694703,96.7371022035199,0.0
Carrot,1,2022-03-20,96.51848783421984,94.58491034463871,93.50484477455552,93.36718518690098,0.0
Carrot,1,2022-03-27,89.85967367851084,96.51848783421984,99.78138622222134,95.88060560155382,1.0
Carrot,1,2022-04-03,89.90208759774472,89.85967367851084,82.92740525666962,89.01460421048945,1.0
Carrot,1,2022-04-10,86.24676473192591,89.90208759774472,91.41041853004614,88.34425130357053,1.0
Carrot,1,2022-04-17,84.73751709620825,86.24676473192591,81.93774553009533,87.56242675833124,0.0
Carrot,1,2022-04-24,91.79363075711132,84.73751709620825,87.33160828298007,85.67592535178534,0.0
Carrot,1,2022-05-01,100.37372205996678,91.79363075711132,92.75362381411664,92.34449283100963,0.0
Carrot,1,2022-05-08,103.10606781487078,100.37372205996678,111.60072096709767,102.25958774829076,0.0
Carrot,1,2022-05-15,107.480244185307,103.10606781487078,102.59503580602006,105.36982313637347,0.0
Carrot,1,2022-05-22,104.47094419491124,107.480244185307,109.16434702843297,106.57507469830749,1.0
Carrot,1,2022-05-29,99.56902155971598,104.47094419491124,97.2688865803237,103.65759506714177,0.0
Carrot,1,2022-06-05,93.20557945498288,99.56902155971598,95.8233477736888,97.8233554134376,0.0
Carrot,1,2022-06-12,92.04652983370303,93.20557945498288,87.387459569369,92.23631983527005,0.0
Carrot,1,2022-06-19,91.83550089853736,92.04652983370303,95.1208612789618,92.83526790562152,1.0
Carrot,1,2022-06-26,91.592389934244,91.83550089853736,92.49948296045726,91.76053534704181,0.0
Carrot,1,2022-07-03,93.60953281123037,91.592389934244,96.317838923438,92.20750235814079,0.0
Carrot,1,2022-07-10,90.57176112574928,93.60953281123037,92.6438319107121,94.57247541148061,0.0
Carrot,1,2022-07-17,90.5884070291032,90.57176112574928,90.73706429519831,91.76855956954353,0.0
Carrot,1,2022-07-24,88.538727457927,90.5884070291032,87.37758262894243,90.07830231327907,1.0
Carrot,1,2022-07-31,88.34157164637149,88.538727457927,90.56704372401768,89.1001886085732,0.0
Carrot,1,2022-08-07,89.67450339648511,88.34157164637149,87.70185939366814,89.14115531984866,0.0
Carrot,1,2022-08-14,89.13375998695346,89.67450339648511,92.01678438345998,90.31455643031384,0.0
Carrot,1,2022-08-21,89.76733293839398,89.13375998695346,89.31867310635513,89.63755489547702,0.0
Carrot,1,2022-08-28,92.74440373196792,89.76733293839398,90.74561466691358,90.45645299263897,0.0
Carrot,1,2022-09-04,99.19740787197298,92.74440373196792,93.7392323479431,93.71873403802108,0.0
Carrot,1,2022-09-11,102.81011450423776,99.19740787197298,104.32646389817533,100.4671670501346,1.0
Carrot,1,2022-09-18,106.63757896457292,102.81011450423776,106.11249393047328,104.46776974334298,0.0
Carrot,1,2022-09-25,113.67489881073767,106.63757896457292,110.09387747034987,106.59562022272922,0.0
Carrot,1,2022-10-02,126.39451268070044,113.67489881073767,116.0831269833526,112.58494431530768,0.0
Carrot,1,2022-10-09,134.6725203021782,126.39451268070044,134.54587408663943,126.58720345549884,0.0
Carrot,2,2022-10-16,138.61877304815397,134.6725203021782,140.07909568634767,135.4175810440796,0.0
Carrot,2,2022-10-23,146.20967170833603,138.61877304815397,141.30853451735317,138.00915509962186,0.0
Carrot,2,2022-10-30,141.60452193933335,146.20967170833603,145.37328901952688,143.30452963947312,1.0
Carrot,2,2022-11-06,136.98735961092217,141.60452193933335,136.6868953664138,138.43174333291856,0.0
Carrot,2,2022-11-13,135.51727344468608,136.98735961092217,132.43409482752142,133.61790784967644,0.0
Carrot,2,2022-11-20,132.8435144031036,135.51727344468608,132.6404118831848,132.83455016091838,1.0
Carrot,2,2022-11-27,130.65185259545257,132.8435144031036,133.89290650455547,130.88311966299892,0.0
Carrot,2,2022-12-04,127.85678205127164,130.65185259545257,132.39251127432857,129.5116939421933,0.0
Carrot,2,2022-12-11,125.77067017342044,127.85678205127164,125.03403528627658,127.14213529462262,0.0
Carrot,2,2022-12-18,125.9825401167029,125.77067017342044,124.86733025594087,125.97588999356223,0.0
Carrot,2,2022-12-25,123.71000762804356,125.9825401167029,125.74120849992573,125.67335100570857,0.0
Carrot,2,2023-01-01,122.79103452331589,123.71000762804356,123.60594258101814,124.43407030924168,0.0
Carrot,2,2023-01-08,120.74711356764232,122.79103452331589,123.17946776951827,123.05752686030434,0.0
Carrot,2,2023-01-15,116.95778195367257,120.74711356764232,118.0588568775531,120.33822448258792,0.0
Carrot,2,2023-01-22,113.5578273538858,116.95778195367257,115.17313788368,116.89639104710022,0.0
Carrot,2,2023-01-29,110.09624251523051,113.5578273538858,110.23409391897201,112.85018742125335,0.0
Carrot,2,2023-02-05,102.24768044034442,110.09624251523051,106.90658327389731,108.55945095219646,0.0
Carrot,2,2023-02-12,96.7256293445048,102.24768044034442,98.70732960008576,100.65182115117511,0.0
Carrot,2,2023-02-19,96.7130914768836,96.7256293445048,93.35615595251446,95.04256786398264,0.0
Carrot,2,2023-02-26,96.55359889188212,96.7130914768836,95.92992290993479,94.64602743002386,0.0
Carrot,2,2023-03-05,97.88365598662216,96.55359889188212,101.79790941977073,95.70235873380106,0.0
Carrot,2,2023-03-12,101.37966446217872,97.88365598662216,98.65346226715123,97.58730252726394,0.0
Carrot,2,2023-03-19,103.58420014164554,101.37966446217872,102.67385913264856,101.01512188848831,0.0
Carrot,2,2023-03-26,103.1524793850779,103.58420014164554,103.55521379979922,103.1410576977502,0.0
Carrot,2,2023-04-02,105.14760971392818,103.1524793850779,103.78296651987264,102.03680059784645,0.0
Carrot,2,2023-04-09,103.61193200174488,105.14760971392818,102.71759820254735,103.73618781890102,1.0
Carrot,2,2023-04-16,101.78798057608611,103.61193200174488,103.29596142877674,103.10595842424549,0.0
Carrot,2,2023-04-23,102.05888289493564,101.78798057608611,99.89596147228676,101.29769383840568,0.0
Carrot,2,2023-04-30,98.24359477278024,102.05888289493564,100.63558253511175,100.50662499946597,0.0
Carrot,2,2023-05-07,94.68789806355348,98.24359477278024,96.23084033768941,97.60924673792154,0.0
Carrot,2,2023-05-14,92.2549701581556,94.68789806355348,91.83415954798619,94.61750628937592,0.0
Carrot,2,2023-05-21,92.13652791569304,92.2549701581556,90.56590194872582,92.01722396415059,0.0
Carrot,2,2023-05-28,92.9206039587704,92.13652791569304,93.0224157984954,92.05477045962881,0.0
Carrot,2,2023-06-04,95.5283062241362,92.9206039587704,94.53930640899202,93.19230612914241,0.0
Carrot,2,2023-06-11,101.7743264852914,95.5283062241362,99.01093533023517,96.33433220603928,0.0
Carrot,2,2023-06-18,113.87216270589218,101.7743264852914,106.69851772057925,101.95851896394817,0.0
Carrot,3,2023-06-25,127.14520480885022,113.87216270589218,122.5698163117278,115.71376455449447,0.0
Carrot,3,2023-07-02,144.86295931655292,127.14520480885022,138.490823066049,127.90554299606794,0.0
Carrot,3,2023-07-09,159.54436697927122,144.86295931655292,157.7854015007461,145.65221606809024,0.0
Carrot,3,2023-07-16,163.22591705702166,159.54436697927122,164.13095783392822,159.0527009007037,1.0
Carrot,3,2023-07-23,167.47452610708436,163.22591705702166,165.33105208228395,160.33552952192645,0.0
Carrot,3,2023-07-30,165.29223000918756,167.47452610708436,164.09475357636506,161.27067202306947,0.0
Carrot,3,2023-08-06,158.83047591830766,165.29223000918756,161.24352021078906,158.34583413516413,0.0
Carrot,3,2023-08-13,154.4251490021889,158.83047591830766,153.02688383061582,151.88408004428422,0.0
Carrot,3,2023-08-20,149.24620933457638,154.4251490021889,152.98729694860754,147.47875312816547,1.0
Carrot,3,2023-08-27,144.17816572846763,149.24620933457638,146.31658546506083,142.3987605087402,0.0
Carrot,3,2023-09-03,138.02055946694773,144.17816572846763,142.66706505826014,137.62892561616295,0.0
Carrot,3,2023-09-10,138.0002102911876,138.02055946694773,134.7033184913932,135.81457511292857,0.0
Carrot,3,2023-09-17,136.18433360973285,138.0002102911876,138.53904848798877,136.78417599801287,0.0
Carrot,3,2023-09-24,136.79489672516448,136.18433360973285,137.1229716912912,136.07057921061204,0.0
Carrot,3,2023-10-01,139.05356734624726,136.79489672516448,140.0958516876464,137.04313683842284,0.0
Carrot,3,2023-10-08,142.77886639727183,139.05356734624726,140.15667110685044,139.44338801136834,0.0
Carrot,3,2023-10-15,142.97718549433858,142.77886639727183,144.60621549867471,142.00545345438547,0.0
Carrot,3,2023-10-22,144.52184921663329,142.97718549433858,143.50165144550758,141.26207507315786,0.0
Carrot,3,2023-10-29,146.51853145650736,144.52184921663329,144.8210957242568,143.04474514883086,0.0
Carrot,3,2023-11-05,146.65731194625846,146.51853145650736,146.62519811159834,144.53263260415903,0.0
Carrot,3,2023-11-12,147.24180765282347,146.65731194625846,147.55378860704627,144.9082479776,0.0
Carrot,3,2023-11-19,146.81456872083157,147.24180765282347,146.91256757832704,145.571506811492,0.0
Carrot,3,2023-11-26,147.28631164705527,146.81456872083157,146.28727165936814,145.13011201478452,0.0
Carrot,3,2023-12-03,148.93908739421897,147.28631164705527,147.21352716470366,146.17019190466178,0.0
Carrot,3,2023-12-10,148.81772840029151,148.93908739421897,150.10433601805985,147.7424557242208,0.0
Carrot,3,2023-12-17,149.15554275350848,148.81772840029151,150.06954335350102,145.93879973894508,0.0
Carrot,3,2023-12-24,153.18399510362116,149.15554275350848,149.42540612097358,146.41104998426715,0.0
Carrot,3,2023-12-31,156.15364634736133,153.18399510362116,154.62625820968765,150.44523391702143,0.0
Carrot,3,2024-01-07,160.89782286639934,156.15364634736133,159.4668175827819,152.89891755326343,0.0
Carrot,3,2024-01-14,160.32227790622187,160.89782286639934,164.60016768195302,155.20271206851726,0.0
Carrot,3,2024-01-21,161.65796992341458,160.32227790622187,157.4251525855286,153.58867872027827,0.0
Carrot,3,2024-01-28,147.12192899457366,161.65796992341458,158.3606591105067,154.48535630265653,1.0
Carrot,3,2024-02-04,140.44699272620235,147.12192899457366,137.9691247748116,140.3584688352719,0.0
Carrot,3,2024-02-11,124.69582150099151,140.44699272620235,130.1580801161275,133.10676893698727,1.0
Carrot,3,2024-02-18,117.54809858121784,124.69582150099151,118.36986069346145,123.00457069990509,0.0
Carrot,3,2024-02-25,117.3090873709833,117.54809858121784,113.93876290776932,116.7227497271529,0.0
Carrot,4,2024-03-03,113.8219196581199,117.3090873709833,118.02069566200544,116.4132374278223,0.0
Carrot,4,2024-03-10,112.56436426217977,113.8219196581199,116.6928540966454,113.0810348772361,0.0
Carrot,4,2024-03-17,110.67818603064326,112.56436426217977,111.61971932423542,111.8294183688921,0.0
Carrot,4,2024-03-24,107.80739598205042,110.67818603064326,107.4348297419377,109.92386177326945,0.0
Carrot,4,2024-03-31,105.12813399581464,107.80739598205042,104.39779664691582,106.95098541905833,0.0
Carrot,4,2024-04-07,98.23483516823032,105.12813399581464,104.13140585181077,103.76742707042249,0.0
Carrot,4,2024-04-14,96.86502162845896,98.23483516823032,92.66594403551738,96.9636681283591,1.0
Carrot,4,2024-04-21,97.77191201139104,96.86502162845896,96.31384820264803,95.9532522979574,0.0
Carrot,4,2024-04-28,102.12823134182794,97.77191201139104,99.10077435134689,97.04455390859258,0.0
Carrot,4,2024-05-05,105.6745867139756,102.12823134182794,107.31664363611326,101.52405571459634,0.0
Carrot,4,2024-05-12,108.57966894743096,105.6745867139756,109.94123087154601,105.20992851323479,0.0
Carrot,4,2024-05-19,107.5262052881582,108.57966894743096,108.42104599792306,107.41075319883477,0.0
Carrot,4,2024-05-26,106.53953891696456,107.5262052881582,105.59894287939481,106.15514300941064,0.0
Carrot,4,2024-06-02,99.61410858173836,106.53953891696456,102.5784077203804,104.77007847728255,1.0
Carrot,4,2024-06-09,99.87110297406105,99.61410858173836,96.83449890632984,98.99359001656045,0.0
Carrot,4,2024-06-16,107.04818527093737,99.87110297406105,102.00617177438554,99.43708847487358,0.0
Carrot,4,2024-06-23,119.58807079720223,107.04818527093737,113.7470738791976,106.54632465234606,0.0
Carrot,4,2024-06-30,141.37853291400285,119.58807079720223,133.2004805889541,124.54309647011483,0.0
Carrot,4,2024-07-07,164.27364667121898,141.37853291400285,158.27225142891203,145.0731168068251,1.0
Carrot,4,2024-07-14,181.02498948787928,164.27364667121898,183.65325503833603,164.96695872013103,0.0
Carrot,4,2024-07-21,190.33557720319413,181.02498948787928,187.45789674642577,181.05370694240213,0.0
Carrot,4,2024-07-28,191.36578613568616,190.33557720319413,191.22084385638507,186.0840136541524,0.0
Carrot,4,2024-08-04,186.51032574869157,191.36578613568616,184.97832636378098,187.69644767094923,0.0
Carrot,4,2024-08-11,182.46770111804153,186.51032574869157,180.07890987271094,182.8641353437996,0.0
Carrot,4,2024-08-18,179.31968359430792,182.46770111804153,178.78606903583997,178.41171662097122,0.0
Carrot,4,2024-08-25,174.38228944144686,179.31968359430792,177.96642528136888,172.91091160257818,0.0
Carrot,4,2024-09-01,163.88184459205974,174.38228944144686,173.74209352278586,168.16539910636385,0.0
Carrot,4,2024-09-08,160.37673751508052,163.88184459205974,157.57656581273332,158.29622895714152,1.0
Carrot,4,2024-09-15,154.78184993650598,160.37673751508052,156.02431727723564,153.8461321989184,0.0
Carrot,4,2024-09-22,152.6761347931742,154.78184993650598,153.14378285243447,151.29280479337854,0.0
Carrot,4,2024-09-29,154.13343319960558,152.6761347931742,153.49601167192628,147.50309201897377,0.0
Carrot,4,2024-10-06,156.14827892658323,154.13343319960558,156.22766474997846,150.98639783926927,1.0
Carrot,4,2024-10-13,151.69527141110242,156.14827892658323,159.17447609129465,152.4148831116876,0.0
Carrot,4,2024-10-20,149.78729707256144,151.69527141110242,148.79181228558627,149.25551692501844,0.0
Carrot,4,2024-10-27,141.04915239976611,149.78729707256144,145.08673179215464,146.64682680621928,0.0
Carrot,4,2024-11-03,133.13750758419246,141.04915239976611,134.77099423918023,140.23091205524173,0.0
Eggplant,1,2022-02-06,78.72086259527775,84.14242971605918,81.28009638668811,83.56979293293617,0.0
Eggplant,1,2022-02-13,75.24525869989068,78.72086259527775,74.0675146799433,78.22295287056538,0.0
Eggplant,1,2022-02-20,73.76789082481947,75.24525869989068,73.91637405746917,75.49680019521386,0.0
Eggplant,1,2022-02-27,74.26598840267108,73.76789082481947,74.60684745843639,72.60096420242873,0.0
Eggplant,1,2022-03-06,76.6726388684115,74.26598840267108,77.63680641435477,73.65700440914081,0.0
Eggplant,1,2022-03-13,77.60104724923258,76.6726388684115,79.07062122842257,76.1234456053576,0.0
Eggplant,1,2022-03-20,81.3265112634112,77.60104724923258,77.54758928676199,77.67499477574711,0.0
Eggplant,1,2022-03-27,76.39980222534678,81.3265112634112,84.89076068398295,81.76425269202487,1.0
Eggplant,1,2022-04-03,74.7815136026682,76.39980222534678,69.66393471106645,76.37376495700619,1.0
Eggplant,1,2022-04-10,72.43750623625134,74.7815136026682,73.45967244957129,75.12138882392064,1.0
Eggplant,1,2022-04-17,72.39714149331542,72.43750623625134,69.28509148837793,72.4479072653911,0.0
Eggplant,1,2022-04-24,74.38383914001002,72.39714149331542,77.26414463356095,72.22416479086371,0.0
Eggplant,1,2022-05-01,78.93998331481228,74.38383914001002,75.64335841799173,73.95318458445087,0.0
Eggplant,1,2022-05-08,81.44490362634255,78.93998331481228,83.41814663488701,78.711696273625,0.0
Eggplant,1,2022-05-15,84.35489818048973,81.44490362634255,81.72061170786105,80.81205810536935,0.0
Eggplant,1,2022-05-22,84.80492944853239,84.35489818048973,86.49539922932263,84.23056172919769,1.0
Eggplant,1,2022-05-29,84.60528510598695,84.80492944853239,82.36462449355464,84.27999861376219,0.0
Eggplant,1,2022-06-05,84.67936179445894,84.60528510598695,84.30110294938017,83.72146165160692,0.0
Eggplant,1,2022-06-12,85.47784201301401,84.67936179445894,83.77966857330156,84.12522676991136,0.0
Eggplant,1,2022-06-19,85.12349207095913,85.47784201301401,87.20892074957388,84.98417289055651,1.0
Eggplant,1,2022-06-26,84.03930398180808,85.12349207095913,83.97421833097883,84.31033463172726,0.0
Eggplant,1,2022-07-03,81.90207855489432,84.03930398180808,82.0568993714912,83.35502453997458,0.0
Eggplant,1,2022-07-10,79.91585506057166,81.90207855489432,78.86521890628669,81.0541766741532,0.0
Eggplant,1,2022-07-17,78.18191229004461,79.91585506057166,78.95330815466193,79.42625633930587,0.0
Eggplant,1,2022-07-24,79.14350491416175,78.18191229004461,77.34867402759849,77.53668515581685,1.0
Eggplant,1,2022-07-31,81.25664970055287,79.14350491416175,81.02151177235302,78.58056580674369,0.0
Eggplant,1,2022-08-07,84.79661584960806,81.25664970055287,83.8090819846908,80.47204276695912,0.0
Eggplant,1,2022-08-14,85.48932067007868,84.79661584960806,88.68799882888314,84.10311956273901,0.0
Eggplant,1,2022-08-21,83.40611729089865,85.48932067007868,83.66522863657231,84.7146457180485,0.0
Eggplant,1,2022-08-28,79.62794545858564,83.40611729089865,79.64395499795228,82.56686142151007,0.0
Eggplant,1,2022-09-04,73.51217173891955,79.62794545858564,74.75638068546486,78.89662930935087,0.0
Eggplant,1,2022-09-11,69.94196717316939,73.51217173891955,69.0248903278685,74.14843850689822,1.0
Eggplant,1,2022-09-18,70.2914504543638,69.94196717316939,68.72479989218257,69.60238720352484,0.0
Eggplant,1,2022-09-25,73.25441162965262,70.2914504543638,72.7538391329495,69.93607671416757,0.0
Eggplant,1,2022-10-02,80.64098551253699,73.25441162965262,78.6947485081995,72.9136660911795,0.0
Eggplant,1,2022-10-09,86.1799368168185,80.64098551253699,88.1558039108716,81.90908207873724,0.0
Eggplant,2,2022-10-16,90.91235709255604,86.1799368168185,89.38439091405584,86.14639003751375,0.0
Eggplant,2,2022-10-23,93.47090916098487,90.91235709255604,92.32375486945608,89.72506952351002,0.0
Eggplant,2,2022-10-30,92.9458105462085,93.47090916098487,93.45380264192401,92.32187454165351,1.0
Eggplant,2,2022-11-06,89.96688535853667,92.9458105462085,90.83673288307062,91.30235349111665,0.0
Eggplant,2,2022-11-13,88.3571344139739,89.96688535853667,86.59792176457339,88.23234096213622,0.0
Eggplant,2,2022-11-20,87.89785403217186,88.3571344139739,87.13659941078087,86.76689763094625,1.0
Eggplant,2,2022-11-27,87.77812648182241,87.89785403217186,88.88704183482456,86.39487451518883,0.0
Eggplant,2,2022-12-04,88.87466731355613,87.77812648182241,89.54174795024515,86.89684367542593,0.0
Eggplant,2,2022-12-11,89.34861017306599,88.87466731355613,89.32145686754546,88.31768020675605,0.0
Eggplant,2,2022-12-18,89.4808031460045,89.34861017306599,89.15789090433887,89.06692467172894,0.0
Eggplant,2,2022-12-25,88.97591915991929,89.4808031460045,89.51942895981179,89.19911764466745,0.0
Eggplant,2,2023-01-01,87.54399415544388,88.97591915991929,88.37285778919217,88.11725452807572,0.0
Eggplant,2,2023-01-08,87.44125413995356,87.54399415544388,86.63116840070974,86.79212686113236,0.0
Eggplant,2,2023-01-15,91.05021262785615,87.44125413995356,88.00328618575814,86.68786382775873,0.0
Eggplant,2,2023-01-22,96.3587183502212,91.05021262785615,94.8375651811503,90.13451493403139,0.0
Eggplant,2,2023-01-29,104.25582160601748,96.3587183502212,102.96768578698216,95.1713928726211,0.0
Eggplant,2,2023-02-05,114.10536895140147,104.25582160601748,111.20124905106225,103.35541190753115,0.0
Eggplant,2,2023-02-12,119.04832077578628,114.10536895140147,121.45379191072958,112.79593513353801,0.0
Eggplant,2,2023-02-19,120.3487032574234,119.04832077578628,120.66217397941612,117.94369400099838,0.0
Eggplant,2,2023-02-26,118.77760601515516,120.3487032574234,118.31443997959737,119.28776656804656,0.0
Eggplant,2,2023-03-05,113.01502864691304,118.77760601515516,114.63359770920829,117.61994266981824,0.0
Eggplant,2,2023-03-12,109.16447747567736,113.01502864691304,108.1010466064362,111.53789334627675,0.0
Eggplant,2,2023-03-19,105.98829814437327,109.16447747567736,107.53086071024148,108.17708981851183,0.0
Eggplant,2,2023-03-26,103.83219606221984,105.98829814437327,105.44478442564858,104.70706066134868,0.0
Eggplant,2,2023-04-02,102.98349650369708,103.83219606221984,103.9871019339282,102.56516415418456,0.0
Eggplant,2,2023-04-09,102.60235279666568,102.98349650369708,102.62361416221789,101.67615850435321,1.0
Eggplant,2,2023-04-16,102.28061372652898,102.60235279666568,102.24364806752037,101.5291582928815,0.0
Eggplant,2,2023-04-23,100.77208623968916,102.28061372652898,102.38370761089108,101.01592809573064,0.0
Eggplant,2,2023-04-30,99.26145060647164,100.77208623968916,99.79040749974587,99.81183019959288,0.0
Eggplant,2,2023-05-07,97.10830312413415,99.26145060647164,97.14911615982592,98.00086529839669,0.0
Eggplant,2,2023-05-14,94.78938158793224,97.10830312413415,95.01482614883768,95.74647169751367,0.0
Eggplant,2,2023-05-21,93.64087273230034,94.78938158793224,93.26119978824426,93.41216810984386,0.0
Eggplant,2,2023-05-28,92.4614425796513,93.64087273230034,92.93636227632203,92.82224692453819,0.0
Eggplant,2,2023-06-04,91.24634702921897,92.4614425796513,91.95514413649548,91.41484879436535,0.0
Eggplant,2,2023-06-11,89.76737614768815,91.24634702921897,90.37900395475178,90.68430914402991,0.0
Eggplant,2,2023-06-18,88.43583293383746,89.76737614768815,88.00078566984827,88.7207823624022,0.0
Eggplant,3,2023-06-25,87.23044387093397,88.43583293383746,87.0239921755238,88.20982620244651,0.0
Eggplant,3,2023-07-02,86.00177117203334,87.23044387093397,86.31351140636805,86.89600563636633,0.0
Eggplant,3,2023-07-09,83.62457612512688,86.00177117203334,85.34658732794996,85.42624022577861,0.0
Eggplant,3,2023-07-16,82.88696388991411,83.62457612512688,81.90851037937797,83.23258263228516,1.0
Eggplant,3,2023-07-23,82.1371822874435,82.88696388991411,81.1847921635238,82.36833135874804,0.0
Eggplant,3,2023-07-30,80.7495065201684,82.1371822874435,82.44147846829577,81.66173358963809,0.0
Eggplant,3,2023-08-06,79.90550092799593,80.7495065201684,80.44321615160263,80.87460218562326,0.0
Eggplant,3,2023-08-13,79.52297239487858,79.90550092799593,78.76194531689099,80.42573044640947,0.0
Eggplant,3,2023-08-20,77.8436264484791,79.52297239487858,78.78184370674825,78.93982874339314,1.0
Eggplant,3,2023-08-27,76.04790019151312,77.8436264484791,77.19299366328185,77.52495027479212,0.0
Eggplant,3,2023-09-03,74.20915205214718,76.04790019151312,74.37814087327106,75.52485286351782,0.0
Eggplant,3,2023-09-10,73.34935932438047,74.20915205214718,72.40311620801857,73.59005326960781,0.0
Eggplant,3,2023-09-17,73.4073569439687,73.34935932438047,73.54436128105694,73.98827808181913,0.0
Eggplant,3,2023-09-24,75.03413193576992,73.4073569439687,74.33906767591114,74.79549225795643,0.0
Eggplant,3,2023-10-01,76.94964325917773,75.03413193576992,76.9954997791977,76.39479892605007,0.0
Eggplant,3,2023-10-08,78.43979957996216,76.94964325917773,78.66679728894027,78.08416378987842,0.0
Eggplant,3,2023-10-15,78.94182555878398,78.43979957996216,79.12187605073505,79.52945021091308,0.0
Eggplant,3,2023-10-22,79.25841721227734,78.94182555878398,78.40100525499754,78.50043707096812,0.0
Eggplant,3,2023-10-29,79.76031420760009,79.25841721227734,78.82237055054242,79.07911952665417,0.0
Eggplant,3,2023-11-05,79.16889043236463,79.76031420760009,80.1844934727118,79.1580579095349,0.0
Eggplant,3,2023-11-12,78.6659920798798,79.16889043236463,79.16032986666914,78.46301277065962,0.0
Eggplant,3,2023-11-19,77.70187892090975,78.6659920798798,77.95627937576998,78.27226602902607,0.0
Eggplant,3,2023-11-26,77.46323858220701,77.70187892090975,76.5803393765869,77.43893350732027,0.0
Eggplant,3,2023-12-03,77.53796103695466,77.46323858220701,77.48539066614575,77.21158857662802,0.0
Eggplant,3,2023-12-10,77.80817259091798,77.53796103695466,78.43338024369102,77.7706410894735,0.0
Eggplant,3,2023-12-17,77.81623422174376,77.80817259091798,78.59158920558971,77.76940742868844,0.0
Eggplant,3,2023-12-24,78.49035766854091,77.81623422174376,77.7976507395854,77.62867524294775,0.0
Eggplant,3,2023-12-31,79.99727457851151,78.49035766854091,78.92307042230443,78.78475961222453,0.0
Eggplant,3,2024-01-07,81.15760791604416,79.99727457851151,81.66632540111782,80.14912389308193,0.0
Eggplant,3,2024-01-14,83.50925170562039,81.15760791604416,83.11590250920605,81.11713407863871,0.0
Eggplant,3,2024-01-21,86.91777357418701,83.50925170562039,85.58278222707763,84.75776790759335,0.0
Eggplant,3,2024-01-28,92.0953670992878,86.91777357418701,90.07936504306544,87.64427193958923,1.0
Eggplant,3,2024-02-04,97.68986559574374,92.0953670992878,96.36104730526851,92.3682733132866,0.0
Eggplant,3,2024-02-11,102.09951786187882,97.68986559574374,103.48201745421348,96.8525087303377,1.0
Eggplant,3,2024-02-18,103.80257188342983,102.09951786187882,103.88852291096363,101.4333227672934,0.0
Eggplant,3,2024-02-25,103.72804412883904,103.80257188342983,103.89510923677301,103.07188074850018,0.0
Eggplant,4,2024-03-03,101.48715066538976,103.72804412883904,101.7885992430599,102.99195311111596,0.0
Eggplant,4,2024-03-10,100.25144704635584,101.48715066538976,99.16705738310485,100.50702511893438,0.0
Eggplant,4,2024-03-17,98.93752596808118,100.25144704635584,99.78193652486817,99.7880784815117,0.0
Eggplant,4,2024-03-24,98.29493082578117,98.93752596808118,99.07441350520666,98.14613930416745,0.0
Eggplant,4,2024-03-31,98.52894568670936,98.29493082578117,98.45276624577053,98.0003464620822,0.0
Eggplant,4,2024-04-07,97.7164563242826,98.52894568670936,98.79196218106502,98.0224173091764,0.0
Eggplant,4,2024-04-14,99.1270249910994,97.7164563242826,97.08128469401193,97.28205508035751,1.0
Eggplant,4,2024-04-21,100.990841769731,99.1270249910994,99.84690266724336,98.44858555275636,0.0
Eggplant,4,2024-04-28,102.8456770726513,100.990841769731,103.04340903039949,100.25236519531008,0.0
Eggplant,4,2024-05-05,105.68673773124206,102.8456770726513,104.77291811900649,101.71855991566888,0.0
Eggplant,4,2024-05-12,107.01875985240594,105.68673773124206,106.86879104775683,104.71092446162689,0.0
Eggplant,4,2024-05-19,107.85119272383004,107.01875985240594,106.87097950401031,106.03911728238717,0.0
Eggplant,4,2024-05-26,107.76330942389473,107.85119272383004,107.3743208412615,107.17347938926964,0.0
Eggplant,4,2024-06-02,106.95561715012929,107.76330942389473,106.76005101065468,107.25267953154548,1.0
Eggplant,4,2024-06-09,105.50801823982071,106.95561715012929,105.7206310508285,106.50067066198727,0.0
Eggplant,4,2024-06-16,102.8381186458937,105.50801823982071,103.8475216898305,105.00428406843018,0.0
Eggplant,4,2024-06-23,100.59255833856425,102.8381186458937,100.32538044664142,101.95209232305206,0.0
Eggplant,4,2024-06-30,96.60568736055234,100.59255833856425,98.1209558134506,99.92425478927454,0.0
Eggplant,4,2024-07-07,93.16789724835924,96.60568736055234,93.91970762954945,95.84380612829068,1.0
Eggplant,4,2024-07-14,90.61384724173024,93.16789724835924,89.93246720534329,92.4740056038814,0.0
Eggplant,4,2024-07-21,88.52146992127652,90.61384724173024,89.54687954547288,89.9199555972524,0.0
Eggplant,4,2024-07-28,88.3767859324418,88.52146992127652,87.85667509697676,88.06928199569936,0.0
Eggplant,4,2024-08-04,89.25200043418195,88.3767859324418,88.94101136277472,88.03957801904306,0.0
Eggplant,4,2024-08-11,89.8130744612489,89.25200043418195,90.50861544609174,88.94140352108266,0.0
Eggplant,4,2024-08-18,89.36080295353243,89.8130744612489,90.1330935138703,88.99880998494962,0.0
Eggplant,4,2024-08-25,88.25412191560089,89.36080295353243,88.58836176145036,88.89546058087656,0.0
Eggplant,4,2024-09-01,84.52598999401155,88.25412191560089,86.36830510676039,87.42453749587357,0.0
Eggplant,4,2024-09-08,83.00988029409613,84.52598999401155,81.15723685530168,83.42357920070711,1.0
Eggplant,4,2024-09-15,81.64481579813807,83.00988029409613,81.72585627494621,82.57067709137168,0.0
Eggplant,4,2024-09-22,81.26712597540605,81.64481579813807,81.90538748308532,80.97115200314371,0.0
Eggplant,4,2024-09-29,82.90218824722288,81.26712597540605,82.22423364801696,81.1442924254297,0.0
Eggplant,4,2024-10-06,84.6168508042146,82.90218824722288,84.25388192462428,82.5711501000118,1.0
Eggplant,4,2024-10-13,85.60521018044997,84.6168508042146,86.51356185796631,84.03614134681713,0.0
Eggplant,4,2024-10-20,87.53564651534631,85.60521018044997,85.8278631384219,84.9916496826892,0.0
Eggplant,4,2024-10-27,88.92229246159461,87.53564651534631,88.21059562559881,86.41970737502649,0.0
Eggplant,4,2024-11-03,89.98726940473381,88.92229246159461,89.9509255362437,87.81472026368048,0.0
Native garlic,1,2022-02-06,135.283274792264,139.675841862263,136.5056750615249,137.89206700951033,0.0
Native garlic,1,2022-02-13,134.68887600086322,135.283274792264,133.80059593768638,134.42453017098714,0.0
Native garlic,1,2022-02-20,133.8451752547343,134.68887600086322,132.4555633020219,133.96792384765735,0.0
Native garlic,1,2022-02-27,130.58267398509253,133.8451752547343,133.70029438206257,133.65683617034747,0.0
Native garlic,1,2022-03-06,131.36556564955737,130.58267398509253,134.26507162260748,130.69154433491695,0.0
Native garlic,1,2022-03-13,131.78035555888465,131.36556564955737,126.05948383897235,131.54794382243182,0.0
Native garlic,1,2022-03-20,133.10096735471205,131.78035555888465,133.3754347021523,131.8307852830415,0.0
Native garlic,1,2022-03-27,131.75311145351864,133.10096735471205,134.9387991347473,133.35516182297187,1.0
Native garlic,1,2022-04-03,133.65018488965356,131.75311145351864,126.58631750624454,131.57119304107167,1.0
Native garlic,1,2022-04-10,129.29254295713568,133.65018488965356,136.54933798158825,131.87595786652886,1.0
Native garlic,1,2022-04-17,123.86842899970026,129.29254295713568,124.43049668083329,129.14458534903193,0.0
Native garlic,1,2022-04-24,129.8688432234302,123.86842899970026,123.60266855579836,124.45485019139261,0.0
Native garlic,1,2022-05-01,132.9556560631935,129.8688432234302,125.73620582373837,129.87236800370363,0.0
Native garlic,1,2022-05-08,131.32636282042228,132.9556560631935,139.5310710418951,133.7134637948219,0.0
Native garlic,1,2022-05-15,134.17062753754146,131.32636282042228,129.2616171218132,131.7323016245719,0.0
Native garlic,1,2022-05-22,130.01173106522023,134.17062753754146,135.67310967908108,133.0268556507159,1.0
Native garlic,1,2022-05-29,125.68562244199612,130.01173106522023,124.20096087132308,129.73034343809545,0.0
Native garlic,1,2022-06-05,120.33075091447752,125.68562244199612,123.9612468997103,125.01451401733257,0.0
Native garlic,1,2022-06-12,120.14867465719182,120.33075091447752,116.02129375755882,120.73543253745954,0.0
Native garlic,1,2022-06-19,120.88048311811328,120.14867465719182,122.93974655043489,121.54393069967229,1.0
Native garlic,1,2022-06-26,119.96009139849784,120.88048311811328,120.8971962795321,121.77637007575869,0.0
Native garlic,1,2022-07-03,122.32181835729072,119.96009139849784,125.4075816719292,121.55994741751792,0.0
Native garlic,1,2022-07-10,118.10320217040504,122.32181835729072,120.95004459676476,123.88273609239052,0.0
Native garlic,1,2022-07-17,122.27512287231583,118.10320217040504,120.65390575704492,119.73872179416145,0.0
Native garlic,1,2022-07-24,120.596169660924,122.27512287231583,120.72219855112482,122.80592321487565,1.0
Native garlic,1,2022-07-31,123.3536871013093,120.596169660924,125.61866023788762,121.64556343400292,0.0
Native garlic,1,2022-08-07,129.43694031683842,123.3536871013093,124.2095835675264,124.27910810083628,0.0
Native garlic,1,2022-08-14,129.3362841603511,129.43694031683842,134.7732955168093,131.0015511557285,0.0
Native garlic,1,2022-08-21,128.60274486288745,129.3362841603511,129.5243140627871,130.36168217632707,0.0
Native garlic,1,2022-08-28,127.304030513086,128.60274486288745,128.93454571727355,129.51812629446704,0.0
Native garlic,1,2022-09-04,128.6850802578428,127.304030513086,123.25565139156068,127.01931304267852,0.0
Native garlic,1,2022-09-11,125.01925829176412,128.6850802578428,129.1368344553797,128.58859956789996,1.0
Native garlic,1,2022-09-18,119.2052902274032,125.01925829176412,123.93440472891812,124.76445403818593,0.0
Native garlic,1,2022-09-25,119.09037139425094,119.2052902274032,119.5775770312795,121.04318454789117,0.0
Native garlic,1,2022-10-02,125.53867574595814,119.09037139425094,116.9043609112625,120.20596911916549,0.0
Native garlic,1,2022-10-09,129.02506199599222,125.53867574595814,129.20313418242148,127.07016189956074,0.0
Native garlic,2,2022-10-16,127.51115031680747,129.02506199599222,132.67771988533346,129.71991661311105,0.0
Native garlic,2,2022-10-23,138.38123433580614,127.51115031680747,129.72134718313532,128.33367021522207,0.0
Native garlic,2,2022-10-30,133.6938775698713,138.38123433580614,138.41793274213867,136.62785642137743,1.0
Native garlic,2,2022-11-06,135.10621545321249,133.6938775698713,131.27570254035885,134.53379582567726,0.0
Native garlic,2,2022-11-13,139.62771665924933,135.10621545321249,135.42642833629395,136.61778864866994,0.0
Native garlic,2,2022-11-20,139.66362676894016,139.62771665924933,136.92050974312482,137.88974881047156,1.0
Native garlic,2,2022-11-27,140.00244113979895,139.66362676894016,142.42172953411628,139.0285744455988,0.0
Native garlic,2,2022-12-04,136.9888435555308,140.00244113979895,140.2487654429474,139.39567914782126,0.0
Native garlic,2,2022-12-11,135.37333091902397,136.9888435555308,134.4191712035654,137.33781593569208,0.0
Native garlic,2,2022-12-18,137.61145438250526,135.37333091902397,133.80417311965272,135.8653515260186,0.0
Native garlic,2,2022-12-25,135.34637113358338,137.61145438250526,137.83275893699985,138.12265034016593,0.0
Native garlic,2,2023-01-01,136.34748357889833,135.34637113358338,135.35066508224523,135.91356523777802,0.0
Native garlic,2,2023-01-08,137.7791897544726,136.34748357889833,138.55595522140172,136.92427206394854,0.0
Native garlic,2,2023-01-15,134.00715887678697,137.7791897544726,136.51400069050678,137.6662434974774,0.0
Native garlic,2,2023-01-22,132.96651893703182,134.00715887678697,134.77058582151187,133.52380314601496,0.0
Native garlic,2,2023-01-29,132.2496487977984,132.96651893703182,129.8559612297331,132.12829011527737,0.0
Native garlic,2,2023-02-05,125.14438247174272,132.2496487977984,130.61433041157483,131.87930436759018,0.0
Native garlic,2,2023-02-12,121.5097831811298,125.14438247174272,123.39959489991472,126.54797207802781,0.0
Native garlic,2,2023-02-19,125.01385244154072,121.5097831811298,119.72891602105453,122.74949386972081,0.0
Native garlic,2,2023-02-26,123.65198203624104,125.01385244154072,124.70823701376372,126.84295328878498,0.0
Native garlic,2,2023-03-05,122.9793774292884,123.65198203624104,129.6330157475399,124.41302916110371,0.0
Native garlic,2,2023-03-12,125.51881860982294,122.9793774292884,121.58937770049457,123.63418100337364,0.0
Native garlic,2,2023-03-19,127.08044405588096,125.51881860982294,126.11226390711045,126.39832185994501,0.0
Native garlic,2,2023-03-26,124.42135984812472,127.08044405588096,125.58950979564834,127.8249806345362,0.0
Native garlic,2,2023-04-02,126.41303953774158,124.42135984812472,125.51216196458115,125.08487058792804,0.0
Native garlic,2,2023-04-09,122.94633486394224,126.41303953774158,122.04774254904802,125.29050597794239,1.0
Native garlic,2,2023-04-16,120.86535408416336,122.94633486394224,124.21967721105811,123.19048216466246,0.0
Native garlic,2,2023-04-23,127.04350048300095,120.86535408416336,118.77580320261387,121.39152606645172,0.0
Native garlic,2,2023-04-30,127.73177122743644,127.04350048300095,128.88350386491194,127.77675098177262,0.0
Native garlic,2,2023-05-07,132.39817722342593,127.73177122743644,129.84715421518354,128.5375736919216,0.0
Native garlic,2,2023-05-14,136.69013981452443,132.39817722342593,135.913266744828,132.85636837981326,0.0
Native garlic,2,2023-05-21,140.39069538781084,136.69013981452443,136.6178568037185,137.45208685031392,0.0
Native garlic,2,2023-05-28,143.20098754900516,140.39069538781084,143.3648198886931,140.9979373759929,0.0
Native garlic,2,2023-06-04,146.8517008674458,143.20098754900516,141.9010012245593,143.20689400422395,0.0
Native garlic,2,2023-06-11,149.18587668964187,146.8517008674458,150.21258993693573,146.6281933141068,0.0
Native garlic,2,2023-06-18,153.35449048431275,149.18587668964187,147.37857359036784,149.43582604059497,0.0
Native garlic,3,2023-06-25,150.28793182394975,153.35449048431275,154.9736253603409,150.6014907017505,0.0
Native garlic,3,2023-07-02,145.8650290615182,150.28793182394975,148.39292592667078,148.56582655928605,0.0
Native garlic,3,2023-07-09,149.22012549183142,145.8650290615182,144.3642420742863,143.39868065186548,0.0
Native garlic,3,2023-07-16,139.64619814980622,149.22012549183142,146.97967801294428,144.08035259983313,1.0
Native garlic,3,2023-07-23,141.6456378506269,139.64619814980622,141.52281749145317,138.00032388795015,0.0
Native garlic,3,2023-07-30,143.22300960825166,141.6456378506269,142.18578594063965,140.3650713966932,0.0
Native garlic,3,2023-08-06,146.24262075985237,143.22300960825166,145.19271625742022,142.7765080253907,0.0
Native garlic,3,2023-08-13,150.66006663542902,146.24262075985237,151.25770250780172,146.0487873789148,0.0
Native garlic,3,2023-08-20,154.7976103677605,150.66006663542902,154.03170857264473,150.05935344201242,1.0
Native garlic,3,2023-08-27,158.29970222449185,154.7976103677605,157.77694636527187,153.1878317251061,0.0
Native garlic,3,2023-09-03,159.00733471812694,158.29970222449185,159.20768425261005,156.6135318849075,0.0
Native garlic,3,2023-09-10,166.52109305244488,159.00733471812694,160.3064350577134,157.4804738849589,0.0
Native garlic,3,2023-09-17,166.2495138920912,166.52109305244488,166.26890687030976,164.9180586753468,0.0
Native garlic,3,2023-09-24,164.90205826877033,166.2495138920912,167.46868382436153,164.5061853207716,0.0
Native garlic,3,2023-10-01,163.43854385325815,164.90205826877033,164.60022965909783,163.85684957621967,0.0
Native garlic,3,2023-10-08,166.13898973124122,163.43854385325815,160.57236994609815,164.20435869405176,0.0
Native garlic,3,2023-10-15,164.65189653871522,166.13898973124122,165.80225202356618,164.87412397520637,0.0
Native garlic,3,2023-10-22,166.50204633711445,164.65189653871522,165.07983124162104,163.16958493230806,0.0
Native garlic,3,2023-10-29,169.2685235713353,166.50204633711445,167.88848961054023,164.56908236979115,0.0
Native garlic,3,2023-11-05,171.04902638613444,169.2685235713353,169.53724920292996,167.5564861272206,0.0
Native garlic,3,2023-11-12,173.51526171180734,171.04902638613444,173.16590578267522,169.4110839527772,0.0
Native garlic,3,2023-11-19,174.98667565059088,173.51526171180734,173.15216326001593,171.96147769901285,0.0
Native garlic,3,2023-11-26,176.7690362293925,174.98667565059088,175.44112746937537,172.98488035869025,0.0
Native garlic,3,2023-12-03,180.1698460434735,176.7690362293925,176.43042469796978,175.30139582945964,0.0
Native garlic,3,2023-12-10,179.1459267369658,180.1698460434735,181.21991297520643,179.37144665468338,0.0
Native garlic,3,2023-12-17,178.71692790476686,179.1459267369658,179.47426420026554,179.50956495918336,0.0
Native garlic,3,2023-12-24,183.1016835173663,178.71692790476686,178.61407790247443,178.55873778848058,0.0
Native garlic,3,2023-12-31,183.01561576174603,183.1016835173663,182.94839648920427,183.42943616715039,0.0
Native garlic,3,2024-01-07,185.9023432350584,183.01561576174603,185.24317593626657,181.75672811316358,0.0
Native garlic,3,2024-01-14,186.38764186824835,185.9023432350584,187.312964476139,183.44896241192302,0.0
Native garlic,3,2024-01-21,198.27584623922257,186.38764186824835,186.59885475330273,184.79925509418524,0.0
Native garlic,3,2024-01-28,187.1141685730007,198.27584623922257,199.50927228495024,195.69911026586442,1.0
Native garlic,3,2024-02-04,200.2199994879806,187.1141685730007,187.8524092966896,184.61340515671043,0.0
Native garlic,3,2024-02-11,189.9604299617461,200.2199994879806,198.46020113329504,195.0884715872848,1.0
Native garlic,3,2024-02-18,192.7050998581306,189.9604299617461,189.78566654418034,189.1337867332152,0.0
Native garlic,3,2024-02-25,203.7944707943595,192.7050998581306,193.45455565015268,189.7443907631294,0.0
Native garlic,4,2024-03-03,205.151669945756,203.7944707943595,203.44343292954596,202.62125170961983,0.0
Native garlic,4,2024-03-10,209.55914408945165,205.151669945756,213.3459196893801,207.4369699621592,0.0
Native garlic,4,2024-03-17,213.83439234335697,209.55914408945165,210.25778520130532,207.4206667640122,0.0
Native garlic,4,2024-03-24,215.99136591850495,213.83439234335697,214.23628514644196,211.34252408583438,0.0
Native garlic,4,2024-03-31,217.96342743670897,215.99136591850495,214.03951025146537,209.63319922386384,0.0
Native garlic,4,2024-04-07,215.31921854068997,217.96342743670897,219.22676700389124,208.6474236372705,0.0
Native garlic,4,2024-04-14,215.04692958117403,215.31921854068997,211.12217204503665,205.90553846409085,1.0
Native garlic,4,2024-04-21,214.51953351419712,215.04692958117403,214.48322243130158,205.82211421252168,0.0
Native garlic,4,2024-04-28,216.79431826808275,214.51953351419712,211.36114305725667,205.105853437598,0.0
Native garlic,4,2024-05-05,211.895413670021,216.79431826808275,217.33464334884988,206.83588797786058,0.0
Native garlic,4,2024-05-12,212.3062571758695,211.895413670021,209.81718217120596,202.10656479306786,0.0
Native garlic,4,2024-05-19,209.79322682671463,212.3062571758695,211.99487401994662,202.34782688564732,0.0
Native garlic,4,2024-05-26,212.68510234106088,209.79322682671463,207.21247898575567,200.13809834771072,0.0
Native garlic,4,2024-06-02,209.45473822636592,212.68510234106088,213.40115046573936,202.58671939123178,1.0
Native garlic,4,2024-06-09,209.17575066787217,209.45473822636592,210.20728711376114,199.799609747362,0.0
Native garlic,4,2024-06-16,212.4498399619875,209.17575066787217,210.49930140487476,199.93246739608261,0.0
Native garlic,4,2024-06-23,212.99433037716148,212.4498399619875,211.43567894109432,202.86424769209003,0.0
Native garlic,4,2024-06-30,221.77534071444524,212.99433037716148,216.39495103856137,203.408738107264,0.0
Native garlic,4,2024-07-07,218.52109361805583,221.77534071444524,223.3409825373219,211.43240610598576,1.0
Native garlic,4,2024-07-14,216.8614276617837,218.52109361805583,222.62220337970484,208.93550134815837,0.0
Native garlic,4,2024-07-21,214.53904101388667,216.8614276617837,214.75827722526586,207.01968514621973,0.0
Native garlic,4,2024-07-28,206.75843747148485,214.53904101388667,210.68744075274654,204.88391253488277,0.0
Native garlic,4,2024-08-04,199.62095677073023,206.75843747148485,203.30654697844824,197.5336221028325,0.0
Native garlic,4,2024-08-11,193.8099857230649,199.62095677073023,196.19543733609072,190.3961414020779,0.0
Native garlic,4,2024-08-18,190.9125566687187,193.8099857230649,191.85845065057947,185.07415541605806,0.0
Native garlic,4,2024-08-25,185.33650082575963,190.9125566687187,190.4115430233205,190.33090140481795,0.0
Native garlic,4,2024-09-01,173.90646631283718,185.33650082575963,185.97828351156727,186.576284947273,0.0
Native garlic,4,2024-09-08,172.0686382567278,173.90646631283718,171.30375071017326,174.11753734214264,1.0
Native garlic,4,2024-09-15,166.88048301274375,172.0686382567278,169.46979479671035,173.02639727944052,0.0
Native garlic,4,2024-09-22,167.27883869311805,166.88048301274375,166.65822135439626,168.02968011433677,0.0
Native garlic,4,2024-09-29,171.51557392212771,167.27883869311805,169.78620791555275,167.5970598449468,0.0
Native garlic,4,2024-10-06,177.70345935442046,171.51557392212771,174.35120282427334,169.7809913787546,1.0
Native garlic,4,2024-10-13,176.70411533481263,177.70345935442046,183.05136284044676,177.54193173565463,0.0
Native garlic,4,2024-10-20,182.30008512245792,176.70411533481263,177.79508137052972,176.9772331751027,0.0
Native garlic,4,2024-10-27,179.97234010174404,182.30008512245792,182.05769448822693,182.2173621158518,0.0
Native garlic,4,2024-11-03,183.89231951295835,179.97234010174404,178.25372144134633,180.6597235746635,0.0
Patola,1,2022-02-06,75.99486091582924,75.66348075198293,75.8945664925602,75.85847766029,0.0
Patola,1,2022-02-13,77.52609348513163,75.99486091582924,77.4165846747149,76.32213720529228,0.0
Patola,1,2022-02-20,77.31112998531214,77.52609348513163,76.77124936261842,77.4240089602021,0.0
Patola,1,2022-02-27,73.84791526166914,77.31112998531214,77.56288826112788,77.20671065703979,0.0
Patola,1,2022-03-06,71.85424335663417,73.84791526166914,74.40153062332053,74.17597153751372,0.0
Patola,1,2022-03-13,70.59482537771706,71.85424335663417,68.50388331447381,71.91721739982465,0.0
Patola,1,2022-03-20,64.98604698314107,70.59482537771706,71.29204838561589,70.2104152348185,0.0
Patola,1,2022-03-27,68.56488455842805,64.98604698314107,63.6944898173021,65.48256306185162,1.0
Patola,1,2022-04-03,68.76381527002735,68.56488455842805,70.46809840899111,67.64147974561524,1.0
Patola,1,2022-04-10,67.75858183384773,68.76381527002735,70.58173109374479,68.11463593061848,1.0
Patola,1,2022-04-17,65.00198089826624,67.75858183384773,70.18011270851713,67.54671913565036,0.0
Patola,1,2022-04-24,69.79562205073225,65.00198089826624,64.14253602330558,65.92221015441935,0.0
Patola,1,2022-05-01,71.15052315467915,69.79562205073225,69.50018416311089,69.73635210838901,0.0
Patola,1,2022-05-08,71.36635338632138,71.15052315467915,72.11951366762874,70.8155331301125,0.0
Patola,1,2022-05-15,73.55290213179856,71.36635338632138,73.42338437994152,71.44028881309302,0.0
Patola,1,2022-05-22,73.55578649011893,73.55290213179856,72.78740921937225,72.55150249552995,1.0
Patola,1,2022-05-29,73.72443477328076,73.55578649011893,74.23420954686806,72.96697592703147,0.0
Patola,1,2022-06-05,72.16868991993911,73.72443477328076,72.06322700492638,72.9563121002461,0.0
Patola,1,2022-06-12,71.80490671988898,72.16868991993911,71.64253698096306,72.06357423805244,0.0
Patola,1,2022-06-19,72.25097923459862,71.80490671988898,69.25687992843586,71.57721088227206,1.0
Patola,1,2022-06-26,71.09542408466143,72.25097923459862,71.95843524609987,71.84185992660377,0.0
Patola,1,2022-07-03,72.31797102754467,71.09542408466143,70.83423532608329,71.08299824848575,0.0
Patola,1,2022-07-10,69.68556757078518,72.31797102754467,72.01210399692432,71.6301626331126,0.0
Patola,1,2022-07-17,73.72864953719045,69.68556757078518,69.50479913782014,69.33203358755459,0.0
Patola,1,2022-07-24,70.84511818785563,73.72864953719045,73.39694324180101,72.77321622811223,1.0
Patola,1,2022-07-31,70.52269365878263,70.84511818785563,70.78316346065498,70.7206492205371,0.0
Patola,1,2022-08-07,71.55763342664834,70.52269365878263,69.6932079566627,70.65200665087858,0.0
Patola,1,2022-08-14,70.29084815385902,71.55763342664834,70.60508650142901,71.02472701357003,0.0
Patola,1,2022-08-21,70.56473106078026,70.29084815385902,71.3562779162986,70.18184814903104,0.0
Patola,1,2022-08-28,70.90678747416524,70.56473106078026,70.76758636780106,70.63889560035584,0.0
Patola,1,2022-09-04,74.54529560513606,70.90678747416524,71.37910774801647,70.45819504977254,0.0
Patola,1,2022-09-11,74.54577987375986,74.54529560513606,75.44636401316512,73.5555936188232,1.0
Patola,1,2022-09-18,71.06124535856532,74.54577987375986,76.24511961168183,74.0015442866398,0.0
Patola,1,2022-09-25,71.52767905959615,71.06124535856532,71.0795945381413,71.56944487152384,0.0
Patola,1,2022-10-02,74.01344012562149,71.52767905959615,70.48849466552961,72.13907769689092,0.0
Patola,1,2022-10-09,74.6224956722922,74.01344012562149,73.22631579001784,74.25362090114467,0.0
Patola,2,2022-10-16,70.42412999711509,74.6224956722922,75.98081244463584,74.17797919232318,0.0
Patola,2,2022-10-23,75.72623181272007,70.42412999711509,70.88245575101651,71.60924008927817,0.0
Patola,2,2022-10-30,71.86370247352012,75.72623181272007,74.59419910614899,74.24122261929966,1.0
Patola,2,2022-11-06,73.39139046136845,71.86370247352012,71.82178658953913,71.77084838348516,0.0
Patola,2,2022-11-13,76.23838669493513,73.39139046136845,73.9858983133301,73.28145103518474,0.0
Patola,2,2022-11-20,75.28667707620326,76.23838669493513,74.96793321666921,74.07043177321272,1.0
Patola,2,2022-11-27,75.08354564617224,75.28667707620326,76.03732090052372,74.38987852512065,0.0
Patola,2,2022-12-04,71.78360726091975,75.08354564617224,74.23315284709363,74.11437090347357,0.0
Patola,2,2022-12-11,69.76431007293272,71.78360726091975,69.90218248625091,71.71675788763875,0.0
Patola,2,2022-12-18,70.37785851576456,69.76431007293272,67.83628112587942,69.62051090208101,0.0
Patola,2,2022-12-25,68.0742242304715,70.37785851576456,69.09535536309825,70.44976456829437,0.0
Patola,2,2023-01-01,68.8007034332079,68.0742242304715,67.84393634316653,68.32270475906456,0.0
Patola,2,2023-01-08,71.79657683452766,68.8007034332079,69.54097559447621,68.88211720143977,0.0
Patola,2,2023-01-15,69.70479767728622,71.79657683452766,72.47394914456316,71.03995857319038,0.0
Patola,2,2023-01-22,71.02688158812539,69.70479767728622,71.1994620547915,69.78379228670175,0.0
Patola,2,2023-01-29,72.82104062003552,71.02688158812539,70.23928393460066,70.68752129139916,0.0
Patola,2,2023-02-05,71.22506111057325,72.82104062003552,72.89166545343895,72.31637518567501,0.0
Patola,2,2023-02-12,72.04613470031066,71.22506111057325,72.2066919197699,71.20327312068864,0.0
Patola,2,2023-02-19,76.15015295578223,72.04613470031066,72.2189044691688,72.24805360032363,0.0
Patola,2,2023-02-26,73.8986510742877,76.15015295578223,76.92272077780618,74.90373340679389,0.0
Patola,2,2023-03-05,71.09867593101563,73.8986510742877,76.08584267139726,73.89203720553334,0.0
Patola,2,2023-03-12,70.45853654170531,71.09867593101563,69.89023054861347,72.00908716968598,0.0
Patola,2,2023-03-19,70.71121471939794,70.45853654170531,69.79229937599524,70.84503859901923,0.0
Patola,2,2023-03-26,69.05157281466165,70.71121471939794,70.1406062550615,71.00919714389555,0.0
Patola,2,2023-04-02,71.4076759780229,69.05157281466165,70.98927146513523,69.28975869723001,0.0
Patola,2,2023-04-09,68.54305399439492,71.4076759780229,71.40346510295913,71.55983328469404,1.0
Patola,2,2023-04-16,65.91531606135445,68.54305399439492,70.4283252476461,68.96482623598733,0.0
Patola,2,2023-04-23,70.16918264393459,65.91531606135445,65.11802986394162,66.69290204463081,0.0
Patola,2,2023-04-30,69.81477161797461,70.16918264393459,70.3427468287986,70.15590359707127,0.0
Patola,2,2023-05-07,72.47553128517643,69.81477161797461,71.67628136620246,70.46774830969748,0.0
Patola,2,2023-05-14,74.50127934647826,72.47553128517643,74.56322951344774,73.21299464024082,0.0
Patola,2,2023-05-21,73.8232421529266,74.50127934647826,74.62058327750422,74.64485370351103,0.0
Patola,2,2023-05-28,71.87994692727337,73.8232421529266,73.90298776512503,74.46315285086361,0.0
Patola,2,2023-06-04,69.87965662688725,71.87994692727337,68.75960378114443,72.39895556374798,0.0
Patola,2,2023-06-11,69.11049456753354,69.87965662688725,68.03420841500427,70.42369516105168,0.0
Patola,2,2023-06-18,71.22595755317678,69.11049456753354,67.33702010479192,69.79932762541394,0.0
Patola,3,2023-06-25,69.78389141959721,71.22595755317678,71.43818193838648,70.93637851932516,0.0
Patola,3,2023-07-02,69.19955636513023,69.78389141959721,70.32793074262224,69.86213115108782,0.0
Patola,3,2023-07-09,74.86626110118877,69.19955636513023,69.55034405884415,69.41826538693695,0.0
Patola,3,2023-07-16,68.11368200090446,74.86626110118877,73.88844351792338,74.31876579565059,1.0
Patola,3,2023-07-23,68.74465201675129,68.11368200090446,69.30092111467312,68.80508938339271,0.0
Patola,3,2023-07-30,69.07584854534127,68.74465201675129,66.51748080746898,69.58230994521809,0.0
Patola,3,2023-08-06,68.76234778081488,69.07584854534127,68.23057113826361,69.72668578794458,0.0
Patola,3,2023-08-13,68.62683711999644,68.76234778081488,69.45901780949168,71.8049763075025,0.0
Patola,3,2023-08-20,69.91618583599596,68.62683711999644,69.29264339040091,69.92760799878825,1.0
Patola,3,2023-08-27,70.69462924314453,69.91618583599596,70.49276717587622,71.0928553144124,0.0
Patola,3,2023-09-03,69.29491885033433,70.69462924314453,71.59104441765125,70.46388657999947,0.0
Patola,3,2023-09-10,73.73426449063298,69.29491885033433,69.73465593809725,72.33136637535874,0.0
Patola,3,2023-09-17,73.67382577686348,73.73426449063298,73.80989906723269,72.87094473603246,0.0
Patola,3,2023-09-24,72.97699100155153,73.67382577686348,74.85822441861708,73.54975142954626,0.0
Patola,3,2023-10-01,74.12474377189518,72.97699100155153,74.19789432638544,72.70213523883142,0.0
Patola,3,2023-10-08,77.16050611735798,74.12474377189518,74.01449627648451,74.54115019474865,0.0
Patola,3,2023-10-15,76.91873571020378,77.16050611735798,77.3621124981168,77.12824784146167,0.0
Patola,3,2023-10-22,77.63680220129133,76.91873571020378,77.63471935388681,77.50042655807746,0.0
Patola,3,2023-10-29,77.05921189797337,77.63680220129133,77.74107852149051,77.95757240535856,0.0
Patola,3,2023-11-05,75.61148896977888,77.05921189797337,75.81236416264657,76.7563345910352,0.0
Patola,3,2023-11-12,75.84006382723842,75.61148896977888,74.40846077042195,75.55516439095722,0.0
Patola,3,2023-11-19,77.30172818102872,75.84006382723842,75.49921720244733,75.23960919877086,0.0
Patola,3,2023-11-26,79.24671933525514,77.30172818102872,77.7934701450717,76.16561644473111,0.0
Patola,3,2023-12-03,83.17279101381762,79.24671933525514,80.81524401465178,78.14204177730988,0.0
Patola,3,2023-12-10,82.80553997260303,83.17279101381762,84.58383960690053,81.61786151895983,0.0
Patola,3,2023-12-17,82.3548240313782,82.80553997260303,83.00323833991312,82.51419032317371,0.0
Patola,3,2023-12-24,83.51217083173839,82.3548240313782,81.40294784925965,82.70812931158679,0.0
Patola,3,2023-12-31,79.40467366651274,83.51217083173839,81.36689934270302,83.1207539244279,0.0
Patola,3,2024-01-07,76.98088298447308,79.40467366651274,77.85952494483934,79.75797894672132,0.0
Patola,3,2024-01-14,75.03466985123056,76.98088298447308,74.49244126811243,77.1932231903809,0.0
Patola,3,2024-01-21,83.59146949520309,75.03466985123056,75.28895750867096,75.38797513143915,0.0
Patola,3,2024-01-28,77.07297814152246,83.59146949520309,84.51004309694397,82.01989635696609,1.0
Patola,3,2024-02-04,91.13714766598564,77.07297814152246,81.7878770313102,77.15466325989966,0.0
Patola,3,2024-02-11,84.77424178457458,91.13714766598564,92.69384823344336,90.0557168731771,1.0
Patola,3,2024-02-18,86.06108845110622,84.77424178457458,86.77197333340098,84.95039416289528,0.0
Patola,3,2024-02-25,90.34752174994355,86.06108845110622,85.3451531032351,86.8511419975349,0.0
Patola,4,2024-03-03,85.2442212269653,90.34752174994355,87.32109173283521,88.94101580759889,0.0
Patola,4,2024-03-10,83.10065934180798,85.2442212269653,86.4315191361122,85.60202975729595,0.0
Patola,4,2024-03-17,83.1221580487122,83.10065934180798,83.31774352072641,83.68951061486783,0.0
Patola,4,2024-03-24,82.8069141287702,83.1221580487122,82.8595467262696,83.9424283486237,0.0
Patola,4,2024-03-31,83.22604740113354,82.8069141287702,84.04922086135828,83.1287899691957,0.0
Patola,4,2024-04-07,83.91180653834499,83.22604740113354,84.93456453833542,84.18181187361813,0.0
Patola,4,2024-04-14,84.35641427273865,83.91180653834499,85.25068963518433,84.38028301263012,1.0
Patola,4,2024-04-21,85.18112730280667,84.35641427273865,85.39821239960013,84.97006316418762,0.0
Patola,4,2024-04-28,89.23065187773545,85.18112730280667,84.88940106990546,85.43640064493924,0.0
Patola,4,2024-05-05,88.01110018400458,89.23065187773545,89.1514338499431,88.39494021973451,0.0
Patola,4,2024-05-12,90.74249562992662,88.01110018400458,88.92028369367776,88.08347885666397,0.0
Patola,4,2024-05-19,90.1505959321832,90.74249562992662,90.5414033737771,88.7397795654735,0.0
Patola,4,2024-05-26,92.77580827111218,90.1505959321832,89.73795158052715,89.42539480226986,0.0
Patola,4,2024-06-02,90.11439766441896,92.77580827111218,91.67224233231937,90.7163187825105,1.0
Patola,4,2024-06-09,88.91365621216714,90.11439766441896,90.14564672825173,89.92526790951803,0.0
Patola,4,2024-06-16,90.40992927498294,88.91365621216714,87.57958447641988,88.72452645726621,0.0
Patola,4,2024-06-23,87.79550465761999,90.40992927498294,88.55199018358361,89.87282687372638,0.0
Patola,4,2024-06-30,91.91651198065853,87.79550465761999,87.42451004167255,87.40605169355253,0.0
Patola,4,2024-07-07,85.07552380249969,91.91651198065853,90.34002516701791,90.16223916209316,1.0
Patola,4,2024-07-14,82.13456115511023,85.07552380249969,85.48604231529764,84.6057334928321,0.0
Patola,4,2024-07-21,82.07218419347707,82.13456115511023,80.4617354735013,82.29535903421008,0.0
Patola,4,2024-07-28,79.39773097516172,82.07218419347707,79.77048885273203,82.2872280660719,0.0
Patola,4,2024-08-04,79.80386801317471,79.39773097516172,79.74086721975232,79.94422224045866,0.0
Patola,4,2024-08-11,80.22175712957208,79.80386801317471,80.1428383897321,80.4331621702029,0.0
Patola,4,2024-08-18,82.81961843719188,80.22175712957208,81.13177541833788,80.74285014047449,0.0
Patola,4,2024-08-25,83.15475646970617,82.81961843719188,83.46661894384607,82.39882454623881,0.0
Patola,4,2024-09-01,81.77115857786181,83.15475646970617,84.66351740192458,82.67430640576231,0.0
Patola,4,2024-09-08,83.69487032049607,81.77115857786181,82.60574959657195,82.35252380556109,1.0
Patola,4,2024-09-15,82.61681586558876,83.69487032049607,83.31507403579687,83.8497644787402,0.0
Patola,4,2024-09-22,83.75229506226015,82.61681586558876,82.33182123035101,83.62035983855782,0.0
Patola,4,2024-09-29,84.41486014269759,83.75229506226015,84.34044272100697,84.46418379278612,0.0
Patola,4,2024-10-06,85.95876502501021,84.41486014269759,84.47652938504645,84.68459366105964,1.0
Patola,4,2024-10-13,83.0352763686311,85.95876502501021,86.53164147851388,84.90154814230452,0.0
Patola,4,2024-10-20,83.11027245734283,83.0352763686311,83.39056672708942,83.65578843690274,0.0
Patola,4,2024-10-27,77.89568595170547,83.11027245734283,81.89507604650795,83.17177350584814,0.0
Patola,4,2024-11-03,77.17607675081194,77.89568595170547,75.85133683599304,78.72320936202576,0.0
Red onion,1,2022-02-06,187.0801948577886,217.94183848622697,198.19087561568276,211.91379426244157,0.0
Red onion,1,2022-02-13,166.6088801562297,187.0801948577886,159.32146551792732,184.36450496025137,0.0
Red onion,1,2022-02-20,153.43337391271572,166.6088801562297,150.86345354256764,167.67325305337783,0.0
Red onion,1,2022-02-27,146.19755257912783,153.43337391271572,142.65112815036443,155.05844758405667,0.0
Red onion,1,2022-03-06,149.69577301078718,146.19755257912783,145.44693330804023,147.77712024994997,0.0
Red onion,1,2022-03-13,151.88792375369437,149.69577301078718,150.57283830293122,150.85223019653242,0.0
Red onion,1,2022-03-20,128.5832996099925,151.88792375369437,153.14886698956957,151.4279116158045,0.0
Red onion,1,2022-03-27,144.51300344374073,128.5832996099925,111.11586083355489,130.26294359860182,1.0
Red onion,1,2022-04-03,133.5453764304587,144.51300344374073,152.363181165167,144.7284090569247,1.0
Red onion,1,2022-04-10,133.09459969544616,133.5453764304587,123.50775804858642,133.92798320502726,1.0
Red onion,1,2022-04-17,128.91566584560465,133.09459969544616,141.91517048395698,132.12086740279403,0.0
Red onion,1,2022-04-24,131.12435811340603,128.91566584560465,118.97888832821289,129.5325263545234,0.0
Red onion,1,2022-05-01,126.7976066397432,131.12435811340603,134.91361168424984,130.5666547375897,0.0
Red onion,1,2022-05-08,128.16685802194485,126.7976066397432,121.15824322552974,126.23990326392685,0.0
Red onion,1,2022-05-15,127.08936119137888,128.16685802194485,134.04831310656817,128.1938096385748,0.0
Red onion,1,2022-05-22,132.5859476211511,127.08936119137888,122.85282361952747,126.28740483580714,1.0
Red onion,1,2022-05-29,138.71022680585986,132.5859476211511,141.66883303266619,132.02824424533475,0.0
Red onion,1,2022-06-05,139.4881259192387,138.71022680585986,141.82974410310982,138.2910931724847,0.0
Red onion,1,2022-06-12,134.83918609674706,139.4881259192387,143.5320054175473,139.991297184364,0.0
Red onion,1,2022-06-19,132.89928707708577,134.83918609674706,126.5890002525264,135.15125446971192,1.0
Red onion,1,2022-06-26,129.45340069636455,132.89928707708577,130.94900363383627,132.47025087703923,0.0
Red onion,1,2022-07-03,129.7522142333956,129.45340069636455,126.26051582454552,128.8199528704559,0.0
Red onion,1,2022-07-10,133.2186376530637,129.7522142333956,130.24718569944423,128.9314556522341,0.0
Red onion,1,2022-07-17,149.42987381072402,133.2186376530637,138.2709737598941,133.77158797569172,0.0
Red onion,1,2022-07-24,154.3681318398058,149.42987381072402,159.342460114423,149.87349881382346,1.0
Red onion,1,2022-07-31,164.08114298570837,154.3681318398058,161.16968206425236,159.54695340352652,0.0
Red onion,1,2022-08-07,176.199060201718,164.08114298570837,169.93320496925452,169.5872417329618,0.0
Red onion,1,2022-08-14,182.5872983276588,176.199060201718,182.04190074827622,178.75146889693895,0.0
Red onion,1,2022-08-21,186.59923155950625,182.5872983276588,188.3660950347745,184.9402286350471,0.0
Red onion,1,2022-08-28,181.93440922118535,186.59923155950625,188.1783393811303,188.47065957235415,0.0
Red onion,1,2022-09-04,174.5574142992536,181.93440922118535,175.83086618507733,182.6833175621163,0.0
Red onion,1,2022-09-11,177.44762704019257,174.5574142992536,165.81978694311726,174.2849845349828,1.0
Red onion,1,2022-09-18,184.52025109755428,177.44762704019257,183.9916381318965,176.8684697473497,0.0
Red onion,1,2022-09-25,208.7947090617874,184.52025109755428,194.55164205009282,185.206528427476,0.0
Red onion,1,2022-10-02,240.2837458129303,208.7947090617874,231.3648510172536,210.9584771148422,0.0
Red onion,1,2022-10-09,260.1449322624682,240.2837458129303,263.78406146854246,242.25512521222993,0.0
Red onion,2,2022-10-16,260.9261916350427,260.1449322624682,276.30864340228703,264.6031408234118,0.0
Red onion,2,2022-10-23,262.4856293245697,260.9261916350427,266.85845762118134,267.99261219015744,0.0
Red onion,2,2022-10-30,251.1594983312349,262.4856293245697,253.53327537705496,259.92717266525267,1.0
Red onion,2,2022-11-06,237.9543702186884,251.1594983312349,246.32149684169755,248.9803320142488,0.0
Red onion,2,2022-11-13,236.2502875942864,237.9543702186884,228.64038781192832,236.1378430904688,0.0
Red onion,2,2022-11-20,242.1445177981165,236.2502875942864,238.45484517979727,230.73994499632497,1.0
Red onion,2,2022-11-27,263.6508265096602,242.1445177981165,249.29270094310547,238.94031395404608,0.0
Red onion,2,2022-12-04,293.167353790665,263.6508265096602,285.19476198077894,261.1118040639815,0.0
Red onion,2,2022-12-11,331.39324759879366,293.167353790665,318.4747932123655,291.0564171489719,0.0
Red onion,2,2022-12-18,378.4120157799632,331.39324759879366,361.1309228905631,331.8551409784819,0.0
Red onion,2,2022-12-25,430.3473844405946,378.4120157799632,410.82905797910894,377.9558187565715,0.0
Red onion,2,2023-01-01,494.2680489880147,430.3473844405946,467.31406868659604,431.10745851963134,0.0
Red onion,2,2023-01-08,542.3935316103756,494.2680489880147,537.1185513302308,491.92898057523394,0.0
Red onion,2,2023-01-15,556.9978996824734,542.3935316103756,566.7970021991682,540.0557516115963,0.0
Red onion,2,2023-01-22,555.3377640107972,556.9978996824734,567.1322062995598,554.0495692800991,0.0
Red onion,2,2023-01-29,530.6027489930993,555.3377640107972,538.9234194412885,548.9386322358948,0.0
Red onion,2,2023-02-05,481.9828970488447,530.6027489930993,502.92621949432584,525.4265362054712,0.0
Red onion,2,2023-02-12,449.0554000452392,481.9828970488447,441.21560518945347,477.17599320973335,0.0
Red onion,2,2023-02-19,426.8856895639658,449.0554000452392,423.46291944674266,444.24849620612787,0.0
Red onion,2,2023-02-26,402.7560147336033,426.8856895639658,405.60318845101517,422.61320621511936,0.0
Red onion,2,2023-03-05,388.1335805252421,402.7560147336033,395.1677440937937,397.949110894492,0.0
Red onion,2,2023-03-12,366.85461955095286,388.1335805252421,377.95906692248474,383.15067227634074,0.0
Red onion,2,2023-03-19,343.2638766123156,366.85461955095286,349.60364343005364,362.20167355562205,0.0
Red onion,2,2023-03-26,313.0679220808805,343.2638766123156,324.66759406583697,337.9571420503954,0.0
Red onion,2,2023-04-02,280.55690068201625,313.0679220808805,291.6774155301568,309.2341818465055,0.0
Red onion,2,2023-04-09,248.174677917028,280.55690068201625,254.96779106129534,275.2472068686923,1.0
Red onion,2,2023-04-16,222.92009367430737,248.174677917028,231.29795903239696,242.48531300690226,0.0
Red onion,2,2023-04-23,216.73052580450917,222.92009367430737,206.57414339082476,217.09818281615307,0.0
Red onion,2,2023-04-30,213.2678046667299,216.73052580450917,212.0128126327828,209.58765585516835,0.0
Red onion,2,2023-05-07,222.68642048782877,213.2678046667299,217.52869966601756,207.18086628553482,0.0
Red onion,2,2023-05-14,232.03820149235892,222.68642048782877,233.4904292372946,219.9973834032493,0.0
Red onion,2,2023-05-21,233.30366469628584,232.03820149235892,238.9012984532266,229.83846179776359,0.0
Red onion,2,2023-05-28,233.29171295224495,233.30366469628584,237.29412249408142,231.03156186349165,0.0
Red onion,2,2023-06-04,233.1734547158264,233.29171295224495,231.1872564341055,228.95823068677254,0.0
Red onion,2,2023-06-11,232.3120456047884,233.1734547158264,231.24947096147562,230.75228734216918,0.0
Red onion,2,2023-06-18,230.41345268481743,232.3120456047884,230.40037528732924,226.98589280327474,0.0
Red onion,3,2023-06-25,221.42104652304872,230.41345268481743,228.82103840182396,231.25962305062782,0.0
Red onion,3,2023-07-02,210.20228375292652,221.42104652304872,215.11523101433107,225.00115921874269,0.0
Red onion,3,2023-07-09,215.08760278188043,210.20228375292652,200.6490667783822,214.618891609677,0.0
Red onion,3,2023-07-16,205.6466710402935,215.08760278188043,215.80211198007396,218.45596330128961,1.0
Red onion,3,2023-07-23,208.22593191787257,205.6466710402935,208.4405320627378,210.5103323295086,0.0
Red onion,3,2023-07-30,218.33751201175815,208.22593191787257,207.84227168528403,211.1566629759933,0.0
Red onion,3,2023-08-06,230.31488903391988,218.33751201175815,224.90113583727208,222.03213428997165,0.0
Red onion,3,2023-08-13,234.70336495103297,230.31488903391988,243.2129459430832,234.4003849827114,0.0
Red onion,3,2023-08-20,240.66112827849472,234.70336495103297,237.6865543743217,239.3268176144546,1.0
Red onion,3,2023-08-27,241.00061670325871,240.66112827849472,240.32309177642355,241.3785603601941,0.0
Red onion,3,2023-09-03,233.79273893734307,241.00061670325871,239.17869916192942,244.76673666022893,0.0
Red onion,3,2023-09-10,233.0228637125063,233.79273893734307,228.4934524962329,233.8882722189078,0.0
Red onion,3,2023-09-17,229.10252650127185,233.0228637125063,229.01931663671394,233.4120459522772,0.0
Red onion,3,2023-09-24,222.761871076436,229.10252650127185,227.83229700627282,233.93994458064807,0.0
Red onion,3,2023-10-01,222.16077131513083,222.761871076436,222.0659153154621,226.88209841331954,0.0
Red onion,3,2023-10-08,224.0721285331136,222.16077131513083,221.4797631583245,225.65961045506918,0.0
Red onion,3,2023-10-15,226.12548390708773,224.0721285331136,226.85528546324844,229.84960198282064,0.0
Red onion,3,2023-10-22,228.7301973224315,226.12548390708773,232.7620380828125,230.89327136360018,0.0
Red onion,3,2023-10-29,228.0614189064753,228.7301973224315,233.89832273948957,233.0523570895824,0.0
Red onion,3,2023-11-05,230.31503524714824,228.0614189064753,229.50440685696472,232.38357867362618,0.0
Red onion,3,2023-11-12,233.5399877373074,230.31503524714824,233.91775040478856,234.98795738154766,0.0
Red onion,3,2023-11-19,239.80374116093373,233.5399877373074,239.3055415655551,238.7296392265652,0.0
Red onion,3,2023-11-26,243.02123594892885,239.80374116093373,248.05382887017382,245.5496904292748,0.0
Red onion,3,2023-12-03,246.4873544503341,243.02123594892885,249.643461707156,249.7701344550934,0.0
Red onion,3,2023-12-10,245.27189703217343,246.4873544503341,249.83035335371204,252.2778155137191,0.0
Red onion,3,2023-12-17,245.4599094165456,245.27189703217343,246.21955876105346,249.64723892441586,0.0
Red onion,3,2023-12-24,244.4614257785429,245.4599094165456,245.87248031204345,251.08049008976337,0.0
Red onion,3,2023-12-31,234.9694126896348,244.4614257785429,243.49417958744306,247.97192501751078,0.0
Red onion,3,2024-01-07,228.9429572399132,234.9694126896348,229.28415536742784,238.70330250782632,0.0
Red onion,3,2024-01-14,223.81550648798503,228.9429572399132,221.2946919187873,228.86822699265406,0.0
Red onion,3,2024-01-21,229.75450446463947,223.81550648798503,220.93978526394042,224.04846322526492,0.0
Red onion,3,2024-01-28,219.1670322579462,229.75450446463947,230.2241750176128,228.8038576469553,1.0
Red onion,3,2024-02-04,232.17853300049117,219.1670322579462,219.97578481713612,219.7536160511095,0.0
Red onion,3,2024-02-11,219.743094960312,232.17853300049117,230.69699837284668,229.6267770953398,1.0
Red onion,3,2024-02-18,215.52207561309336,219.743094960312,215.6741745889297,219.24277232036982,0.0
Red onion,3,2024-02-25,210.87629570352527,215.52207561309336,204.9365770884142,215.34505989129542,0.0
Red onion,4,2024-03-03,195.74247441642524,210.87629570352527,200.71408773667025,208.7435833393285,0.0
Red onion,4,2024-03-10,182.9151990576784,195.74247441642524,183.5674397849032,194.97415963762046,0.0
Red onion,4,2024-03-17,176.51894989924193,182.9151990576784,173.61452529524956,184.84693481169145,0.0
Red onion,4,2024-03-24,170.75885284410015,176.51894989924193,165.67030976548224,179.04638091044188,0.0
Red onion,4,2024-03-31,165.7145244155487,170.75885284410015,167.2942298615464,171.31999099717632,0.0
Red onion,4,2024-04-07,169.6390267338767,165.7145244155487,162.68415514982104,165.68571091931668,0.0
Red onion,4,2024-04-14,165.59903849386336,169.6390267338767,171.27814562317536,170.21082344913626,1.0
Red onion,4,2024-04-21,162.19856668406152,165.59903849386336,163.93383122846177,165.67911649965407,0.0
Red onion,4,2024-04-28,164.24336798049123,162.19856668406152,157.4024090141646,162.28208315514945,0.0
Red onion,4,2024-05-05,159.1361810851077,164.24336798049123,161.8404832926132,163.30575407601506,0.0
Red onion,4,2024-05-12,161.8921785362176,159.1361810851077,158.33217118075294,159.29906383037365,0.0
Red onion,4,2024-05-19,161.0126404120234,161.8921785362176,163.6030291565532,161.24802458361904,0.0
Red onion,4,2024-05-26,164.63900032313643,161.0126404120234,162.25723002222037,160.86953703599247,0.0
Red onion,4,2024-06-02,163.76022326173992,164.63900032313643,165.68900735075442,163.27927854331313,1.0
Red onion,4,2024-06-09,164.17539174004128,163.76022326173992,167.50507781130955,163.7311419692895,0.0
Red onion,4,2024-06-16,169.6965947335168,164.17539174004128,162.88669324125965,164.30354652448227,0.0
Red onion,4,2024-06-23,166.37504524074967,169.6965947335168,172.44656074434405,169.99733002833568,0.0
Red onion,4,2024-06-30,174.34274480703726,166.37504524074967,166.61232265238928,166.7425537117618,0.0
Red onion,4,2024-07-07,166.35077066077758,174.34274480703726,175.58118481988595,173.79677257898703,1.0
Red onion,4,2024-07-14,163.70773465106367,166.35077066077758,166.82297215343863,166.94053263320495,0.0
Red onion,4,2024-07-21,167.33994223493704,163.70773465106367,158.5933637005014,164.32130021521925,0.0
Red onion,4,2024-07-28,165.28155246522715,167.33994223493704,168.09687935180418,168.0470901908315,0.0
Red onion,4,2024-08-04,167.15814180571562,165.28155246522715,165.74239091826598,166.6023149802952,0.0
Red onion,4,2024-08-11,165.8710103248975,167.15814180571562,169.0315966760288,168.84036989409452,0.0
Red onion,4,2024-08-18,166.6523241558769,165.8710103248975,163.6687388447545,166.52719338888141,0.0
Red onion,4,2024-08-25,163.6385236254828,166.6523241558769,164.5987308235887,166.86391879708555,0.0
Red onion,4,2024-09-01,166.2437685046314,163.6385236254828,163.22570799960405,163.85011826669145,0.0
Red onion,4,2024-09-08,166.12352630698004,166.2437685046314,168.16842550059732,167.23976599313008,1.0
Red onion,4,2024-09-15,166.58496649472366,166.12352630698004,167.98608065425904,166.91496882044592,0.0
Red onion,4,2024-09-22,168.8080288942705,166.58496649472366,166.731607555192,167.72709078995834,0.0
Red onion,4,2024-09-29,165.58970998032922,168.8080288942705,171.5780193372964,169.35977168640002,0.0
Red onion,4,2024-10-06,166.975410727613,165.58970998032922,164.48597517882087,166.2330162356698,1.0
Red onion,4,2024-10-13,166.16089841991658,166.975410727613,167.27325536373618,166.94385368173602,0.0
Red onion,4,2024-10-20,162.71520258048412,166.16089841991658,169.4562993143688,166.68388715654606,0.0
Red onion,4,2024-10-27,155.46848800837512,162.71520258048412,162.48043247785395,163.65928180077907,0.0
Red onion,4,2024-11-03,152.74250452903206,155.46848800837512,152.80841350219268,157.01290848910327,0.0
Squash,1,2022-02-06,39.20650068864331,39.53698952123565,39.11389782499783,39.60557258501691,0.0
Squash,1,2022-02-13,38.096746347842306,39.20650068864331,39.15616785281318,38.95736389801011,0.0
Squash,1,2022-02-20,36.72197772433637,38.096746347842306,36.89260683355221,38.030446074900716,0.0
Squash,1,2022-02-27,35.2947752112957,36.72197772433637,35.73773442400357,36.325063927673085,0.0
Squash,1,2022-03-06,32.97706631742135,35.2947752112957,33.595876713194606,34.91555937477074,0.0
Squash,1,2022-03-13,31.48226041624411,32.97706631742135,31.459248987381038,33.062842400592714,0.0
Squash,1,2022-03-20,35.19663660175321,31.48226041624411,30.510948127547106,31.25159282514914,0.0
Squash,1,2022-03-27,32.34403673346472,35.19663660175321,39.627165989291676,35.45993335492132,1.0
Squash,1,2022-04-03,34.967661744604605,32.34403673346472,28.674188863018124,33.068730568246366,1.0
Squash,1,2022-04-10,35.15382585584954,34.967661744604605,39.99874028863436,35.523187524328726,1.0
Squash,1,2022-04-17,35.5286699824339,35.15382585584954,30.549427574834706,35.72408989727334,0.0
Squash,1,2022-04-24,34.34984237568725,35.5286699824339,40.43602177245168,35.66810999739228,0.0
Squash,1,2022-05-01,33.845019433614226,34.34984237568725,28.45756012307204,34.857724672726285,0.0
Squash,1,2022-05-08,32.610658397527935,33.845019433614226,38.30109349996301,34.44107458364627,0.0
Squash,1,2022-05-15,32.18379526950626,32.610658397527935,25.897542670957712,32.973536004873516,0.0
Squash,1,2022-05-22,30.831780764486982,32.18379526950626,37.90314506595912,32.771274920480536,1.0
Squash,1,2022-05-29,29.6787461683916,30.831780764486982,23.493050946140684,31.473364624407484,0.0
Squash,1,2022-06-05,29.79674422255536,29.6787461683916,34.82472237893386,29.79011346854438,0.0
Squash,1,2022-06-12,31.18574544884656,29.79674422255536,24.067175043834922,29.856906744454108,0.0
Squash,1,2022-06-19,32.33731419585183,31.18574544884656,39.34496325149042,31.319540442008716,1.0
Squash,1,2022-06-26,34.00019618097522,32.33731419585183,27.257832560339818,32.60323689125016,0.0
Squash,1,2022-07-03,35.266787906378454,34.00019618097522,41.479854754998186,34.43880268160083,0.0
Squash,1,2022-07-10,36.364245232403675,35.266787906378454,29.876942670814273,36.091945787161535,0.0
Squash,1,2022-07-17,35.68216935215855,36.364245232403675,42.79172588203933,36.76787665134708,0.0
Squash,1,2022-07-24,37.48377966165544,35.68216935215855,28.876792924999915,36.226112578495986,1.0
Squash,1,2022-07-31,38.95301788088376,37.48377966165544,45.02717087473623,37.76294764161111,0.0
Squash,1,2022-08-07,40.53024284937329,38.95301788088376,33.80645587404325,38.980642253276656,0.0
Squash,1,2022-08-14,41.72304537069905,40.53024284937329,48.802618742260506,40.87648769118733,0.0
Squash,1,2022-08-21,41.97901378744312,41.72304537069905,34.957152531934504,41.761535431415915,0.0
Squash,1,2022-08-28,42.44769792976873,41.97901378744312,48.69616088283489,41.305416093999824,0.0
Squash,1,2022-09-04,42.070328440097974,42.44769792976873,35.73306385869395,41.44954919043081,0.0
Squash,1,2022-09-11,41.206071726517415,42.070328440097974,48.548191282453125,41.17765643778245,1.0
Squash,1,2022-09-18,40.97441322831749,41.206071726517415,33.094112443516224,40.430766336159444,0.0
Squash,1,2022-09-25,39.06918660901971,40.97441322831749,47.142812484549644,40.146791589542616,0.0
Squash,1,2022-10-02,37.3070364381897,39.06918660901971,30.700922669464543,38.550508301486445,0.0
Squash,1,2022-10-09,36.63402214940145,37.3070364381897,43.273882996301,37.22744277229185,0.0
Squash,2,2022-10-16,38.38921867827031,36.63402214940145,36.09848488102977,36.351139697390344,0.0
Squash,2,2022-10-23,39.107657776196845,38.38921867827031,39.628887751452744,38.10677429059598,0.0
Squash,2,2022-10-30,41.062065034141064,39.107657776196845,41.33954781156455,39.14348895194138,1.0
Squash,2,2022-11-06,42.43043733072362,41.062065034141064,42.24936058205104,40.553420393695355,0.0
Squash,2,2022-11-13,42.81624940267507,42.43043733072362,43.44819791478531,42.10497054886899,0.0
Squash,2,2022-11-20,42.87663395575734,42.81624940267507,43.05233139023608,42.62854793897573,1.0
Squash,2,2022-11-27,41.1966792343914,42.87663395575734,42.54562032409607,42.655386685054026,0.0
Squash,2,2022-12-04,39.1252425807503,41.1966792343914,39.50446504014697,40.7717187999546,0.0
Squash,2,2022-12-11,37.64784350961552,39.1252425807503,37.24006296027567,38.58171652732165,0.0
Squash,2,2022-12-18,36.76914624256211,37.64784350961552,36.69831953328046,37.1153399047266,0.0
Squash,2,2022-12-25,37.137767722164334,36.76914624256211,36.821764794200256,36.43723232430535,0.0
Squash,2,2023-01-01,37.54790920648462,37.137767722164334,37.90396716493794,36.62117980912799,0.0
Squash,2,2023-01-08,37.58449797293466,37.54790920648462,38.3818231089853,37.23066992196924,0.0
Squash,2,2023-01-15,40.444919005476194,37.58449797293466,38.298793768060186,37.30880264899057,0.0
Squash,2,2023-01-22,43.08307872911266,40.444919005476194,41.95625465834431,40.32674174054738,0.0
Squash,2,2023-01-29,46.73959517329082,43.08307872911266,46.050989194013205,42.846113639076265,0.0
Squash,2,2023-02-05,51.5333907593476,46.73959517329082,49.88142097798348,46.646385027459715,0.0
Squash,2,2023-02-12,53.04360040722396,51.5333907593476,54.82838241688094,51.00154632222525,0.0
Squash,2,2023-02-19,52.20245659192426,53.04360040722396,53.56905170137634,52.05591639576461,0.0
Squash,2,2023-02-26,51.22055207792195,52.20245659192426,51.06988477976245,51.94894674261434,0.0
Squash,2,2023-03-05,48.04097384050888,51.22055207792195,48.330035539435706,50.70488571229848,0.0
Squash,2,2023-03-12,45.85060778276282,48.04097384050888,45.43005373211039,46.68009537294907,0.0
Squash,2,2023-03-19,43.80179462676506,45.85060778276282,44.27561351918588,44.96840927020865,0.0
Squash,2,2023-03-26,42.626623813177105,43.80179462676506,42.63772262873304,42.79898617511253,0.0
Squash,2,2023-04-02,41.59772883516226,42.626623813177105,41.8404417685848,41.565615121389385,0.0
Squash,2,2023-04-09,42.16057991957344,41.59772883516226,41.37854661298424,40.892895566042995,1.0
Squash,2,2023-04-16,43.08886930347108,42.16057991957344,42.24257972619621,41.42380154108681,0.0
Squash,2,2023-04-23,42.26330077827968,43.08886930347108,44.0578089086846,42.26874765754365,0.0
Squash,2,2023-04-30,42.53952116036761,42.26330077827968,42.4836239690521,41.37762576521434,0.0
Squash,2,2023-05-07,42.14688815189648,42.53952116036761,41.955518023182194,41.62916738057483,0.0
Squash,2,2023-05-14,40.94350970536225,42.14688815189648,41.75494257718869,41.102063909304626,0.0
Squash,2,2023-05-21,40.379661273408786,40.94350970536225,40.0473344952022,40.01703644543641,0.0
Squash,2,2023-05-28,39.20994082458523,40.379661273408786,39.437590062992655,39.437769841600314,0.0
Squash,2,2023-06-04,37.22219753622066,39.20994082458523,38.54892267056386,38.27317825325039,0.0
Squash,2,2023-06-11,35.876741364457786,37.22219753622066,35.78489602711094,36.528678420772664,0.0
Squash,2,2023-06-18,35.24058515005317,35.876741364457786,35.15492995015062,35.23803122327584,0.0
Squash,3,2023-06-25,36.3404760282757,35.24058515005317,34.97073075338756,35.22050078385082,0.0
Squash,3,2023-07-02,38.34301632699606,36.3404760282757,37.63995065261347,36.67565097625277,0.0
Squash,3,2023-07-09,37.437674839182094,38.34301632699606,40.13751466870952,38.75244918522474,0.0
Squash,3,2023-07-16,38.992388844757734,37.437674839182094,37.551801589630976,37.904685039205745,1.0
Squash,3,2023-07-23,38.41304244130886,38.992388844757734,38.27465545380239,39.30211347368306,0.0
Squash,3,2023-07-30,36.4138774235136,38.41304244130886,38.247167672617145,38.71909584134853,0.0
Squash,3,2023-08-06,34.02174630724159,36.4138774235136,35.2253192328929,36.666243549097246,0.0
Squash,3,2023-08-13,33.20199203924261,34.02174630724159,31.14494533899879,34.19011503421036,0.0
Squash,3,2023-08-20,32.266269622582826,33.20199203924261,32.858911142337064,33.15846668244325,1.0
Squash,3,2023-08-27,32.50999213012191,32.266269622582826,32.287424354899876,32.53878006174031,0.0
Squash,3,2023-09-03,34.26906008487458,32.50999213012191,33.11984799685865,32.73663375528785,0.0
Squash,3,2023-09-10,35.31544402100987,34.26906008487458,35.41520105087498,34.49999112849946,0.0
Squash,3,2023-09-17,37.28985079525565,35.31544402100987,36.9430752093122,35.69113913037724,0.0
Squash,3,2023-09-24,40.12564511775622,37.28985079525565,38.5336931241735,37.77708008288001,0.0
Squash,3,2023-10-01,42.36661170766777,40.12564511775622,41.729789702021705,40.559861766096446,0.0
Squash,3,2023-10-08,43.630265997125406,42.36661170766777,44.441967880643695,42.70122309372849,0.0
Squash,3,2023-10-15,44.297016330729065,43.630265997125406,44.273875722293056,43.3340579134958,0.0
Squash,3,2023-10-22,44.35926147692215,44.297016330729065,44.155284751077176,43.39705986596161,0.0
Squash,3,2023-10-29,44.496844412433994,44.35926147692215,43.787091197504694,43.71774538748276,0.0
Squash,3,2023-11-05,43.57088471207961,44.496844412433994,44.52933251273045,43.59640085850943,0.0
Squash,3,2023-11-12,43.44573506348132,43.57088471207961,42.78989631810601,42.58453870568618,0.0
Squash,3,2023-11-19,43.73628134209475,43.44573506348132,43.66984884317263,42.794115033078185,0.0
Squash,3,2023-11-26,45.56709895299878,43.73628134209475,44.04897151365049,43.09279907423815,0.0
Squash,3,2023-12-03,48.36909542998664,45.56709895299878,47.42003705568997,45.061312236060765,0.0
Squash,3,2023-12-10,50.72392566065713,48.36909542998664,51.043917106330255,47.85768322667472,0.0
Squash,3,2023-12-17,51.5841159617262,50.72392566065713,52.41887626315521,50.465877930926524,0.0
Squash,3,2023-12-24,51.46134035756744,51.5841159617262,52.15812296257909,50.85974429004956,0.0
Squash,3,2023-12-31,51.61152245811037,51.46134035756744,50.84968643502756,51.115577687527306,0.0
Squash,3,2024-01-07,49.91466041314892,51.61152245811037,51.200798447624614,50.71694501451067,0.0
Squash,3,2024-01-14,48.79712251454288,49.91466041314892,48.687983359162814,48.87669547307782,0.0
Squash,3,2024-01-21,46.50765511537016,48.79712251454288,48.02970399372772,48.07360628872806,0.0
Squash,3,2024-01-28,47.78056197575143,46.50765511537016,45.41570023068669,45.842839868311295,1.0
Squash,3,2024-02-04,45.69253475418875,47.78056197575143,47.85174745357278,47.01320748737863,0.0
Squash,3,2024-02-11,47.55936467251602,45.69253475418875,45.9137109525094,44.944608518989774,1.0
Squash,3,2024-02-18,47.55069708340572,47.55936467251602,47.98163456464278,46.899960394714505,0.0
Squash,3,2024-02-25,47.19740349924142,47.55069708340572,47.958329993340485,46.43323635571407,0.0
Squash,4,2024-03-03,48.18669183599418,47.19740349924142,47.611608308459054,46.82480276500756,0.0
Squash,4,2024-03-10,48.982228727325136,48.18669183599418,48.06215567313478,47.45608790265983,0.0
Squash,4,2024-03-17,48.81046881529419,48.982228727325136,49.140602311525335,48.388361246570284,0.0
Squash,4,2024-03-24,48.70559014532904,48.81046881529419,49.221563950784976,48.15059419724076,0.0
Squash,4,2024-03-31,48.66502043980137,48.70559014532904,48.02439513397779,47.99184842560629,0.0
Squash,4,2024-04-07,47.15386333388366,48.66502043980137,48.27249730381885,48.27613562720791,0.0
Squash,4,2024-04-14,47.17468728003659,47.15386333388366,46.08512735620403,46.7430295578865,1.0
Squash,4,2024-04-21,47.14307325207851,47.17468728003659,46.59497734980405,46.6838875549809,0.0
Squash,4,2024-04-28,46.208376141665475,47.14307325207851,47.38561594768222,46.43160389983318,0.0
Squash,4,2024-05-05,46.5789739434931,46.208376141665475,46.186250522573964,45.66109863149931,0.0
Squash,4,2024-05-12,46.09402384659682,46.5789739434931,46.11432298358339,46.25724172045919,0.0
Squash,4,2024-05-19,46.77957379248242,46.09402384659682,46.059281519308065,45.49825271269713,0.0
Squash,4,2024-05-26,47.22742842920678,46.77957379248242,47.0734784515394,46.262904817129176,0.0
Squash,4,2024-06-02,48.992004532033384,47.22742842920678,48.04065410875378,46.95594068654435,1.0
Squash,4,2024-06-09,50.45637497724065,48.992004532033384,49.824578177855514,48.58043493669647,0.0
Squash,4,2024-06-16,50.94387552541495,50.45637497724065,51.71752926692624,49.633160803923694,0.0
Squash,4,2024-06-23,52.94766089316506,50.94387552541495,51.628791907240206,50.69049618047477,0.0
Squash,4,2024-06-30,52.9100840653562,52.94766089316506,53.6398735844371,52.33581867810387,0.0
Squash,4,2024-07-07,55.63117398703971,52.9100840653562,53.66569223589228,52.50665115968222,1.0
Squash,4,2024-07-14,56.42705578446982,55.63117398703971,56.2912687510613,54.90574612105765,0.0
Squash,4,2024-07-21,55.11572543710379,56.42705578446982,56.979033343357706,55.42851889968512,0.0
Squash,4,2024-07-28,53.82604469437603,55.11572543710379,54.292244058980046,54.39883617490439,0.0
Squash,4,2024-08-04,50.844367668437144,53.82604469437603,51.64185984336138,53.18263007779125,0.0
Squash,4,2024-08-11,48.9271448030892,50.844367668437144,48.36545211192411,49.948110089110514,0.0
Squash,4,2024-08-18,47.11941289036445,48.9271448030892,47.70462476800146,48.1293731108132,0.0
Squash,4,2024-08-25,46.4290746767261,47.11941289036445,46.19735543590951,46.6872383865612,0.0
Squash,4,2024-09-01,45.11546227571221,46.4290746767261,46.197918889875325,45.735551448557615,0.0
Squash,4,2024-09-08,44.88765819063254,45.11546227571221,44.43371451959174,44.180102559296806,1.0
Squash,4,2024-09-15,45.046717763985725,44.88765819063254,44.77455932015595,44.568408143425664,0.0
Squash,4,2024-09-22,45.45043646538528,45.046717763985725,45.611505620929144,44.41083055838499,0.0
Squash,4,2024-09-29,47.39972535225625,45.45043646538528,46.03985679129043,44.91635077441009,0.0
Squash,4,2024-10-06,49.069233627215255,47.39972535225625,48.951182279365725,47.03494760843987,1.0
Squash,4,2024-10-13,49.226932755711374,49.069233627215255,51.03357524240993,48.58986741413199,0.0
Squash,4,2024-10-20,48.05697833469588,49.226932755711374,48.557845697314036,48.44806342482835,0.0
Squash,4,2024-10-27,45.646855136708744,48.05697833469588,46.71090713445939,47.6825003223725,0.0
Squash,4,2024-11-03,40.56627850199137,45.646855136708744,43.10506307557895,44.94898875649405,0.0
Tomato,1,2022-02-06,89.34266912769331,93.73686425004531,92.06610711206072,93.79466747854282,0.0
Tomato,1,2022-02-13,85.11017116418462,89.34266912769331,83.8890013980829,88.79569220375075,0.0
Tomato,1,2022-02-20,81.19354809342954,85.11017116418462,81.250601798083,84.63564991465192,0.0
Tomato,1,2022-02-27,77.67361163165447,81.19354809342954,77.47939088663337,80.85498503862951,0.0
Tomato,1,2022-03-06,74.09638347620363,77.67361163165447,75.57904274958348,77.26536606814739,0.0
Tomato,1,2022-03-13,72.37146555330051,74.09638347620363,71.48558355422946,74.28486476237173,0.0
Tomato,1,2022-03-20,69.9425647326107,72.37146555330051,71.32471386887535,72.66189347650302,0.0
Tomato,1,2022-03-27,73.58958635551647,69.9425647326107,67.67777960541478,70.30580926614952,1.0
Tomato,1,2022-04-03,76.12995652352073,73.58958635551647,80.03112029551758,73.79866238755898,1.0
Tomato,1,2022-04-10,80.48348009055029,76.12995652352073,79.13630555247728,76.54950008784034,1.0
Tomato,1,2022-04-17,84.65304017326278,80.48348009055029,84.82592046831617,81.45526050989996,0.0
Tomato,1,2022-04-24,88.05352321516261,84.65304017326278,85.8879016027604,87.27248835822982,0.0
Tomato,1,2022-05-01,91.3913455518575,88.05352321516261,92.65961292552026,89.42647412668452,0.0
Tomato,1,2022-05-08,94.32163748891791,91.3913455518575,93.8446575391869,92.2723999532552,0.0
Tomato,1,2022-05-15,94.8929866150246,94.32163748891791,96.72133169521068,94.22829978914699,0.0
Tomato,1,2022-05-22,95.52071257273457,94.8929866150246,93.63152651816257,94.41985290201762,1.0
Tomato,1,2022-05-29,94.72331763165668,95.52071257273457,95.93450371535889,95.48419244925282,0.0
Tomato,1,2022-06-05,92.0036702159048,94.72331763165668,93.78539494941128,94.26929754870609,0.0
Tomato,1,2022-06-12,87.81299386905403,92.0036702159048,89.3255552288234,91.91712799698124,0.0
Tomato,1,2022-06-19,83.44102306010309,87.81299386905403,82.64480111206649,87.8096678199795,1.0
Tomato,1,2022-06-26,78.74231281727573,83.44102306010309,79.60448142107786,83.35900068374458,0.0
Tomato,1,2022-07-03,73.49522002536143,78.74231281727573,75.38502685174177,79.51813831776401,0.0
Tomato,1,2022-07-10,70.33844255067592,73.49522002536143,69.88715438283022,73.81760521727885,0.0
Tomato,1,2022-07-17,68.15754729352751,70.33844255067592,67.79853329461076,70.97601334907299,0.0
Tomato,1,2022-07-24,66.4312235137478,68.15754729352751,67.57725038100341,68.29816336773196,1.0
Tomato,1,2022-07-31,65.32756671308499,66.4312235137478,65.77547676902061,67.09728944506799,0.0
Tomato,1,2022-08-07,64.73806446031963,65.32756671308499,64.79927837950702,66.49781081079465,0.0
Tomato,1,2022-08-14,63.71341620458739,64.73806446031963,64.19651363562738,66.45316749052441,0.0
Tomato,1,2022-08-21,61.82401272333195,63.71341620458739,62.89263572699129,65.533490166799,0.0
Tomato,1,2022-08-28,58.404506588995666,61.82401272333195,60.302391505849805,63.44836088693668,0.0
Tomato,1,2022-09-04,53.54754364140408,58.404506588995666,54.87307503309218,60.63464560610077,0.0
Tomato,1,2022-09-11,52.5916086783536,53.54754364140408,48.87822283230163,55.72204196102994,1.0
Tomato,1,2022-09-18,54.53627485712857,52.5916086783536,54.19388396944427,54.627870952142054,0.0
Tomato,1,2022-09-25,59.64457301063074,54.53627485712857,59.54685967497442,56.356423563564725,0.0
Tomato,1,2022-10-02,66.91281211715506,59.64457301063074,67.2724232941049,61.95728639525903,0.0
Tomato,1,2022-10-09,72.55347273426563,66.91281211715506,73.31421331483192,68.80907500129507,0.0
Tomato,2,2022-10-16,76.21736772376575,72.55347273426563,75.59731696932474,75.14231798725635,0.0
Tomato,2,2022-10-23,77.62852581101937,76.21736772376575,78.31779215482352,77.7963877471117,0.0
Tomato,2,2022-10-30,79.18782149593093,77.62852581101937,78.60237638410175,78.39626939851327,1.0
Tomato,2,2022-11-06,79.14019141035584,79.18782149593093,80.96235798907102,79.95992659370162,0.0
Tomato,2,2022-11-13,77.93293546485754,79.14019141035584,79.31608093813453,79.17485938655642,0.0
Tomato,2,2022-11-20,76.1679010827794,77.93293546485754,76.9520308630496,78.24390782761427,1.0
Tomato,2,2022-11-27,73.95897199904473,76.1679010827794,73.98289601259535,76.43810261681222,0.0
Tomato,2,2022-12-04,70.99246634114951,73.95897199904473,72.53487230641608,73.84510382210763,0.0
Tomato,2,2022-12-11,70.27238654623791,70.99246634114951,69.41827904251174,71.61754817832679,0.0
Tomato,2,2022-12-18,71.45499911704633,70.27238654623791,71.49859794605348,71.17814474831387,0.0
Tomato,2,2022-12-25,75.28014814928457,71.45499911704633,73.79508076937665,71.80192714729878,0.0
Tomato,2,2023-01-01,81.47553879669697,75.28014814928457,80.41358526147593,76.00852471664831,0.0
Tomato,2,2023-01-08,85.81765844693956,81.47553879669697,87.8492318637758,83.22384006432087,0.0
Tomato,2,2023-01-15,87.38994741720634,85.81765844693956,88.44272495977073,87.49218072763261,0.0
Tomato,2,2023-01-22,86.85658843956762,87.38994741720634,86.53049936367984,88.45597279352623,0.0
Tomato,2,2023-01-29,83.86026670202291,86.85658843956762,83.92944376497486,87.28993542633825,0.0
Tomato,2,2023-02-05,79.15572479103493,83.86026670202291,80.81698823153846,83.13969792589224,0.0
Tomato,2,2023-02-12,75.65598651379936,79.15572479103493,74.38849704415611,78.34965088699745,0.0
Tomato,2,2023-02-19,72.32057368792921,75.65598651379936,73.43880420766969,75.89644832522266,0.0
Tomato,2,2023-02-26,69.42771505186973,72.32057368792921,69.88377158096324,72.57820957936674,0.0
Tomato,2,2023-03-05,67.31014395242056,69.42771505186973,67.23591860184366,69.65264784167228,0.0
Tomato,2,2023-03-12,65.82302284373995,67.31014395242056,65.68438717682649,67.48514169936499,0.0
Tomato,2,2023-03-19,65.92296341549809,65.82302284373995,65.61449726791746,66.89013433589693,0.0
Tomato,2,2023-03-26,67.62386988030286,65.92296341549809,66.90066761863143,66.68877378594334,0.0
Tomato,2,2023-04-02,70.20375901739808,67.62386988030286,70.15980530977002,68.2770671092114,0.0
Tomato,2,2023-04-09,72.047863679731,70.20375901739808,73.57737181609443,70.87143987696382,1.0
Tomato,2,2023-04-16,72.97490932852396,72.047863679731,72.96697548933962,72.79580517371903,0.0
Tomato,2,2023-04-23,73.2673259699903,72.97490932852396,73.18377756048608,73.60178544432291,0.0
Tomato,2,2023-04-30,73.15614196295448,73.2673259699903,73.36860305450416,73.75866195803503,0.0
Tomato,2,2023-05-07,72.38230093138236,73.15614196295448,73.6118940240195,73.37569528455444,0.0
Tomato,2,2023-05-14,72.28396114198976,72.38230093138236,72.1298583106556,72.80656583921927,0.0
Tomato,2,2023-05-21,72.10391528685197,72.28396114198976,72.72889521324929,72.90125521509462,0.0
Tomato,2,2023-05-28,72.54982268454654,72.10391528685197,72.35642764236952,72.2387614228259,0.0
Tomato,2,2023-06-04,73.52242926985,72.54982268454654,73.70688757562341,73.19580000283344,0.0
Tomato,2,2023-06-11,74.41064797976634,73.52242926985,74.87975656565425,73.82543994218085,0.0
Tomato,2,2023-06-18,74.7896065334681,74.41064797976634,75.50853242206713,75.03925263026377,0.0
Tomato,3,2023-06-25,75.27731622061317,74.7896065334681,75.02054425674666,75.491891406,0.0
Tomato,3,2023-07-02,75.58199762391797,75.27731622061317,75.25938232142528,76.09738201698845,0.0
Tomato,3,2023-07-09,77.94854197587522,75.58199762391797,75.99751095141131,76.31829791354886,0.0
Tomato,3,2023-07-16,82.17993451472115,77.94854197587522,81.39282693154559,78.54120007838758,1.0
Tomato,3,2023-07-23,87.69292563088793,82.17993451472115,86.47157288451835,83.34708966131997,0.0
Tomato,3,2023-07-30,95.7466004355516,87.69292563088793,93.20685710326131,88.29468601830858,0.0
Tomato,3,2023-08-06,105.70091601151428,95.7466004355516,102.54192083475739,96.71090309458633,0.0
Tomato,3,2023-08-13,111.16803746827648,105.70091601151428,114.7294451727996,105.28269352454147,0.0
Tomato,3,2023-08-20,113.38485999712712,111.16803746827648,112.90815329146511,109.48722987779186,1.0
Tomato,3,2023-08-27,111.74618626869544,113.38485999712712,111.70399792768131,111.88697751173741,0.0
Tomato,3,2023-09-03,106.3219246603087,111.74618626869544,106.52581956652482,109.01933385170325,0.0
Tomato,3,2023-09-10,101.8446156746633,106.3219246603087,100.44892676976697,103.81493708859239,0.0
Tomato,3,2023-09-17,99.22696553725888,101.8446156746633,99.19921324141819,99.65335915153098,0.0
Tomato,3,2023-09-24,97.60649418607272,99.22696553725888,97.6075074248844,97.18759905357052,0.0
Tomato,3,2023-10-01,97.6259924673016,97.60649418607272,97.18584788490958,95.13996433988132,0.0
Tomato,3,2023-10-08,97.58947462063084,97.6259924673016,97.7729385844899,96.8523273371632,0.0
Tomato,3,2023-10-15,98.36843362627955,97.58947462063084,97.70214555630588,95.59824377517948,0.0
Tomato,3,2023-10-22,99.01854297537275,98.36843362627955,99.06787643457078,97.00929561434718,0.0
Tomato,3,2023-10-29,99.49755630413398,99.01854297537275,99.90419241246435,98.34199735540815,0.0
Tomato,3,2023-11-05,100.67590886925716,99.49755630413398,100.00136151470583,98.92914405981406,0.0
Tomato,3,2023-11-12,100.45725188253938,100.67590886925716,101.53144569343841,100.04086125468272,0.0
Tomato,3,2023-11-19,99.2596083676873,100.45725188253938,99.9208094752894,100.04446143506586,0.0
Tomato,3,2023-11-26,96.28723078590932,99.2596083676873,97.75237526024827,99.12261877418145,0.0
Tomato,3,2023-12-03,91.6310292318082,96.28723078590932,92.79706424448285,96.98339885098042,0.0
Tomato,3,2023-12-10,87.76533057836212,91.6310292318082,86.97700243484925,90.90671257521869,0.0
Tomato,3,2023-12-17,84.54541276676152,87.76533057836212,84.84443046439526,87.04183890966095,0.0
Tomato,3,2023-12-24,81.09494572598736,84.54541276676152,82.93718248962989,83.7264546035001,0.0
Tomato,3,2023-12-31,77.86328172797968,81.09494572598736,79.1015686181633,79.37458735425274,0.0
Tomato,3,2024-01-07,74.97871995670394,77.86328172797968,74.39870330052432,77.97287851686289,0.0
Tomato,3,2024-01-14,75.96217894924044,74.97871995670394,72.37960039199359,75.11710613174037,0.0
Tomato,3,2024-01-21,80.00609796520406,75.96217894924044,79.36554192380909,75.83099028838038,0.0
Tomato,3,2024-01-28,89.05300335748888,80.00609796520406,86.4794496445593,81.34077363487417,1.0
Tomato,3,2024-02-04,100.94652355277034,89.05300335748888,98.08536835550758,91.84089188440538,0.0
Tomato,3,2024-02-11,109.7103471367946,100.94652355277034,112.35456249713366,103.2741996105859,1.0
Tomato,3,2024-02-18,113.997265976841,109.7103471367946,113.12174551691255,111.22751029425767,0.0
Tomato,3,2024-02-25,113.66586306838698,113.997265976841,114.57364844809699,113.22931192534641,0.0
Tomato,4,2024-03-03,110.12736413915748,113.66586306838698,109.28476756999137,114.55853787212081,0.0
Tomato,4,2024-03-10,105.55001901557094,110.12736413915748,105.07903916575023,108.14340577562446,0.0
Tomato,4,2024-03-17,100.67834846739184,105.55001901557094,101.7196316720849,102.7378263371194,0.0
Tomato,4,2024-03-24,95.12006599609342,100.67834846739184,96.33255272196634,98.16538398031604,0.0
Tomato,4,2024-03-31,88.52420229888523,95.12006599609342,89.73908586208105,91.8626940936276,0.0
Tomato,4,2024-04-07,82.15753227244589,88.52420229888523,81.6647825581278,85.26807661033237,0.0
Tomato,4,2024-04-14,77.30771304123634,82.15753227244589,76.76765588610567,81.0895230151293,1.0
Tomato,4,2024-04-21,75.06907400151324,77.30771304123634,75.36493686511007,76.59837050192588,0.0
Tomato,4,2024-04-28,75.46568083863998,75.06907400151324,74.89682960257775,75.16671139409375,0.0
Tomato,4,2024-05-05,78.59052559938685,75.46568083863998,77.56670248205005,75.95010024410034,0.0
Tomato,4,2024-05-12,79.38060031312182,78.59052559938685,82.4137215773829,79.83144268598811,0.0
Tomato,4,2024-05-19,77.80971086922631,79.38060031312182,79.21904225706044,80.47678420918658,0.0
Tomato,4,2024-05-26,73.5391630918079,77.80971086922631,74.95721169298817,78.1026790827845,0.0
Tomato,4,2024-06-02,67.12961581401274,73.5391630918079,68.03291555390562,74.03628228011661,1.0
Tomato,4,2024-06-09,65.2015290784321,67.12961581401274,61.30788070682763,67.26715050689623,0.0
Tomato,4,2024-06-16,68.01134344783908,65.2015290784321,67.25249464818592,65.9608092236004,0.0
Tomato,4,2024-06-23,75.0819886506756,68.01134344783908,74.24281242130901,69.42409452644473,0.0
Tomato,4,2024-06-30,87.07552345674235,75.0819886506756,84.54985236363278,76.57852335583765,0.0
Tomato,4,2024-07-07,104.24651383857524,87.07552345674235,98.19172212280817,89.65555461328226,1.0
Tomato,4,2024-07-14,116.17665176893064,104.24651383857524,120.68345624798839,107.64551400642192,0.0
Tomato,4,2024-07-21,123.48570123537505,116.17665176893064,123.3501887893076,117.47199314142057,0.0
Tomato,4,2024-07-28,125.7711328360396,123.48570123537505,125.7604931517101,125.21173766478026,0.0
Tomato,4,2024-08-04,123.20041434485675,125.7711328360396,121.50401174775976,124.11134541958147,0.0
Tomato,4,2024-08-11,120.97833681495212,123.20041434485675,119.03141225626752,120.98902957160236,0.0
Tomato,4,2024-08-18,119.3564157598125,120.97833681495212,119.74994203047235,118.59279013068698,0.0
Tomato,4,2024-08-25,118.46483308069872,119.3564157598125,118.32980232286619,117.43243385482899,0.0
Tomato,4,2024-09-01,119.61712137930476,118.46483308069872,117.03232734701915,116.41728788607287,0.0
Tomato,4,2024-09-08,117.064164677391,119.61712137930476,119.74696224086348,117.1187249826678,1.0
Tomato,4,2024-09-15,112.78057651106576,117.064164677391,113.64338678742979,115.07693223072047,0.0
Tomato,4,2024-09-22,105.6075323708639,112.78057651106576,106.8678492033621,110.68292622153024,0.0
Tomato,4,2024-09-29,94.93060479062382,105.6075323708639,97.02493355158654,103.60152565318201,0.0
Tomato,4,2024-10-06,81.7848784681429,94.93060479062382,84.6536317926407,93.03850195306126,1.0
Tomato,4,2024-10-13,77.73376114679631,81.7848784681429,69.39077091187411,81.04357591830389,0.0
Tomato,4,2024-10-20,80.83601120898172,77.73376114679631,79.54225815651193,76.35894282175359,0.0
Tomato,4,2024-10-27,92.9653496583748,80.83601120898172,89.6750523135066,81.06515770444318,0.0
Tomato,4,2024-11-03,113.30199252404717,92.9653496583748,109.55209164245116,94.90787659490587,0.0
Upo,1,2022-02-06,61.068678307290085,59.52587917345732,60.98587586668984,60.11594322222441,0.0
Upo,1,2022-02-13,61.19759756930522,61.068678307290085,62.097553368146876,61.80935560440541,0.0
Upo,1,2022-02-20,60.20710557476951,61.19759756930522,61.039824855401115,61.802132850963396,0.0
Upo,1,2022-02-27,58.20661824179645,60.20710557476951,58.99873039027548,60.947829959554205,0.0
Upo,1,2022-03-06,54.73998840019116,58.20661824179645,55.901568268968816,58.99968039227481,0.0
Upo,1,2022-03-13,52.149990635939965,54.73998840019116,52.17091313635844,55.31166393920788,0.0
Upo,1,2022-03-20,54.27681504874674,52.149990635939965,50.66534512888503,52.74849833829058,0.0
Upo,1,2022-03-27,50.83320613376477,54.27681504874674,57.12023959826706,54.688474766306555,1.0
Upo,1,2022-04-03,52.431799256079394,50.83320613376477,48.15208480144947,50.95044747166016,1.0
Upo,1,2022-04-10,51.48165019331559,52.431799256079394,55.361912208030034,52.52715811955233,1.0
Upo,1,2022-04-17,50.447678294587845,51.48165019331559,47.9845430529924,51.662578572612844,0.0
Upo,1,2022-04-24,48.31887208444094,50.447678294587845,52.19742210553414,50.82384842317175,0.0
Upo,1,2022-05-01,46.457317450561746,48.31887208444094,44.24799713018166,48.771034439625495,0.0
Upo,1,2022-05-08,44.808035210955566,46.457317450561746,46.76708150263189,46.77422339610122,0.0
Upo,1,2022-05-15,45.06419110951639,44.808035210955566,42.0541714096899,45.12991242228789,0.0
Upo,1,2022-05-22,45.289913860837174,45.06419110951639,47.36889962529408,45.30153647718645,1.0
Upo,1,2022-05-29,46.7305428378108,45.289913860837174,44.31078988176395,45.78864475874062,0.0
Upo,1,2022-06-05,50.284891515224594,46.7305428378108,49.49021585042041,46.97220674080877,0.0
Upo,1,2022-06-12,53.791506866970806,50.284891515224594,52.207949255344936,50.731439708917755,0.0
Upo,1,2022-06-19,55.78722707083739,53.791506866970806,57.45673688559265,54.561108390847,1.0
Upo,1,2022-06-26,56.81637430352509,55.78722707083739,56.112892629848545,56.25473511865653,0.0
Upo,1,2022-07-03,56.28504013043418,56.81637430352509,56.94730966768548,57.359362484639284,0.0
Upo,1,2022-07-10,55.2729756020957,56.28504013043418,54.550613905720134,56.68119212013259,0.0
Upo,1,2022-07-17,52.96795715467571,55.2729756020957,54.079957338334076,55.84108571047125,0.0
Upo,1,2022-07-24,52.47337106898077,52.96795715467571,50.6673896599256,53.07790694461702,1.0
Upo,1,2022-07-31,51.75065608028648,52.47337106898077,52.30935087521859,52.629728744771555,0.0
Upo,1,2022-08-07,51.119365464385275,51.75065608028648,51.101536458763285,52.008640092651824,0.0
Upo,1,2022-08-14,50.82817191431787,51.119365464385275,51.4564860082832,51.527650456364874,0.0
Upo,1,2022-08-21,50.60715929110178,50.82817191431787,49.996846776933744,51.016353225209976,0.0
Upo,1,2022-08-28,51.44530337416618,50.60715929110178,50.93766076424743,50.74248685379156,0.0
Upo,1,2022-09-04,52.55944358582281,51.44530337416618,52.23353813087252,51.68610356115787,0.0
Upo,1,2022-09-11,53.68155001781151,52.55944358582281,54.0633704686997,52.886109017083875,1.0
Upo,1,2022-09-18,55.899005442137806,53.68155001781151,54.32082046635071,54.006726048208925,0.0
Upo,1,2022-09-25,57.54000114513576,55.899005442137806,57.68162008056519,56.16569602417478,0.0
Upo,1,2022-10-02,60.21243950763871,57.54000114513576,58.73822445379052,57.66459437323749,0.0
Upo,1,2022-10-09,62.5425866394483,60.21243950763871,63.12800274619471,60.572067141925594,0.0
Upo,2,2022-10-16,65.60807702910817,62.5425866394483,63.88550475161137,62.906771346851485,0.0
Upo,2,2022-10-23,67.10280508391554,65.60807702910817,67.39302313935846,65.7393636203996,0.0
Upo,2,2022-10-30,67.88409143594376,67.10280508391554,68.58302516091605,67.20809015475209,1.0
Upo,2,2022-11-06,67.2206054518582,67.88409143594376,67.68968920876553,67.98116003630034,0.0
Upo,2,2022-11-13,66.1982947762263,67.2206054518582,66.02253975343652,66.85737096170203,0.0
Upo,2,2022-11-20,65.0772812101292,66.1982947762263,65.03088873340468,65.89899449303272,1.0
Upo,2,2022-11-27,62.82381844825118,65.0772812101292,63.98700733619698,64.86833028823608,0.0
Upo,2,2022-12-04,60.461825147534405,62.82381844825118,61.12345985891748,62.749660547142916,0.0
Upo,2,2022-12-11,58.665991793547235,60.461825147534405,58.46479356169431,60.4711294884632,0.0
Upo,2,2022-12-18,57.54356798419025,58.665991793547235,57.519868985894405,58.943873266850076,0.0
Upo,2,2022-12-25,57.32861521083667,57.54356798419025,57.251253423353006,57.49878879898455,0.0
Upo,2,2023-01-01,57.2851523141736,57.32861521083667,57.67693497375073,57.27240872744276,0.0
Upo,2,2023-01-08,56.43011867190528,57.2851523141736,57.703376711617885,57.18177048669996,0.0
Upo,2,2023-01-15,57.28866224794643,56.43011867190528,56.173283081695786,56.447317476671216,0.0
Upo,2,2023-01-22,57.53160357853426,57.28866224794643,57.396184823689005,57.30091300292866,0.0
Upo,2,2023-01-29,58.11446318919634,57.53160357853426,58.25532769834103,57.599168334212436,0.0
Upo,2,2023-02-05,58.85202530225802,58.11446318919634,58.89701083246543,58.09358588377809,0.0
Upo,2,2023-02-12,57.491029591084526,58.85202530225802,59.24164149386185,58.69467504521895,0.0
Upo,2,2023-02-19,54.96197145133452,57.491029591084526,56.34221501065747,56.983042211056755,0.0
Upo,2,2023-02-26,52.69497340772323,54.96197145133452,53.00780761774574,54.67248143701987,0.0
Upo,2,2023-03-05,49.142774652596344,52.69497340772323,50.07939035554453,52.44377535436325,0.0
Upo,2,2023-03-12,47.49681764159377,49.142774652596344,46.82242812989172,49.144892286415924,0.0
Upo,2,2023-03-19,46.87810025636468,47.49681764159377,47.06362937084004,47.623880260326224,0.0
Upo,2,2023-03-26,47.80230786781061,46.87810025636468,47.25088267547219,47.00688027862821,0.0
Upo,2,2023-04-02,49.998153449635815,47.80230786781061,49.30213417327015,47.661788144514446,0.0
Upo,2,2023-04-09,52.49742327673551,49.998153449635815,52.4413800976641,50.06457834843905,1.0
Upo,2,2023-04-16,54.51373800775042,52.49742327673551,53.99779853062456,52.2329364274275,0.0
Upo,2,2023-04-23,54.49069528745534,54.51373800775042,56.09912912021759,54.08173582097521,0.0
Upo,2,2023-04-30,54.3499896511686,54.49069528745534,54.34651013159769,53.99923091100575,0.0
Upo,2,2023-05-07,52.934721643129045,54.3499896511686,53.22593847855826,53.64839774223687,0.0
Upo,2,2023-05-14,51.305871661387776,52.934721643129045,51.24845317422772,52.30795752445763,0.0
Upo,2,2023-05-21,50.705720219315374,51.305871661387776,49.974172921480765,51.031068142138814,0.0
Upo,2,2023-05-28,50.053686488487735,50.705720219315374,49.86403457579564,50.728645238579595,0.0
Upo,2,2023-06-04,49.24359335302358,50.053686488487735,49.91625800051174,50.286552701213374,0.0
Upo,2,2023-06-11,48.69365509296387,49.24359335302358,48.80952839338587,49.49628584383969,0.0
Upo,2,2023-06-18,48.5923763982184,48.69365509296387,48.318958469552285,49.07369517231911,0.0
Upo,3,2023-06-25,49.47037528204857,48.5923763982184,48.4891892851363,48.68241847522331,0.0
Upo,3,2023-07-02,50.835399110517685,49.47037528204857,50.19892530417997,49.70266610133587,0.0
Upo,3,2023-07-09,50.432748204813926,50.835399110517685,51.96911848264078,50.9565971462943,0.0
Upo,3,2023-07-16,52.073378530543536,50.432748204813926,50.595758269290776,50.630077740894286,1.0
Upo,3,2023-07-23,52.760542913771765,52.073378530543536,51.86659915445219,52.24499448875734,0.0
Upo,3,2023-07-30,52.64793110611543,52.760542913771765,53.59116765214704,52.69270469943394,0.0
Upo,3,2023-08-06,52.70875645370141,52.64793110611543,52.89021177247272,52.68649432408318,0.0
Upo,3,2023-08-13,53.21020177133157,52.70875645370141,52.10330644619711,52.73050830081955,0.0
Upo,3,2023-08-20,52.643935776536445,53.21020177133157,53.303649897244576,53.35392193622663,1.0
Upo,3,2023-08-27,52.11710599443476,52.643935776536445,52.78729818751523,52.85478325862167,0.0
Upo,3,2023-09-03,51.83060727001891,52.11710599443476,51.48414831690987,52.42358076951067,0.0
Upo,3,2023-09-10,51.4649730801104,51.83060727001891,51.28696959069415,52.13708204509482,0.0
Upo,3,2023-09-17,51.849158502042194,51.4649730801104,51.85562706601773,51.894114988994446,0.0
Upo,3,2023-09-24,53.175261246437216,51.849158502042194,52.26443173356393,52.43822518628826,0.0
Upo,3,2023-10-01,54.21117573003071,53.175261246437216,54.20061069653301,53.78830526995101,0.0
Upo,3,2023-10-08,54.80892257710122,54.21117573003071,55.55257725705957,54.3578125141074,0.0
Upo,3,2023-10-15,54.9572761221767,54.80892257710122,55.35657264196713,54.789533612701526,0.0
Upo,3,2023-10-22,54.937122775926184,54.9572761221767,54.70475602505041,55.207211764061505,0.0
Upo,3,2023-10-29,55.2355027000338,54.937122775926184,54.61257180009518,55.240999712361884,0.0
Upo,3,2023-11-05,54.795708883024226,55.2355027000338,55.4712751583895,55.432068685713425,0.0
Upo,3,2023-11-12,54.8606169831908,54.795708883024226,54.58851770694685,54.80958867299504,0.0
Upo,3,2023-11-19,55.02953298883636,54.8606169831908,54.9526215711342,54.87449677316162,0.0
Upo,3,2023-11-26,56.31414128214898,55.02953298883636,55.142663182808235,55.0487312649389,0.0
Upo,3,2023-12-03,58.25999423590268,56.31414128214898,57.338884267233524,56.24946957201543,0.0
Upo,3,2023-12-10,59.66584091889488,58.25999423590268,60.0508151387213,58.21897373077239,0.0
Upo,3,2023-12-17,59.81036210940631,59.66584091889488,60.50424784885717,59.72474263119327,0.0
Upo,3,2023-12-24,59.29094704398039,59.81036210940631,59.67491689096336,59.43680570410045,0.0
Upo,3,2023-12-31,58.82285537321492,59.29094704398039,58.18762418708087,58.790585899437694,0.0
Upo,3,2024-01-07,56.87345836184695,58.82285537321492,57.926246764124045,58.2759149869196,0.0
Upo,3,2024-01-14,56.22281920994564,56.87345836184695,55.47770041341024,56.3950534226723,0.0
Upo,3,2024-01-21,55.9106145110835,56.22281920994564,55.84640330332325,55.935440213335,0.0
Upo,3,2024-01-28,58.673108214657304,55.9106145110835,56.35581084963488,55.84998922244801,1.0
Upo,3,2024-02-04,60.40421784891721,58.673108214657304,60.52862495807253,58.852883080165384,0.0
Upo,3,2024-02-11,63.26049733377768,60.40421784891721,63.38028678891778,60.307734037181106,1.0
Upo,3,2024-02-18,63.6443521446041,63.26049733377768,64.2312246738008,62.66848939873053,0.0
Upo,3,2024-02-25,62.690932369993995,63.6443521446041,64.07292952916961,62.696051127319706,0.0
Upo,4,2024-03-03,61.14054100596272,62.690932369993995,61.399643707281456,62.02764914111979,0.0
Upo,4,2024-03-10,60.41795903253493,61.14054100596272,59.126017593571,60.19901697718464,0.0
Upo,4,2024-03-17,59.726018101072576,60.41795903253493,59.66799999041215,60.45622143331108,0.0
Upo,4,2024-03-24,59.87550566800609,59.726018101072576,59.908957596373014,59.96086280057457,0.0
Upo,4,2024-03-31,60.93997645128251,59.87550566800609,60.38796820290691,59.98619211920276,0.0
Upo,4,2024-04-07,61.42513123036472,60.93997645128251,61.843668106876656,61.19078385580064,0.0
Upo,4,2024-04-14,62.364431827700734,61.42513123036472,62.34236102363219,61.598466663371006,1.0
Upo,4,2024-04-21,62.29255621549107,62.364431827700734,62.41738547262041,61.74780282322228,0.0
Upo,4,2024-04-28,60.59788050304532,62.29255621549107,62.29193169160667,61.654238392081034,0.0
Upo,4,2024-05-05,58.792650227754955,60.59788050304532,59.21560757147777,60.06532259832501,0.0
Upo,4,2024-05-12,57.206415014404826,58.792650227754955,56.64216700773644,58.101986890047435,0.0
Upo,4,2024-05-19,57.25969928490722,57.206415014404826,56.22878804687796,56.6808330584951,0.0
Upo,4,2024-05-26,58.06123572300113,57.25969928490722,57.40637753164923,56.86521324503028,0.0
Upo,4,2024-06-02,60.49350131770364,58.06123572300113,59.583891571167094,57.95859113792814,1.0
Upo,4,2024-06-09,61.93604985441196,60.49350131770364,62.264874120897765,60.65442383011571,0.0
Upo,4,2024-06-16,61.82150218434963,61.93604985441196,62.99735725856732,61.944943407579544,0.0
Upo,4,2024-06-23,62.04357432076393,61.82150218434963,61.59485751725713,61.611232986528016,0.0
Upo,4,2024-06-30,59.95537198947417,62.04357432076393,60.97324522187394,61.650117176265105,0.0
Upo,4,2024-07-07,58.88759603981105,59.95537198947417,58.582571214277316,59.66150976584899,1.0
Upo,4,2024-07-14,57.74008902608238,58.88759603981105,56.92574710266089,58.3154256630334,0.0
Upo,4,2024-07-21,56.26325240268448,57.74008902608238,57.29776102366393,57.20198836623512,0.0
Upo,4,2024-07-28,56.109062677554896,56.26325240268448,55.5917500912571,56.065667088172226,0.0
Upo,4,2024-08-04,56.05385123990748,56.109062677554896,56.05679963312833,56.10520916648965,0.0
Upo,4,2024-08-11,56.4086459382686,56.05385123990748,56.292998829239075,56.126780055987574,0.0
Upo,4,2024-08-18,56.43141382355135,56.4086459382686,56.984302162486514,56.46982502483457,0.0
Upo,4,2024-08-25,56.78608898168929,56.43141382355135,56.82564123777839,56.65927725452822,0.0
Upo,4,2024-09-01,55.857808118642865,56.78608898168929,56.789815780446105,56.84466473108657,0.0
Upo,4,2024-09-08,56.11565164667825,55.857808118642865,55.32012548599738,55.871331332208214,1.0
Upo,4,2024-09-15,56.451523339168034,56.11565164667825,55.99441687118593,56.82224676949243,0.0
Upo,4,2024-09-22,57.09167768534272,56.451523339168034,57.117481909473,56.95872071923395,0.0
Upo,4,2024-09-29,59.08333933807853,57.09167768534272,57.87322298113088,57.55124660309403,0.0
Upo,4,2024-10-06,60.76946529189931,59.08333933807853,60.641710446506416,59.796311502232584,1.0
Upo,4,2024-10-13,61.437393286454075,60.76946529189931,62.59811491034564,61.215545380514726,0.0
Upo,4,2024-10-20,61.78492016417408,61.437393286454075,61.51418084484512,61.15354857705771,0.0
Upo,4,2024-10-27,61.32822102845861,61.78492016417408,61.44286053219327,61.3519784591856,0.0
Upo,4,2024-11-03,59.41260913070711,61.32822102845861,60.55378669890344,60.833505337845814,0.0
