week_end,y,I_shock_t,commodity,naive,sarimax,xgb,blend
2024-11-10,107.1610375872422,0,Ampalaya,106.80686292119516,107.86153552063978,107.01729765601648,107.43941658832813
2024-11-17,106.75747369706212,0,Ampalaya,107.1610375872422,106.94766009271476,107.37570192726143,107.16168100998809
2024-11-24,105.59462568682018,0,Ampalaya,106.75747369706212,106.29180080973224,106.70305531203329,106.49742806088275
2024-12-01,103.66804009605154,0,Ampalaya,105.59462568682018,104.25119936738012,105.49831561517301,104.87475749127657
2024-12-08,103.20488753716036,0,Ampalaya,103.66804009605154,101.7514531491203,103.6045653514932,102.67800925030676
2024-12-15,104.20339423438897,1,Ampalaya,103.20488753716036,103.87688616637303,103.64360245863482,103.76024431250391
2024-12-22,106.6673842559397,0,Ampalaya,104.20339423438897,105.18021576659882,104.1202557759582,104.65023577127852
2024-12-29,110.60629415934176,0,Ampalaya,106.6673842559397,109.66218699351475,106.82601553600428,108.24410126475951
2025-01-05,116.0352091314593,1,Ampalaya,110.60629415934176,114.24402737870723,110.55502251212687,112.39952494541706
2025-01-12,118.38935759995844,1,Ampalaya,116.0352091314593,121.44930429837665,116.4257694306174,118.93753686449702
2025-01-19,117.67775545259092,0,Ampalaya,118.38935759995844,118.07543324755363,119.85879877541926,118.96711601148644
2025-01-26,113.89767740453703,0,Ampalaya,117.67775545259092,116.81540289204023,119.38692782064054,118.10116535634037
2025-02-02,107.03464656114464,0,Ampalaya,113.89767740453703,108.93697451078226,114.46600304330809,111.70148877704517
2025-02-09,102.45148547436504,0,Ampalaya,107.03464656114464,100.47353544449663,107.41816635966187,103.94585090207926
2025-02-16,100.13064161237652,0,Ampalaya,102.45148547436504,100.30479429056354,101.15451355721264,100.7296539238881
2025-02-23,100.06322663698424,0,Ampalaya,100.13064161237652,98.24924711502183,99.48579487499173,98.86752099500677
2025-03-02,102.24898236317608,1,Ampalaya,100.06322663698424,101.29631737895222,99.20547276411284,100.25089507153254
2025-03-09,103.83822740334628,1,Ampalaya,102.24898236317608,104.56415645122077,103.08339016957257,103.82377331039666
2025-03-16,104.83704822786144,0,Ampalaya,103.83822740334628,104.56925513786668,104.10058505553363,104.33492009670016
2025-03-23,105.2492701079644,0,Ampalaya,104.83704822786144,105.80127560799485,105.5995529843121,105.70041429615347
2025-03-30,105.07647176574916,0,Ampalaya,105.2492701079644,105.15723218061935,105.9413564469613,105.54929431379031
2025-04-06,104.31799142033069,0,Ampalaya,105.07647176574916,104.88735361468264,104.99857602011413,104.94296481739838
2025-04-13,103.55686232518956,1,Ampalaya,104.31799142033069,103.32876991549425,104.13882380694358,103.7337968612189
2025-04-20,102.7901695178337,0,Ampalaya,103.55686232518956,103.1714956964145,102.52802631330296,102.84976100485872
2025-04-27,102.01497672793715,0,Ampalaya,102.7901695178337,101.8847418770346,101.27465693219375,101.57969940461417
2025-05-04,101.2283151320492,1,Ampalaya,102.01497672793715,101.55453667669107,101.28667895791381,101.42060781730244
2025-05-11,101.1541936052658,0,Ampalaya,101.2283151320492,100.35159850493922,100.37427897968638,100.36293874231279
2025-05-18,101.79232827790996,1,Ampalaya,101.1541936052658,101.71572424371142,100.04992064364929,100.88282244368035
2025-05-25,103.14516307000451,1,Ampalaya,101.79232827790996,102.28883487782261,100.79113058217784,101.53998273000022
2025-06-01,105.21787905096602,1,Ampalaya,103.14516307000451,104.8152169858468,102.50229401473337,103.65875550029008
2025-06-08,107.42326879061392,0,Ampalaya,105.21787905096602,107.06962543069886,104.5766290366609,105.82312723367988
2025-06-15,109.7697784624192,0,Ampalaya,107.42326879061392,109.37442521643858,107.20085976577928,108.28764249110893
2025-06-22,112.26639469916746,0,Ampalaya,109.7697784624192,111.85206226197643,109.60864037490813,110.73035131844227
2025-06-29,114.92267900985053,1,Ampalaya,112.26639469916746,114.46500703085185,110.60922428424284,112.53711565754735
2025-07-06,117.74880439821143,1,Ampalaya,114.92267900985053,117.30031816270082,113.82030576747229,115.56031196508656
2025-07-13,119.67638297033682,0,Ampalaya,117.74880439821143,120.15851118148808,116.00404913011451,118.0812801558013
2025-07-20,120.71279694203474,0,Ampalaya,119.67638297033682,120.88749487092396,117.5849444384612,119.23621965469258
2025-07-27,120.86201555830328,0,Ampalaya,120.71279694203474,121.34241836874077,120.00117953185179,120.67179895029628
2025-08-03,120.12461029469404,0,Ampalaya,120.86201555830328,120.63317304851321,119.20323307615607,119.91820306233464
2025-08-10,118.8963536797284,0,Ampalaya,120.12461029469404,119.22316756795153,118.84647237240705,119.03481997017929
2025-08-17,117.1725417519023,1,Ampalaya,118.8963536797284,117.71510156892948,117.17309685332765,117.44409921112856
2025-08-24,114.94657267830064,0,Ampalaya,117.1725417519023,115.44448093859639,115.924671783488,115.68457636104219
2025-08-31,112.20992147098195,0,Ampalaya,114.94657267830064,112.93441742863975,114.76693336865594,113.85067539864784
2025-09-07,108.95210733808844,0,Ampalaya,112.20992147098195,109.5902016812591,112.04452911685121,110.81736539905515
2025-09-14,106.90360130071905,0,Ampalaya,108.95210733808844,106.01324675238311,109.11268496312468,107.5629658577539
2025-09-21,106.05655801660303,0,Ampalaya,106.90360130071905,105.95556818778083,106.42694161534574,106.19125490156328
2025-09-28,106.4077334901842,0,Ampalaya,106.05655801660303,105.47198615051074,104.41620982057337,104.94409798554206
2025-10-05,107.95847264880815,0,Ampalaya,106.4077334901842,107.35375189288574,104.61929922314013,105.98652555801294
2025-10-12,107.7285019095177,0,Ampalaya,107.95847264880815,109.56151032635216,107.48772598261515,108.52461815448365
2025-10-19,105.71694053331136,0,Ampalaya,107.7285019095177,106.25719161545452,106.97856401755756,106.61787781650604
2025-10-26,101.91608466811,0,Ampalaya,105.71694053331136,103.79977427282587,105.46172825613736,104.63075126448162
2025-11-02,96.31137784464258,0,Ampalaya,101.91608466811,97.6738221517576,101.18483777947246,99.42932996561504
2025-11-09,93.80981061927542,1,Ampalaya,96.31137784464258,91.05963089672996,95.88957857234377,93.47460473453685
2025-11-16,94.4018025217837,0,Ampalaya,93.80981061927542,93.89946443617627,93.69415271602139,93.79680857609884
2025-11-23,98.08962075519824,0,Ampalaya,94.4018025217837,95.08849774539983,94.24228788598238,94.6653928156911
2025-11-30,104.88738887871084,0,Ampalaya,98.08962075519824,103.10588702446918,98.4217360775497,100.76381155100944
2025-12-07,114.821140897901,0,Ampalaya,104.88738887871084,111.32855910866292,105.40038489664373,108.36447200265332
2025-12-14,121.38689282729092,0,Ampalaya,114.821140897901,124.88356396780264,114.6478137648415,119.76568886632208
2025-12-21,124.60979009980171,0,Ampalaya,121.38689282729092,123.9683893604771,120.21213868452969,122.09026402250339
2025-12-28,124.50217572626426,1,Ampalaya,124.60979009980171,127.506172330082,122.70429135674446,125.10523184341324
2026-01-04,121.0636375665246,1,Ampalaya,124.50217572626426,122.2970482875111,123.70042828497245,122.99873828624177
2026-01-11,117.9366404181313,0,Ampalaya,121.0636375665246,117.57475459219931,120.79319958086596,119.18397708653264
2026-01-18,115.1092085473246,0,Ampalaya,117.9366404181313,115.79709424575593,118.29700294788594,117.04704859682093
2026-01-25,112.57051349162064,0,Ampalaya,115.1092085473246,112.49392252469279,115.57710462138122,114.03551357303701
2026-02-01,110.31083258910384,0,Ampalaya,112.57051349162064,110.6439371425363,113.27031869172059,111.95712791712845
2026-02-08,109.08458136232018,0,Ampalaya,110.31083258910384,108.34184858061839,110.14818939490523,109.24501898776181
2026-02-15,108.88706352997563,0,Ampalaya,109.08458136232018,108.67619344402638,108.47925423295617,108.57772383849127
2026-02-22,109.71752264079738,1,Ampalaya,108.88706352997563,108.89674944616132,107.53618457604192,108.21646701110163
2026-03-01,111.57913917648644,1,Ampalaya,109.71752264079738,110.8751247857457,109.95386964556862,110.41449721565715
2026-03-08,111.97072590121584,0,Ampalaya,111.57913917648644,113.5988619623083,111.85473671901077,112.72679934065954
2026-03-15,110.893782508825,1,Ampalaya,111.97072590121584,111.06794876510928,112.77723056802111,111.92258966656519
2026-03-22,108.34418453525797,1,Ampalaya,110.893782508825,110.08503623221974,110.66804618880623,110.37654121051298
2026-03-29,104.31216756274362,1,Ampalaya,108.34418453525797,104.99317305092865,106.46662606548563,105.72989955820714
2026-04-05,98.78228982415315,1,Ampalaya,104.31216756274362,100.77572402647631,101.15744987895151,100.96658695271391
2026-04-12,96.66018445678422,1,Ampalaya,98.78228982415315,93.13895452743789,97.27377303567049,95.20636378155419
2026-04-19,97.93772424859158,1,Ampalaya,96.66018445678422,97.55254765752692,95.17307098098466,96.36280931925579
2026-04-26,102.61980190516084,1,Ampalaya,97.93772424859158,99.06380781842026,96.79698170823208,97.93039476332618
2026-05-03,110.72434878772988,1,Ampalaya,102.61980190516084,108.79454937029801,102.61950397879451,105.70702667454626
2026-05-10,116.93484199786684,1,Ampalaya,110.72434878772988,118.32333009371833,110.77758979848518,114.55045994610175
2026-05-17,121.2750664031849,1,Ampalaya,116.93484199786684,120.7043250192152,116.5020883157303,118.60320666747276
2026-05-24,123.76164413970449,1,Ampalaya,121.2750664031849,124.96265409595726,120.05052032831765,122.50658721213745
2026-05-31,124.4040982710973,0,Ampalaya,123.76164413970449,124.86359745808139,123.55254536849,124.2080714132857
2026-06-07,123.20488925999427,1,Ampalaya,124.4040982710973,124.5731114707675,123.78479397174274,124.17895272125511
2026-06-14,122.21307120692484,1,Ampalaya,123.20488925999427,121.26902877569447,121.86045273369575,121.56474075469511
2026-06-21,121.4248456597709,0,Ampalaya,122.21307120692484,122.19480520907553,120.86230669390909,121.52855595149231
2026-06-28,120.83719388239436,1,Ampalaya,121.4248456597709,120.20404813685285,119.69350274805062,119.94877544245173
2026-07-05,120.4478652935202,0,Ampalaya,120.83719388239436,120.85476844853928,119.61908105604701,120.23692475229313
2026-07-12,119.71452482829812,0,Ampalaya,120.4478652935202,119.87857870272308,119.12814049531768,119.50335959902037
2026-07-19,118.63436394877628,1,Ampalaya,119.71452482829812,119.05942352134603,118.91435905586007,118.98689128860306
2026-07-26,117.2032458686075,0,Ampalaya,118.63436394877628,117.49125007435111,117.28056818194584,117.38590912814848
2024-11-10,95.31186006297112,0,Cabbage,95.15207967039552,96.65340802266235,94.98629499849287,95.8198515105776
2024-11-17,94.16545747724936,0,Cabbage,95.31186006297112,94.47739935433871,94.04618797530175,94.26179366482023
2024-11-24,91.69060271357652,0,Cabbage,94.16545747724936,93.08051839153983,93.5288466116564,93.30468250159811
2024-12-01,87.83922100700313,0,Cabbage,91.69060271357652,88.88238609569353,89.96607559298631,89.42423084433992
2024-12-08,86.03086580869312,0,Cabbage,87.83922100700313,84.09571815183126,86.63369668163234,85.3647074167318
2024-12-15,86.230409299277,1,Cabbage,86.03086580869312,85.98941723046896,85.23971082803364,85.6145640292513
2024-12-22,88.44172766839944,0,Cabbage,86.230409299277,86.51160321453838,85.34649637832516,85.92904979643177
2024-12-29,92.70777641081698,0,Cabbage,88.44172766839944,91.46936536692654,89.13186731969796,90.30061634331224
2025-01-05,99.11142474922713,1,Cabbage,92.70777641081698,96.90502935759497,92.91238255643732,94.90870595701614
2025-01-12,102.82928089526683,1,Cabbage,99.11142474922713,105.5332523776705,101.85547858986433,103.69436548376741
2025-01-19,103.93356527292242,0,Cabbage,102.82928089526683,103.8193937015485,104.77310363677532,104.29624866916191
2025-01-26,102.44572892355292,0,Cabbage,103.93356527292242,104.84483338841382,107.1170805832099,105.98095698581186
2025-02-02,98.33687019853268,0,Cabbage,102.44572892355292,99.73766871574914,103.68928971456855,101.71347921515884
2025-02-09,94.39666945277186,0,Cabbage,98.33687019853268,94.18949398509184,98.69425571469937,96.44187484989561
2025-02-16,90.54858715454252,0,Cabbage,94.39666945277186,91.4694260039049,92.22736031352015,91.84839315871253
2025-02-23,86.71787319943074,0,Cabbage,90.54858715454252,86.97243108758676,88.15777857223661,87.56510482991169
2025-03-02,82.83011486807865,1,Cabbage,86.71787319943074,83.5642148372542,84.4538777904189,84.00904631383655
2025-03-09,79.88401345750707,1,Cabbage,82.83011486807865,79.32031846202925,80.10041120329899,79.71036483266411
2025-03-16,77.82234010123477,0,Cabbage,79.88401345750707,78.05397375317222,78.2404150201978,78.14719438668502
2025-03-23,76.60504620188132,0,Cabbage,77.82234010123477,76.0015551293066,77.68846768163905,76.84501140547283
2025-03-30,76.20848547565465,0,Cabbage,76.60504620188132,76.09177578309232,77.49971180075065,76.79574379192148
2025-04-06,76.62495461649361,0,Cabbage,76.20848547565465,76.01439961099781,78.24778544055944,77.13109252577863
2025-04-13,76.74101237720684,1,Cabbage,76.62495461649361,77.3128142411499,77.99952331728402,77.65616877921696
2025-04-20,76.55891321314613,0,Cabbage,76.74101237720684,76.50522207901008,77.34661887354092,76.92592047627551
2025-04-27,76.07511979572223,0,Cabbage,76.55891321314613,76.36328810714069,77.57292674196998,76.96810742455534
2025-05-04,75.28023429878064,1,Cabbage,76.07511979572223,75.58370212628982,75.54426992170261,75.56398602399622
2025-05-11,75.34785165619348,0,Cabbage,75.28023429878064,74.43160862601171,74.86009027726956,74.64584945164063
2025-05-18,76.27928535455878,1,Cabbage,75.34785165619348,76.0396585629283,75.3525485646004,75.69610356376435
2025-05-25,78.09262876112065,1,Cabbage,76.27928535455878,77.16786591883995,76.68591002935584,76.9268879740979
2025-06-01,80.82310659262725,1,Cabbage,78.09262876112065,80.13479887761474,80.89303879339299,80.51391883550386
2025-06-08,84.4245309315311,0,Cabbage,80.82310659262725,83.38611041892264,84.11473805281707,83.75042423586986
2025-06-15,88.96686048050748,0,Cabbage,84.4245309315311,87.87705121836218,87.1431736431705,87.51011243076634
2025-06-22,94.53833129631234,0,Cabbage,88.96686048050748,93.20216404636398,92.33325786133634,92.76771095385016
2025-06-29,101.24717080054003,1,Cabbage,94.53833129631234,99.78341507482,97.48674133049202,98.63507820265602
2025-07-06,109.22370012838772,1,Cabbage,101.24717080054003,107.41717329469012,103.84700357374865,105.63208843421938
2025-07-13,115.83106711115974,0,Cabbage,109.22370012838772,116.59293059360267,112.45291217405727,114.52292138382998
2025-07-20,121.19762175116516,0,Cabbage,115.83106711115974,120.44631250747639,117.2604755422129,118.85339402484465
2025-07-27,125.42761091439948,0,Cabbage,121.19762175116516,125.83800332933848,122.4664633754251,124.15223335238178
2025-08-03,128.60320335587264,0,Cabbage,125.42761091439948,128.4094613555111,124.23811070173011,126.3237860286206
2025-08-10,130.25482735049454,0,Cabbage,128.60320335587264,131.22618850290223,127.13134926518202,129.17876888404214
2025-08-17,130.41456616896525,1,Cabbage,130.25482735049454,130.88017536515525,127.65776523959366,129.26897030237444
2025-08-24,129.08552278373557,0,Cabbage,130.41456616896525,130.16184708043906,126.84442461508647,128.50313584776276
2025-08-31,126.24188014513835,0,Cabbage,129.08552278373557,127.38411613204188,124.91964639518577,126.15188126361383
2025-09-07,121.8283996777802,0,Cabbage,126.24188014513835,123.19901057013685,121.82677337176189,122.51289197094937
2025-09-14,118.06705535559828,0,Cabbage,121.8283996777802,117.57213422316862,119.84275915196233,118.70744668756547
2025-09-21,114.88478198428813,0,Cabbage,118.06705535559828,115.45528108339035,116.42854000239547,115.94191054289291
2025-09-28,112.21976298916564,0,Cabbage,114.88478198428813,111.9953291491579,113.57685377975169,112.78609146445478
2025-10-05,110.02022961044058,0,Cabbage,112.21976298916564,110.35466864217348,110.53918261158691,110.44692562688019
2025-10-12,108.81020051904966,0,Cabbage,110.02022961044058,108.12542168291228,108.54020384216055,108.3328127625364
2025-10-19,108.56617055218312,0,Cabbage,108.81020051904966,108.2977656620436,106.2685101694708,107.28313791575721
2025-10-26,109.28339935761102,0,Cabbage,108.56617055218312,108.57873100239104,105.5840455083141,107.08138825535258
2025-11-02,110.97581931097903,0,Cabbage,109.28339935761102,110.33021562541782,108.26124943714746,109.29573253128264
2025-11-09,112.61675147636468,1,Cabbage,110.97581931097903,112.68896191040776,111.02406561268964,111.8565137615487
2025-11-16,114.2380714326128,0,Cabbage,112.61675147636468,113.85457956212709,112.91528718097742,113.38493337155225
2025-11-23,115.87127378577006,0,Cabbage,114.2380714326128,115.7719091849352,113.61399232437458,114.69295075465489
2025-11-30,117.54808396085755,0,Cabbage,115.87127378577006,117.18423853554184,115.75322039419424,116.46872946486803
2025-12-07,119.30107447736836,0,Cabbage,117.54808396085755,119.03584252774688,115.46017831548707,117.24801042161698
2025-12-14,120.53877381896544,0,Cabbage,119.30107447736836,120.87327753284376,118.14805636041737,119.51066694663056
2025-12-21,121.28522465102006,0,Cabbage,120.53877381896544,121.27607729081858,119.9178904733615,120.59698388209003
2025-12-28,121.5549269954422,1,Cabbage,121.28522465102006,121.91331212577333,119.58011565081407,120.7467138882937
2026-01-04,121.35311989777296,1,Cabbage,121.5549269954422,121.50544220388853,119.62520373265534,120.56532296827194
2026-01-11,119.74950795711791,0,Cabbage,121.35311989777296,121.10774201310471,119.1994169234535,120.1535794682791
2026-01-18,116.71294055072188,0,Cabbage,119.74950795711791,117.46814747018307,117.900811367648,117.68447941891554
2026-01-25,112.1844314841387,0,Cabbage,116.71294055072188,113.907817614489,115.02337679950118,114.46559720699508
2026-02-01,106.07601316745432,0,Cabbage,112.1844314841387,107.52669020917637,110.18123691359732,108.85396356138685
2026-02-08,102.00596549334357,0,Cabbage,106.07601316745432,100.37636985980839,103.43900640781077,101.90768813380959
2026-02-15,99.89522661618288,0,Cabbage,102.00596549334357,99.96836264037896,99.82735278429816,99.89785771233855
2026-02-22,99.70279482674928,1,Cabbage,99.89522661618288,98.23135313221456,98.8097839539438,98.52056854307918
2026-03-01,101.4249320822365,1,Cabbage,99.70279482674928,100.59382177150468,98.09356621575685,99.34369399363077
2026-03-08,102.8064488756548,0,Cabbage,101.4249320822365,103.27790084698229,102.38861193233797,102.83325638966014
2026-03-15,103.87418156770391,1,Cabbage,102.8064488756548,103.48730163283113,103.50591021655903,103.49660592469507
2026-03-22,104.64887117274664,1,Cabbage,103.87418156770391,105.09375870653099,104.12463626173658,104.60919748413379
2026-03-29,105.14556625897288,1,Cabbage,104.64887117274664,104.8342039252877,104.47160344251058,104.65290368389914
2026-04-05,105.37391527116108,1,Cabbage,105.14556625897288,105.77539051496188,107.31715563351511,106.5462730742385
2026-04-12,104.95305343528705,1,Cabbage,105.37391527116108,105.26910725314434,106.08836640536595,105.67873682925514
2026-04-19,103.87480538925163,1,Cabbage,104.95305343528705,104.43276066278787,106.3065113629909,105.36963601288939
2026-04-26,102.11822585491922,1,Cabbage,103.87480538925163,102.58229103158094,103.24735623439781,102.91482363298937
2026-05-03,99.64919277007114,1,Cabbage,102.11822585491922,100.5306040255133,102.66162357954767,101.59611380253048
2026-05-10,97.59269947579337,1,Cabbage,99.64919277007114,97.21294412558714,98.764305015154,97.98862457037058
2026-05-17,95.90879799889822,1,Cabbage,97.59269947579337,96.22932487235175,96.60948903134299,96.41940695184738
2026-05-24,94.56477806931726,1,Cabbage,95.90879799889822,94.27194084440815,95.52188809680243,94.89691447060528
2026-05-31,93.53453171370576,0,Cabbage,94.56477806931726,93.86164785185416,94.01271597510568,93.93718191347992
2026-06-07,92.79804610055814,1,Cabbage,93.53453171370576,92.36744770988456,95.0820907366092,93.72476922324688
2026-06-14,93.17835585079604,1,Cabbage,92.79804610055814,92.57121281647098,93.99513219636808,93.28317250641953
2026-06-21,94.68284859060223,0,Cabbage,93.17835585079604,93.96472355811093,94.47668281994277,94.22070318902685
2026-06-28,97.34074952377294,1,Cabbage,94.68284859060223,96.24870606108193,96.35377444623883,96.30124025366038
2026-07-05,101.20368913969966,0,Cabbage,97.34074952377294,100.14549295543372,98.18599762691473,99.16574529117423
2026-07-12,103.71354567486704,0,Cabbage,101.20368913969966,104.96723938744722,102.60838882288905,103.78781410516814
2026-07-19,104.91907381369388,1,Cabbage,103.71354567486704,104.75018959332125,104.6066906996435,104.67844014648237
2026-07-26,104.84369128669296,0,Cabbage,104.91907381369388,105.98359323091613,104.05461811377323,105.01910567234468
2024-11-10,126.94856070187927,0,Carrot,132.83644983660514,124.16629806206116,128.17427322756583,126.1702856448135
2024-11-17,124.56580312760244,0,Carrot,126.94856070187927,124.3285646802748,124.97341405061127,124.65098936544302
2024-11-24,125.64918653528646,0,Carrot,124.56580312760244,123.0268029553066,123.68637623103032,123.35658959316845
2024-12-01,130.2164390170571,0,Carrot,125.64918653528646,128.06457821811023,120.48243515055135,124.27350668433078
2024-12-08,134.58048704912673,0,Carrot,130.2164390170571,135.09434257902402,130.5572798335549,132.82581120628947
2024-12-15,138.81274232656563,1,Carrot,134.58048704912673,137.50939698479706,135.37011519720565,136.43975609100136
2024-12-22,142.98245993573195,0,Carrot,138.81274232656563,142.85768311647823,144.27611837179268,143.56690074413547
2024-12-29,147.15787161932104,0,Carrot,142.98245993573195,145.9757543758534,146.1448663802815,146.06031037806747
2025-01-05,151.40730229579168,1,Carrot,147.15787161932104,151.20752767991948,148.6615866576206,149.93455716877003
2025-01-12,154.68682053010798,1,Carrot,151.40730229579168,154.70858560542374,152.7802142258759,153.7443999156498
2025-01-19,157.05009116610424,0,Carrot,154.68682053010798,156.95373312947777,154.57794178347922,155.7658374564785
2025-01-26,158.53578590509673,0,Carrot,157.05009116610424,158.98380340989533,154.59559788187877,156.78970064588705
2025-02-02,159.1682161155417,0,Carrot,158.53578590509673,159.41305006500463,152.56501554605742,155.98903280553102
2025-02-09,156.9448258022083,0,Carrot,159.1682161155417,159.35730267745714,152.4545701804831,155.9059364289701
2025-02-16,151.82923221451472,0,Carrot,156.9448258022083,153.81403644759786,151.75166097676885,152.78284871218335
2025-02-23,143.73772563920778,0,Carrot,151.82923221451472,146.67652607873993,145.75826120239924,146.21739364056958
2025-03-02,132.53789960505517,1,Carrot,143.73772563920778,135.7679314879486,138.29506292329592,137.03149720562226
2025-03-09,123.8363235916816,1,Carrot,132.53789960505517,122.18549398469276,126.67768537165674,124.43158967817475
2025-03-16,117.49060817341363,0,Carrot,123.8363235916816,118.37707505392149,118.99092039725411,118.6839977255878
2025-03-23,113.39691437067968,0,Carrot,117.49060817341363,112.11826307913672,115.2419490395025,113.68010605931961
2025-03-30,111.48825446670764,0,Carrot,113.39691437067968,111.24967762929143,109.95184219660742,110.60075991294943
2025-04-06,111.73339584488714,0,Carrot,111.48825446670764,110.23803535052807,108.99027101104969,109.61415318078888
2025-04-13,111.96818372144894,1,Carrot,111.73339584488714,112.89257856194159,109.79455390591467,111.34356623392813
2025-04-20,112.19646007982767,0,Carrot,111.96818372144894,111.44928648147767,110.0574506176968,110.75336854958724
2025-04-27,112.42196035134232,0,Carrot,112.19646007982767,112.97395767056047,110.49075944391764,111.73235855723905
2025-05-04,112.6483745404358,1,Carrot,112.42196035134232,112.13129468583809,111.03940915810502,111.58535192197155
2025-05-11,111.68940193385312,0,Carrot,112.6483745404358,113.28755927926025,110.99708734236908,112.14232331081467
2025-05-18,109.52935025257744,1,Carrot,111.68940193385312,109.7690213440492,109.14911253184506,109.45906693794713
2025-05-25,106.1328731963698,1,Carrot,109.52935025257744,107.91798787862635,106.39944812817254,107.15871800339944
2025-06-01,101.44439204976486,1,Carrot,106.1328731963698,102.34537022903748,102.488494772679,102.41693250085825
2025-06-08,99.88788520054196,0,Carrot,101.44439204976486,97.42057107985137,98.67291244313644,98.0467417614939
2025-06-15,101.43788253662292,0,Carrot,99.88788520054196,100.27885240996369,98.62824641422604,99.45354941209487
2025-06-22,106.11974765077991,0,Carrot,101.43788253662292,103.31699194999463,102.18755679723922,102.75227437361693
2025-06-29,114.01009288124462,1,Carrot,106.11974765077991,111.46528694503895,109.55088783518238,110.50808739011066
2025-07-06,125.23803296815196,1,Carrot,114.01009288124462,121.47133632413414,120.13141932777782,120.80137782595598
2025-07-13,133.835724869056,0,Carrot,125.23803296815196,136.2775986179656,134.72725454102795,135.50242657949678
2025-07-20,139.94385808778975,0,Carrot,133.835724869056,138.40921306333362,138.31578735379722,138.36250020856542
2025-07-27,143.66238389520515,0,Carrot,139.94385808778975,145.61790863069552,140.78013813568327,143.1990233831894
2025-08-03,145.0521508954236,0,Carrot,143.66238389520515,145.16585933741115,143.22095207481254,144.19340570611183
2025-08-10,146.8153535049816,0,Carrot,145.0521508954236,145.9590351182641,143.26376550418826,144.6114003112262
2025-08-17,148.98084413021738,1,Carrot,146.8153535049816,148.72665659961262,144.85910772499045,146.79288216230154
2025-08-24,151.5840580722711,0,Carrot,148.98084413021738,150.81728413620436,146.24270116299326,148.5299926495988
2025-08-31,154.66759337746737,0,Carrot,151.5840580722711,153.90885230763408,144.96858718604062,149.43871974683736
2025-09-07,158.28190789625478,0,Carrot,154.66759337746737,157.47100579964015,152.07569732033846,154.7733515599893
2025-09-14,161.65557129492382,0,Carrot,158.28190789625478,161.52506514926176,155.92093286917043,158.7229990092161
2025-09-21,164.84378897454366,0,Carrot,161.65557129492382,164.2596644437471,161.94299165715793,163.10132805045254
2025-09-28,167.89873176987166,0,Carrot,164.84378897454366,167.60363458624275,164.20388298537358,165.90375878580818
2025-10-05,170.8703896539223,0,Carrot,167.89873176987166,170.3288826403245,165.33358079369063,167.83123171700757
2025-10-12,173.12555761281232,0,Carrot,170.8703896539223,173.48623134426936,167.6250695722115,170.55565045824042
2025-10-19,174.70113839495986,0,Carrot,173.12555761281232,174.5559336139219,167.7072274202464,171.13158051708416
2025-10-26,175.62291423134548,0,Carrot,174.70113839495986,175.96525586195045,169.17095174182265,172.56810380188654
2025-11-02,175.9059687265647,0,Carrot,175.62291423134548,176.1045839246813,169.52172890953761,172.81315641710944
2025-11-09,174.43040828656382,1,Carrot,175.9059687265647,175.97267839182558,170.13782173483497,173.05525006333028
2025-11-16,171.17208737687017,0,Carrot,174.43040828656382,172.12132770514282,168.50623063992686,170.31377917253485
2025-11-23,166.07768801896142,0,Carrot,171.17208737687017,168.53231826627112,167.08210439041997,167.80721132834555
2025-11-30,159.06384731425368,0,Carrot,166.07768801896142,160.42795243687667,160.31847504822778,160.37321374255222
2025-12-07,150.0157933239426,0,Carrot,159.06384731425368,152.98732484102834,152.18609787119948,152.5867113561139
2025-12-14,144.75919946064954,0,Carrot,150.0157933239426,141.37478117700147,146.79311943096775,144.0839503039846
2025-12-21,143.2080487338843,0,Carrot,144.75919946064954,142.9842803465801,145.62152757277494,144.3029039596775
2025-12-28,145.33695867720886,1,Carrot,143.2080487338843,142.29621965548594,143.7876015631499,143.04191060931794
2026-01-04,151.1807659987867,1,Carrot,145.33695867720886,148.91315974460966,148.5879540747766,148.75055690969313
2026-01-11,153.0372679080219,0,Carrot,151.1807659987867,156.97576799582433,153.13516379637124,155.0554658960978
2026-01-18,150.93684352706552,0,Carrot,153.0372679080219,151.79701360682796,152.4759607757778,152.13648719130288
2026-01-25,144.8451222751383,0,Carrot,150.93684352706552,148.72161503456763,148.3696969873774,148.54565601097252
2026-02-01,134.662421440845,0,Carrot,144.8451222751383,137.90561514168252,141.53293746449987,139.7192763030912
2026-02-08,127.644798157888,0,Carrot,134.662421440845,124.9806865479562,132.70741054988432,128.84404854892026
2026-02-15,123.67741859072788,0,Carrot,127.644798157888,124.13783445908444,123.49438273735578,123.81610859822011
2026-02-22,122.6953619828112,1,Carrot,123.67741859072788,120.39051619960829,117.39155280703648,118.89103450332237
2026-03-01,124.68255831691746,1,Carrot,122.6953619828112,123.67596607664119,119.76890839241814,121.72243723452966
2026-03-08,127.46715553608615,0,Carrot,124.68255831691746,126.47846699372624,121.02491738292699,123.75169218832661
2026-03-15,131.09471977663097,1,Carrot,127.46715553608615,130.32945697645357,125.55658813324649,127.94302255485003
2026-03-22,135.6246111806699,1,Carrot,131.09471977663097,133.89765462651377,127.28650535059032,130.59207998855203
2026-03-29,141.1309552439054,1,Carrot,135.6246111806699,140.63241820768184,133.132910769827,136.88266448875441
2026-04-05,147.70385577828134,1,Carrot,141.1309552439054,145.47586018866915,138.88918831427893,142.18252425147404
2026-04-12,156.24613099802008,1,Carrot,147.70385577828134,154.0634861682856,145.84631981999124,149.95490299413842
2026-04-19,166.89756358853555,1,Carrot,156.24613099802008,163.93510445121942,154.71584683168402,159.3254756414517
2026-04-26,179.83244971949074,1,Carrot,166.89756358853555,177.1339006503457,164.97188247433877,171.05289156234224
2026-05-03,195.2624511639376,1,Carrot,179.83244971949074,191.00084818421345,178.05745725351784,184.52915271886565
2026-05-10,204.69963213505585,1,Carrot,195.2624511639376,209.45605124146996,189.63957165878014,199.54781145012504
2026-05-17,208.29841923055452,1,Carrot,204.69963213505585,208.62020338530033,198.85128113331635,203.73574225930832
2026-05-24,206.11770169381455,1,Carrot,208.29841923055452,210.8356700205066,202.90328382787507,206.86947692419085
2026-05-31,198.12179505605303,0,Carrot,206.11770169381455,201.32544799735427,199.41242472771958,200.36893636253694
2026-06-07,184.17985720865192,1,Carrot,198.12179505605303,190.00088119518279,193.49377763051592,191.74732941284935
2026-06-14,172.72113575325875,1,Carrot,184.17985720865192,170.19270221440135,183.4378113292879,176.81525677184464
2026-06-21,163.5581243387853,0,Carrot,172.72113575325875,165.63110504448363,176.7134744106379,171.17228972756078
2026-06-28,156.5408827784492,1,Carrot,163.5581243387853,155.58551029954182,168.42219427744496,162.0038522884934
2026-07-05,151.5545834830814,0,Carrot,156.5408827784492,151.87716959690133,161.96514196424022,156.92115578057076
2026-07-12,147.0424923225877,0,Carrot,151.5545834830814,147.60696439556253,155.25470512424045,151.43083475990147
2026-07-19,142.9307750779783,1,Carrot,147.0424923225877,143.21842037917742,147.80981116738292,145.51411577328017
2026-07-26,139.1521491034323,0,Carrot,142.9307750779783,139.74215806955348,139.05377808395974,139.39796807675663
2024-11-10,90.72140105632168,0,Eggplant,89.97864279763282,91.10633113627614,89.68219760672629,90.39426437150121
2024-11-17,91.04134643899556,0,Eggplant,90.72140105632168,90.98523550347366,90.49291572538239,90.73907561442803
2024-11-24,90.93860953560645,0,Eggplant,91.04134643899556,91.303749973345,90.75101099239942,91.02738048287222
2024-12-01,90.41314841272442,0,Eggplant,90.93860953560645,90.64884375607608,90.68519681206519,90.66702028407063
2024-12-08,90.17216970268596,0,Eggplant,90.41314841272442,89.82296192592976,89.68877233030408,89.75586712811692
2024-12-15,90.21557504683392,1,Eggplant,90.17216970268596,90.2552262747441,89.80274196211208,90.0289841184281
2024-12-22,90.5433821616348,0,Eggplant,90.21557504683392,90.1946583043306,89.39979023486035,89.79722426959547
2024-12-29,91.15572484591162,0,Eggplant,90.5433821616348,91.07102888190107,89.60280674077832,90.3369178113397
2025-01-05,92.05285303545344,1,Eggplant,91.15572484591162,91.65455478474722,91.02387446918642,91.33921462696682
2025-01-12,93.42226434399323,1,Eggplant,92.05285303545344,92.97791149611784,92.05377475353117,92.5158431248245
2025-01-19,95.26451771492256,0,Eggplant,93.42226434399323,94.7528367715354,95.77263951946931,95.26273814550235
2025-01-26,97.58036508839253,0,Eggplant,95.26451771492256,96.94143650718362,98.50684015983833,97.72413833351098
2025-02-02,100.37075170822916,0,Eggplant,97.58036508839253,99.74365591809524,100.70036139767292,100.22200865788409
2025-02-09,102.77013190687563,0,Eggplant,100.37075170822916,102.87142217711262,102.74427804299174,102.80785011005219
2025-02-16,104.77948502318864,0,Eggplant,102.77013190687563,104.42310213116659,101.41194971502688,102.91752592309673
2025-02-23,106.39963120129728,0,Eggplant,104.77948502318864,106.52041018515746,105.41289815919404,105.96665417217575
2025-03-02,107.63123172535587,1,Eggplant,106.39963120129728,107.49611184274822,106.27950400766754,106.88780792520788
2025-03-09,107.58939276838149,1,Eggplant,107.63123172535587,108.60451500162368,108.61975693716694,108.61213596939531
2025-03-16,106.27409725324868,0,Eggplant,107.58939276838149,106.88164616615961,108.27030401134337,107.57597508875149
2025-03-23,103.68480832464536,0,Eggplant,106.27409725324868,104.867607081276,106.5212287648177,105.69441792304686
2025-03-30,99.82046912994754,0,Eggplant,103.68480832464536,100.94944893440382,102.22834617979368,101.58889755709875
2025-04-06,94.67950238785104,0,Eggplant,99.82046912994754,96.20813468789518,98.47333668556583,97.34073568673051
2025-04-13,90.48413244490064,1,Eggplant,94.67950238785104,89.81906984110168,92.982373019069,91.40072143008534
2025-04-20,87.23264690520149,0,Eggplant,90.48413244490064,87.9294825018546,88.97403255705274,88.45175752945366
2025-04-27,84.92371863179808,0,Eggplant,87.23264690520149,84.29853297013288,85.94436653735023,85.12144975374156
2025-05-04,83.55640520498737,1,Eggplant,84.92371863179808,83.72856821365906,83.35110622697478,83.53983722031691
2025-05-11,82.58709935620205,0,Eggplant,83.55640520498737,82.39552561290574,82.48062719748005,82.4380764051929
2025-05-18,82.01540545040139,1,Eggplant,82.58709935620205,82.05336647633993,81.65359173491375,81.85347910562683
2025-05-25,81.84109014313437,1,Eggplant,82.01540545040139,81.54171081191386,80.92649665885934,81.2341037353866
2025-06-01,82.0640822852961,1,Eggplant,81.84109014313437,81.94923526611362,81.70555093925215,81.82739310268289
2025-06-08,82.47191028697519,0,Eggplant,82.0640822852961,82.29088511108621,82.00764519525684,82.14926515317153
2025-06-15,83.06474060858069,0,Eggplant,82.47191028697519,82.89475913178005,82.50895512132077,82.70185712655041
2025-06-22,83.84281522167272,0,Eggplant,83.06474060858069,83.61782041608812,83.92213536346732,83.76997788977772
2025-06-29,84.80645170772557,1,Eggplant,83.84281522167272,84.57807298563391,85.12570399177618,84.85188848870504
2025-07-06,85.95604338775418,1,Eggplant,84.80645170772557,85.68449641862124,85.45220133626943,85.56834887744533
2025-07-13,88.06499315180686,0,Eggplant,85.95604338775418,86.93365376197328,86.22761815319798,86.58063595758563
2025-07-20,91.13416179570515,0,Eggplant,88.06499315180686,90.46634488716482,87.51954025902656,88.99294257309569
2025-07-27,95.16480204134524,0,Eggplant,91.13416179570515,93.8182435820575,90.69668110761006,92.25746234483378
2025-08-03,100.15855904801062,0,Eggplant,95.16480204134524,99.05787328227163,93.4701596167618,96.26401644951672
2025-08-10,102.86524904982424,0,Eggplant,100.15855904801062,104.61575217154905,99.37054517252615,101.99314867203759
2025-08-17,103.28597681821569,1,Eggplant,102.86524904982424,103.60848964972233,103.15080903188563,103.37964934080398
2025-08-24,101.42091407880449,0,Eggplant,103.28597681821569,103.32901933742166,102.99154906572087,103.16028420157127
2025-08-31,97.26929958149287,0,Eggplant,101.42091407880449,98.75910013694424,102.26345452174806,100.51127732934614
2025-09-07,90.8294387897517,0,Eggplant,97.26929958149287,93.14946537288654,98.40093715473506,95.7752012638108
2025-09-14,86.39054333490817,0,Eggplant,90.8294387897517,84.51407457434668,92.13097165432232,88.3225231143345
2025-09-21,83.95080142289886,0,Eggplant,86.39054333490817,84.44642533416616,87.02633380217044,85.7363795681683
2025-09-28,83.5092172406985,0,Eggplant,83.95080142289886,81.79646028127299,83.85109562993536,82.82377795560417
2025-10-05,85.06561054986555,0,Eggplant,83.5092172406985,84.41837209943284,83.20320997465389,83.81079103704337
2025-10-12,86.02975102398482,0,Eggplant,85.06561054986555,86.66448682498559,84.01114012998183,85.3378134774837
2025-10-19,86.40203218977994,0,Eggplant,86.02975102398482,86.27177302112086,85.53110142681685,85.90143722396886
2025-10-26,86.18260599874769,0,Eggplant,86.40203218977994,86.77477101071993,85.46258168738431,86.11867634905212
2025-11-02,85.37138288917718,0,Eggplant,86.18260599874769,85.60651633601891,84.74762083792005,85.17706858696948
2025-11-09,86.45486190990503,1,Eggplant,85.37138288917718,84.60063775196984,84.17777794304071,84.38920784750528
2025-11-16,89.43348529726673,0,Eggplant,86.45486190990503,88.60520836393624,85.96098876074846,87.28309856234236
2025-11-23,94.30846881590962,0,Eggplant,89.43348529726673,92.12227208097495,88.9290529170673,90.52566249902112
2025-11-30,101.08180225502512,0,Eggplant,94.30846881590962,99.46185646010977,94.59589013181805,97.0288732959639
2025-12-07,109.75625024050711,0,Eggplant,101.08180225502512,107.14820860297692,102.60507774960062,104.87664317628878
2025-12-14,115.85438977135736,0,Eggplant,109.75625024050711,117.94975575205343,111.14593265265464,114.54784420235404
2025-12-21,119.37870988411964,0,Eggplant,115.85438977135736,118.85710564012535,117.29494486702997,118.07602525357765
2025-12-28,120.3306490767988,1,Eggplant,119.37870988411964,122.32498598503498,121.9576168970591,122.14130144104703
2026-01-04,118.71059589600428,1,Eggplant,120.3306490767988,119.61447468649537,120.61343550572718,120.11395509611128
2026-01-11,116.246873508034,0,Eggplant,118.71059589600428,116.9021096096958,118.06606482481821,117.48408721725701
2026-01-18,112.93847631191312,0,Eggplant,116.246873508034,113.94180076269991,116.04902971797968,114.9954152403398
2026-01-25,108.78405394143952,0,Eggplant,112.93847631191312,109.85134311430392,113.65948395704328,111.7554135356736
2026-02-01,103.78191071401255,0,Eggplant,108.78405394143952,104.97144661708509,110.39705493039979,107.68425077374243
2026-02-08,100.46889644022262,0,Eggplant,103.78191071401255,99.28232092746052,104.32195472369807,101.8021378255793
2026-02-15,98.8436588693457,0,Eggplant,100.46889644022262,98.88462435068944,99.83896385784423,99.36179410426683
2026-02-22,98.9055346391078,1,Eggplant,98.8436588693457,97.63948062476368,98.50912365802101,98.07430214139234
2026-03-01,100.6545490049254,1,Eggplant,98.9055346391078,99.81765812538434,98.4645197532054,99.14108893929486
2026-03-08,101.19790017746132,0,Eggplant,100.6545490049254,102.57648847597828,100.43318894733301,101.50483871165565
2026-03-15,100.53580993270477,1,Eggplant,101.19790017746132,100.56565877698203,102.294623376352,101.43014107666701
2026-03-22,98.66800802973924,1,Eggplant,100.53580993270477,100.16900186448085,101.1415834412535,100.65529265286717
2026-03-29,95.5937321004412,1,Eggplant,98.66800802973924,96.09238575103583,98.53695842651544,97.31467208877564
2026-04-05,91.31172733830888,1,Eggplant,95.5937321004412,93.02307855308997,95.26759262056564,94.1453355868278
2026-04-12,89.40652642768238,1,Eggplant,91.31172733830888,86.96621877627001,91.06250827836473,89.01436352731737
2026-04-19,89.87735173553689,1,Eggplant,89.40652642768238,89.76147791209125,88.58946124833439,89.17546958021282
2026-04-26,92.72439543546749,1,Eggplant,89.87735173553689,90.19207500154208,89.81596018076404,90.00401759115306
2026-05-03,97.94881958612724,1,Eggplant,92.72439543546749,96.67439799085886,93.3284739071281,95.00143594899347
2026-05-10,101.28053837338098,1,Eggplant,97.94881958612724,102.71733352404311,98.86849618801399,100.79291485602855
2026-05-17,102.7209116824483,1,Eggplant,101.28053837338098,102.69255802152912,102.23227631369241,102.46241716761077
2026-05-24,102.27052742080215,1,Eggplant,102.7209116824483,103.72994510002295,103.34382468541614,103.53688489271954
2026-05-31,99.92920175813168,0,Eggplant,102.27052742080215,100.98796869902431,101.88827743963722,101.43812306933077
2026-06-07,95.69597905130928,1,Eggplant,99.92920175813168,97.42171816678068,99.56151050947636,98.49161433812853
2026-06-14,92.4929100821791,1,Eggplant,95.69597905130928,91.36179574543021,94.71486299486702,93.03832937014862
2026-06-21,90.3186874756516,0,Eggplant,92.4929100821791,91.02410862815258,90.67632752163985,90.85021807489622
2026-06-28,89.17242379392825,1,Eggplant,90.3186874756516,88.1526714250269,88.56604961249242,88.35936051875966
2026-07-05,89.05365117428185,0,Eggplant,89.17242379392825,89.06840653948667,88.47429342474184,88.77134998211426
2026-07-12,88.85272601472872,0,Eggplant,89.05365117428185,88.98694982154933,88.67154376742722,88.82924679448828
2026-07-19,88.5695663049997,1,Eggplant,88.85272601472872,88.61042821360051,88.30582460987108,88.4581264117358
2026-07-26,88.20405646970298,0,Eggplant,88.5695663049997,88.32905871615415,87.5937749698938,87.96141684302398
2024-11-10,185.2752211300312,0,Native garlic,183.3272423519336,183.67906652503174,183.92194811241257,183.80050731872217
2024-11-17,188.46512855038304,0,Native garlic,185.2752211300312,187.7350513913305,186.17047550358163,186.95276344745605
2024-11-24,192.9324080287708,0,Native garlic,188.46512855038304,191.18905268395622,189.4799382780518,190.334495481004
2024-12-01,198.7266960038433,0,Native garlic,192.9324080287708,197.10992280120422,186.93706434362065,192.02349357241243
2024-12-08,203.46846096353016,0,Native garlic,198.7266960038433,203.92771387080523,200.64090834992027,202.28431111036275
2024-12-15,207.21038918516132,1,Native garlic,203.46846096353016,206.40347937589587,204.50154833631,205.45251385610294
2024-12-22,209.99405764897705,0,Native garlic,207.21038918516132,210.40790789941394,207.87589715740177,209.14190252840785
2024-12-29,211.85039600457537,0,Native garlic,209.99405764897705,211.5554302378842,210.15487033983112,210.85515028885766
2025-01-05,212.8000302336851,1,Native garlic,211.85039600457537,213.3362548314834,211.7632606747328,212.5497577531081
2025-01-12,212.39562797281067,1,Native garlic,212.8000302336851,213.1228396953516,213.39470452291164,213.2587721091316
2025-01-19,210.632695863498,0,Native garlic,212.39562797281067,211.6016629067914,211.79746293756287,211.69956292217714
2025-01-26,207.49164577119905,0,Native garlic,210.632695863498,208.8234275316637,211.47028131271674,210.14685442219022
2025-02-02,202.9375771393328,0,Native garlic,207.49164577119905,204.3585587646638,208.11151124828416,206.235035006474
2025-02-09,198.6326116692181,0,Native garlic,202.9375771393328,198.79007874882032,201.4114459862261,200.1007623675232
2025-02-16,194.52891641118703,0,Native garlic,198.6326116692181,195.61382452248745,197.2946833740826,196.45425394828504
2025-02-23,190.5808947512615,0,Native garlic,194.52891641118703,190.9075679218405,192.20049911000905,191.55403351592477
2025-03-02,186.7446797821089,1,Native garlic,190.5808947512615,187.63879762819855,188.00246099920156,187.82062931370007
2025-03-09,184.26168238420536,1,Native garlic,186.7446797821089,183.5308640823395,185.1412384244963,184.3360512534179
2025-03-16,183.10431369757407,0,Native garlic,184.26168238420536,182.9469547008749,182.09016834993412,182.5185615254045
2025-03-23,183.2597140701414,0,Native garlic,183.10431369757407,182.45807882655495,182.55568798994773,182.50688340825133
2025-03-30,184.72961017271365,0,Native garlic,183.2597140701414,183.92232816874255,182.45786315518626,183.1900956619644
2025-04-06,187.53033418420824,0,Native garlic,184.72961017271365,186.2651628376296,185.06051236173,185.6628375996798
2025-04-13,190.58917201353137,1,Native garlic,187.53033418420824,190.38359312277737,186.03398675684008,188.20878993980872
2025-04-20,193.94011074767533,0,Native garlic,190.58917201353137,192.7379259005546,189.34632564378802,191.0421257721713
2025-04-27,197.62038303924183,0,Native garlic,193.94011074767533,197.2264082626499,193.4927592025799,195.3595837326149
2025-05-04,201.6708808025816,1,Native garlic,197.62038303924183,200.3107907648741,198.8865068109093,199.5986487878917
2025-05-11,204.2420552183961,0,Native garlic,201.6708808025816,205.4825341907679,202.4546361050108,203.96858514788934
2025-05-18,205.36247489130545,1,Native garlic,204.2420552183961,205.0947296916041,203.5289444138383,204.31183705272122
2025-05-25,205.0445889287864,1,Native garlic,205.36247489130545,206.37409271505143,204.5975743857627,205.48583355040705
2025-06-01,203.28486526458877,1,Native garlic,205.0445889287864,203.8688104977607,202.2978049569999,203.08330772738032
2025-06-08,201.47412534672847,0,Native garlic,203.28486526458877,201.70725202896614,201.64061630218643,201.67393416557627
2025-06-15,199.5922498427848,0,Native garlic,201.47412534672847,200.07871667548383,200.8646643968307,200.47169053615727
2025-06-22,197.61832902493612,0,Native garlic,199.5922498427848,197.9654705112752,199.45590968658726,198.71069009893125
2025-06-29,195.53043043965084,1,Native garlic,197.61832902493612,195.9940950013134,198.0191284483923,197.00661172485286
2025-07-06,193.3053552137591,1,Native garlic,195.53043043965084,193.74790454087082,197.0323612725137,195.39013290669226
2025-07-13,192.52790334968515,0,Native garlic,193.3053552137591,191.58073091781574,192.98255505430475,192.28164298606026
2025-07-20,193.18943649338377,0,Native garlic,192.52790334968515,192.50630908274562,191.43122950344033,191.96876929309298
2025-07-27,195.29730501311812,0,Native garlic,193.18943649338377,194.17878020433193,193.54577460693014,193.86227740563103
2025-08-03,198.8749296702187,0,Native garlic,195.29730501311812,197.5297437836753,196.32318558829817,196.92646468598673
2025-08-10,201.09840655190055,0,Native garlic,198.8749296702187,202.20061985892323,198.8533123377453,200.52696609833427
2025-08-17,201.99244095684895,1,Native garlic,201.09840655190055,201.88972780934742,200.371614097181,201.1306709532642
2025-08-24,201.56696660067445,0,Native garlic,201.99244095684895,202.77109389379308,200.3859381854714,201.57851603963223
2025-08-31,199.81725599053067,0,Native garlic,201.56696660067445,200.34481561474666,192.0472293570221,196.19602248588438
2025-09-07,196.72386789741608,0,Native garlic,199.81725599053067,198.32803422657904,197.14815022232693,197.738092224453
2025-09-14,194.408989506311,0,Native garlic,196.72386789741608,193.40713095981206,194.97617590847108,194.19165343414159
2025-09-21,192.84689994620328,0,Native garlic,194.408989506311,193.53525682841124,194.84779237443882,194.19152460142504
2025-09-28,192.020242666425,0,Native garlic,192.84689994620328,191.35007567542766,192.51566057371144,191.93286812456955
2025-10-05,191.9198325860897,0,Native garlic,192.020242666425,191.8452844847384,192.12154779356885,191.98341613915363
2025-10-12,192.50769759645817,0,Native garlic,191.9198325860897,191.88402519836464,192.52798789624367,192.20600654730416
2025-10-19,193.7903695309789,0,Native garlic,192.50769759645817,193.38050212241384,191.52229501238224,192.45139856739803
2025-10-26,195.78210030003544,0,Native garlic,193.7903695309789,194.93550615654786,193.67426083779642,194.30488349717214
2025-11-02,198.50502024550624,0,Native garlic,195.78210030003544,197.72803369314965,197.23352859421726,197.48078114368346
2025-11-09,200.18711078403396,1,Native garlic,198.50502024550624,200.94898781567792,199.36647616286464,200.15773198927127
2025-11-16,200.84706181049123,0,Native garlic,200.18711078403396,200.7278706908075,201.102337601165,200.91510414598625
2025-11-23,200.49220611406088,0,Native garlic,200.84706181049123,201.52684815643715,202.21902936458363,201.8729387605104
2025-11-30,199.1186008536714,0,Native garlic,200.49220611406088,199.45924732472977,201.38809581351995,200.42367156912485
2025-12-07,196.71098374865187,0,Native garlic,199.1186008536714,198.01361503180158,200.69135082601485,199.35248292890822
2025-12-14,195.5684989524499,0,Native garlic,196.71098374865187,194.1361312364746,199.14980315706862,196.64296719677162
2025-12-21,195.67845218955216,0,Native garlic,195.5684989524499,195.71172390394676,199.6902211738244,197.7009725388856
2025-12-28,197.04206516259313,1,Native garlic,195.67845218955216,195.71885847583695,197.5970115023726,196.65793498910477
2026-01-04,199.6744891268288,1,Native garlic,197.04206516259313,198.89988890332864,198.03267361634374,198.4662812598362
2026-01-11,199.3308829004669,0,Native garlic,199.6744891268288,201.98985002358782,200.59734551730503,201.2935977704464
2026-01-18,196.0074286365478,0,Native garlic,199.3308829004669,197.39844828057514,199.76692920278546,198.5826887416803
2026-01-25,189.6671990654725,0,Native garlic,196.0074286365478,192.6691838980005,198.4403960609405,195.5547899794705
2026-02-01,180.2397471920067,0,Native garlic,189.6671990654725,183.276348700361,191.17835896232307,187.22735383134204
2026-02-08,175.26362821026407,0,Native garlic,180.2397471920067,171.65265049245875,180.049621115666,175.85113580406238
2026-02-15,174.68355190933636,0,Native garlic,175.26362821026407,174.26715147216038,175.1212224916991,174.69418698192973
2026-02-22,178.49307299699095,1,Native garlic,174.68355190933636,174.53265517622575,166.42268097580364,170.4776680760147
2026-03-01,186.73451948531303,1,Native garlic,178.49307299699095,183.86104588420892,179.59041298474577,181.72572943447733
2026-03-08,192.5485177134024,0,Native garlic,186.73451948531303,194.29675309914555,186.64617455371055,190.47146382642805
2026-03-15,195.9996676615711,1,Native garlic,192.5485177134024,195.51660308923337,193.72165800080168,194.61913054501753
2026-03-22,197.12631544035435,1,Native garlic,195.9996676615711,198.40430542425747,194.08415664949376,196.24423103687562
2026-03-29,195.9409793584053,1,Native garlic,197.12631544035435,197.36180430451472,198.3860358850336,197.87392009477418
2026-04-05,192.43048901481345,1,Native garlic,195.9409793584053,194.09120298005683,197.34768414184492,195.71944356095088
2026-04-12,189.86731619282375,1,Native garlic,192.43048901481345,188.88815395203596,192.84934208912566,190.86874802058082
2026-04-19,188.22298119441416,1,Native garlic,189.86731619282375,188.69730339570134,189.59895596547733,189.14812968058934
2026-04-26,187.47921363071345,1,Native garlic,188.22298119441416,187.00833786050404,189.17141894475367,188.08987840262887
2026-05-03,187.62774941768043,1,Native garlic,187.47921363071345,187.10594295743073,187.89829165295504,187.50211730519288
2026-05-10,187.9591927619491,1,Native garlic,187.62774941768043,187.9685750346001,188.88235363807075,188.42546433633544
2026-05-17,188.4772263673447,1,Native garlic,187.9591927619491,188.2103496005001,189.56638050990443,188.88836505520226
2026-05-24,189.187606162816,1,Native garlic,188.4772263673447,189.17683982787554,188.37882017915473,188.77783000351513
2026-05-31,190.09822525720165,0,Native garlic,189.187606162816,189.5021393346415,190.80805785158248,190.15509859311197
2026-06-07,191.21920164043917,1,Native garlic,190.09822525720165,191.26529534636816,189.04733063916728,190.1563129927677
2026-06-14,192.3058989977467,1,Native garlic,191.21920164043917,191.99516324698558,190.88468425090326,191.4399237489444
2026-06-21,193.3703917442056,0,Native garlic,192.3058989977467,193.09469865089793,193.2304032182324,193.16255093456516
2026-06-28,194.42450757699865,1,Native garlic,193.3703917442056,194.46942210348138,196.97498692853176,195.72220451600657
2026-07-05,195.4799588942679,0,Native garlic,194.42450757699865,195.09358153128508,197.15900345521825,196.12629249325167
2026-07-12,195.18132316445804,0,Native garlic,195.4799588942679,196.39663443693087,198.22229516746125,197.30946480219606
2026-07-19,193.52528221279331,1,Native garlic,195.18132316445804,194.16068528337416,196.93820022916293,195.54944275626855
2026-07-26,190.49343558425525,0,Native garlic,193.52528221279331,191.95080770589598,193.18029359847256,192.56555065218427
2024-11-10,74.61559579419077,0,Patola,76.78579237283334,73.82002744877694,77.8758876544343,75.84795755160562
2024-11-17,73.41518022256491,0,Patola,74.61559579419077,73.58640822311435,74.53316753255308,74.05978787783371
2024-11-24,73.18343187031195,0,Patola,73.41518022256491,72.42800791457904,73.19973501699565,72.81387146578734
2024-12-01,73.92013571318756,0,Patola,73.18343187031195,73.46922865111988,72.92712480482504,73.19817672797245
2024-12-08,74.76533509560899,0,Patola,73.92013571318756,74.77748325413515,74.70522919949661,74.74135622681588
2024-12-15,75.71981422318879,1,Patola,74.76533509560899,75.34340044180948,76.20211590596513,75.7727581738873
2024-12-22,76.78445869511754,0,Patola,75.71981422318879,76.67392756778341,76.12854446186486,76.40123601482414
2024-12-29,77.96025632585366,0,Patola,76.78445869511754,77.6258360126284,75.4804447276035,76.55314037011595
2025-01-05,79.24829806165259,1,Patola,77.96025632585366,78.98175329730451,76.04497538770516,77.51336434250484
2025-01-12,80.49562054658657,1,Patola,79.24829806165259,80.36580076852671,77.9291068442301,79.14745380637841
2025-01-19,81.70338109017776,0,Patola,80.49562054658657,81.5109702210702,79.00919812703853,80.26008417405436
2025-01-26,82.87270029499234,0,Patola,81.70338109017776,82.71130712887872,81.03076383353637,81.87103548120754
2025-02-02,84.00466309637505,0,Patola,82.87270029499234,83.7719981197822,82.49260168387593,83.13229990182907
2025-02-09,85.2230096487509,0,Patola,84.00466309637505,84.98670961855011,83.5845304295488,84.28562002404945
2025-02-16,86.52887037675607,0,Patola,85.2230096487509,86.26908718451604,84.53333229107726,85.40120973779665
2025-02-23,87.92345690374651,0,Patola,86.52887037675607,87.62552785946916,85.77430692594278,86.69991739270597
2025-03-02,89.4080631759843,1,Patola,87.92345690374651,89.13697974216427,86.70979928617754,87.9233895141709
2025-03-09,89.79838340575529,1,Patola,89.4080631759843,90.65804784582888,88.17421353132335,89.41613068857612
2025-03-16,89.09477974585002,0,Patola,89.79838340575529,89.4902614606286,88.91378932292295,89.20202539177578
2025-03-23,87.29659936813033,0,Patola,89.09477974585002,88.37976122606105,88.14279140642589,88.26127631624347
2025-03-30,84.40217385781293,0,Patola,87.29659936813033,85.2916120168587,86.98239324477828,86.1370026308185
2025-04-06,80.4088176654551,0,Patola,84.40217385781293,81.7181128712637,84.02736346018796,82.87273816572582
2025-04-13,78.01690943087618,1,Patola,80.4088176654551,76.71531779364364,79.08884038197732,77.90207908781048
2025-04-20,77.22422985777595,0,Patola,78.01690943087618,77.08224820011661,76.79966528262179,76.9409567413692
2025-04-27,78.03004347026183,0,Patola,77.22422985777595,76.79926772543607,76.60580270037391,76.70253521290499
2025-05-04,80.43509793044868,1,Patola,78.03004347026183,79.3529377016948,77.9035887742026,78.6282632379487
2025-05-11,81.75456899910554,0,Patola,80.43509793044868,82.88177717609189,80.83480748297515,81.85829232953353
2025-05-18,81.9896809277395,1,Patola,81.75456899910554,81.97915857595439,81.07446188240633,81.52681022918036
2025-05-25,81.1406518614389,1,Patola,81.9896809277395,82.15861544087608,81.6289067087034,81.89376107478974
2025-06-01,79.20669404127639,1,Patola,81.1406518614389,79.86810038655133,80.80634726048484,80.33722382351809
2025-06-08,77.87629979608849,0,Patola,79.20669404127639,77.39262370970265,79.0274930939917,78.21005840184716
2025-06-15,77.14823473946223,0,Patola,77.87629979608849,77.24972596850309,77.48854773996666,77.36913685423488
2025-06-22,77.02182334711824,0,Patola,77.14823473946223,76.56874885506845,77.14233642214009,76.85554263860428
2025-06-29,77.49694833013584,1,Patola,77.02182334711824,77.20005652845876,76.71595069816385,76.9580036133113
2025-07-06,78.5740505261281,1,Patola,77.49694833013584,78.03782446587505,76.93129512521793,77.48455979554649
2025-07-13,79.60679611121404,0,Patola,78.5740505261281,79.70613421768203,77.5186123652318,78.61237329145692
2025-07-20,80.59614330294696,0,Patola,79.60679611121404,80.27557420879398,78.48057230864751,79.37807325872075
2025-07-27,81.54301005232946,0,Patola,80.59614330294696,81.52459719580875,79.72065263751117,80.62262491665996
2025-08-03,82.44827489552071,0,Patola,81.54301005232946,82.24342994586601,88.16761666167395,85.20552330376998
2025-08-10,83.10095452544846,0,Patola,82.44827489552071,83.21004211709106,85.93554763493111,84.57279487601109
2025-08-17,83.50165452115098,1,Patola,83.10095452544846,83.49393952912276,84.76494144675888,84.12944048794083
2025-08-24,83.65074666612915,0,Patola,83.50165452115098,83.83336852734294,81.91049136273423,82.87192994503859
2025-08-31,83.54836929330119,0,Patola,83.65074666612915,83.60659438648797,80.73552950495056,82.17106194571926
2025-09-07,83.194427413352,0,Patola,83.54836929330119,83.48172890700994,82.297417764752,82.88957333588097
2025-09-14,82.64335368195569,0,Patola,83.194427413352,82.69835693637802,83.5582013255434,83.1282791309607
2025-09-21,81.89463679358829,0,Patola,82.64335368195569,82.23676690013077,82.2964873723129,82.26662713622184
2025-09-28,80.94758206247698,0,Patola,81.89463679358829,81.16294178257642,81.3125837282883,81.23776275543236
2025-10-05,79.80131077804668,0,Patola,80.94758206247698,80.10021033667601,80.33353215097796,80.21687124382699
2025-10-12,79.25447608463998,0,Patola,79.80131077804668,78.75875444575419,79.77930773087843,79.26903108831631
2025-10-19,79.30657060986087,0,Patola,79.25447608463998,79.20513607075348,79.23720493473644,79.22117050274497
2025-10-26,79.95764268883596,0,Patola,79.30657060986087,79.39759071174292,79.24034458940551,79.31896765057422
2025-11-02,81.20829640906118,0,Patola,79.95764268883596,80.77772255996427,80.04710833677183,80.41241544836805
2025-11-09,82.11351513395064,1,Patola,81.20829640906118,82.4103192620498,80.99520999770425,81.70276462987702
2025-11-16,82.67413875716684,0,Patola,82.11351513395064,82.56982468477639,81.97126709947341,82.2705458921249
2025-11-23,82.89068744495785,0,Patola,82.67413875716684,83.12367655132114,83.18323359149454,83.15345507140785
2025-11-30,82.76336211878686,0,Patola,82.89068744495785,82.91338714402177,83.01577592805302,82.9645815360374
2025-12-07,82.29204464175308,0,Patola,82.76336211878686,82.61109537838156,82.35274265128999,82.48191901483577
2025-12-14,82.28665907493672,0,Patola,82.29204464175308,81.7228271852658,82.07825996198261,81.9005435736242
2025-12-21,82.74720042142008,0,Patola,82.28665907493672,82.6397053125468,82.51823858729443,82.57897194992061
2025-12-28,83.67409598760702,1,Patola,82.74720042142008,83.11650192776084,82.43393617066477,82.77521904921281
2026-01-04,85.06820577969313,1,Patola,83.67409598760702,84.7088264460267,83.38971412115194,84.04927028358932
2026-01-11,86.09812328094989,0,Patola,85.06820577969313,86.29673719337376,84.47846109261275,85.38759914299325
2026-01-18,86.76480408493524,0,Patola,86.09812328094989,86.79419416177258,85.70222496861965,86.2482095651961
2026-01-25,87.06886676146723,0,Patola,86.76480408493524,87.19665766542012,92.57510920349603,89.88588343445807
2026-02-01,87.01059343055505,0,Patola,87.06886676146723,87.19582961285117,87.67624923779704,87.43603942532411
2026-02-08,88.1144267497296,0,Patola,87.01059343055505,86.84535337001066,87.13185662165898,86.98860499583482
2026-02-15,90.38139089423557,0,Patola,88.1144267497296,89.72768262707193,88.48740382769057,89.10754322738126
2026-02-22,93.8135892328666,1,Patola,90.38139089423557,92.42873557345905,90.33145740854879,91.38009649100391
2026-03-01,98.4142062795454,1,Patola,93.8135892328666,97.1514024418284,97.57991303772195,97.36565773977517
2026-03-08,101.31691508388576,0,Patola,98.4142062795454,102.58323573136936,101.60860468271312,102.09592020704125
2026-03-15,102.52440888086085,1,Patola,101.31691508388576,102.64450055124045,103.49146704769191,103.06798379946619
2026-03-22,102.03780802553985,1,Patola,102.52440888086085,103.24359252908665,102.44080274203543,102.84219763556104
2026-03-29,99.85666103259332,1,Patola,102.03780802553985,100.97347963256604,101.59956246084067,101.28652104670336
2026-04-05,95.97894415738848,1,Patola,99.85666103259332,97.54486823323782,99.54666767612703,98.54576795468242
2026-04-12,95.36826006302152,1,Patola,95.97894415738848,92.17767685739724,96.2489988553789,94.21333785638808
2026-04-19,98.02404213538448,1,Patola,95.36826006302152,96.96021316222081,97.36098591217313,97.16059953719697
2026-04-26,103.9487545021732,1,Patola,98.02404213538448,100.67021892934129,101.3885746060876,101.02939676771445
2026-05-03,113.14789431919188,1,Patola,103.9487545021732,110.28254426021132,108.89465351187779,109.58859888604457
2026-05-10,120.12375311220065,1,Patola,113.14789431919188,121.58703908589642,119.42172330249876,120.50438119419759
2026-05-17,124.88280332750207,1,Patola,120.12375311220065,124.24804241176426,122.87328342759982,123.56066291968204
2026-05-24,127.4294605786983,1,Patola,124.88280332750207,128.80559346321292,123.76056135362512,126.28307740841902
2026-05-31,127.76608774365098,0,Patola,127.4294605786983,128.30300332585236,124.4263322885219,126.36466780718713
2026-06-07,125.89299715684314,1,Patola,127.76608774365098,127.7639430366363,124.78950998486192,126.27672651074911
2026-06-14,123.5876718308416,1,Patola,125.89299715684314,123.30659976465968,122.95624841378589,123.13142408922278
2026-06-21,120.84797280400358,0,Patola,123.5876718308416,122.05374475628787,119.39400537271172,120.7238750644998
2026-06-28,117.67135808754136,1,Patola,120.84797280400358,118.14529404672014,118.16811197369657,118.15670301020836
2026-07-05,114.05488030697586,0,Patola,117.67135808754136,115.06839659423527,115.59205887603929,115.33022773513727
2026-07-12,111.2555601688898,0,Patola,114.05488030697586,110.75284992757229,111.4667462566066,111.10979809208945
2026-07-19,109.27080036593838,1,Patola,111.2555601688898,109.58726279058195,111.32989094581966,110.4585768682008
2026-07-26,108.09875936840776,0,Patola,109.27080036593838,107.62029195853457,108.8337941308157,108.22704304467513
2024-11-10,149.91650931847818,0,Red onion,152.409765102728,146.82325463350602,153.15964762197314,149.9914511277396
2024-11-17,150.42303898504375,0,Red onion,149.91650931847818,149.6341723343686,151.21884243500955,150.42650738468907
2024-11-24,153.93068707523162,0,Red onion,150.42303898504375,151.34408201453942,152.72234060934184,152.03321131194065
2024-12-01,160.44868424191046,0,Red onion,153.93068707523162,158.4224726021455,155.02257359561736,156.72252309888142
2024-12-08,166.18978033667014,0,Red onion,160.44868424191046,167.36439188723145,159.81760564102697,163.5909987641292
2024-12-15,171.16908350712814,1,Red onion,166.18978033667014,170.41268693326535,166.4034409195702,168.40806392641775
2024-12-22,175.3996971826805,0,Red onion,171.16908350712814,175.96500812378173,173.06887844330825,174.516943283545
2024-12-29,178.89275455721034,0,Red onion,175.3996971826805,178.64419678315647,177.99310529043808,178.3186510367973
2025-01-05,181.6574478869663,1,Red onion,178.89275455721034,182.06121606116855,178.71383281298293,180.38752443707574
2025-01-12,183.43027317403545,1,Red onion,181.6574478869663,183.83029745321915,182.06062377741202,182.9454606153156
2025-01-19,184.21589574812035,0,Red onion,183.43027317403545,184.70706311484184,182.25678372262706,183.48192341873445
2025-01-26,184.0163830370477,0,Red onion,184.21589574812035,184.65526942983095,182.702670431119,183.67896993047498
2025-02-02,182.83121000736756,0,Red onion,184.0163830370477,183.4129106600835,182.22670720525295,182.81980893266822
2025-02-09,186.5504698901306,0,Red onion,182.83121000736756,181.441061284391,180.12509070843262,180.7830759964118
2025-02-16,195.1839502113443,0,Red onion,186.5504698901306,192.86529046251619,183.9583549647461,188.41182271363112
2025-02-23,208.7543706560644,0,Red onion,195.1839502113443,203.9805995492693,195.08630141937547,199.53345048432237
2025-03-02,227.29744285704024,1,Red onion,208.7543706560644,223.32768890216073,208.8142404819044,216.07096469203256
2025-03-09,237.4387137935416,1,Red onion,227.29744285704024,245.70807993443046,226.81710461140997,236.26259227292022
2025-03-16,239.2048710206645,0,Red onion,237.4387137935416,241.18244268910166,238.8659507081763,240.024196698639
2025-03-23,232.60056232058585,0,Red onion,239.2048710206645,239.59502785754705,242.29679974113876,240.94591379934292
2025-03-30,217.60840793356823,0,Red onion,232.60056232058585,222.73396304247797,230.04858802401603,226.39127553324698
2025-04-06,194.1889548217512,0,Red onion,217.60840793356823,201.5844253126101,216.99803896651196,209.29123213956103
2025-04-13,179.59448278168858,1,Red onion,194.1889548217512,169.60738746753069,195.9642437612272,182.78581561437895
2025-04-20,173.78658530801133,0,Red onion,179.59448278168858,172.86600291816978,181.57614279011906,177.22107285414444
2025-04-27,176.74997845999988,0,Red onion,173.78658530801133,169.44754417114436,179.17902038186386,174.3132822765041
2025-05-04,188.49246064068515,1,Red onion,176.74997845999988,183.55612109760523,181.56432620398792,182.56022365079656
2025-05-11,195.45256485057556,0,Red onion,188.49246064068515,201.64422293774012,192.80523339153964,197.22472816463988
2025-05-18,197.64860715338116,1,Red onion,195.45256485057556,197.697862795483,199.2989245803424,198.4983936879127
2025-05-25,195.08636660779396,1,Red onion,197.64860715338116,199.5622629926157,200.08446444937115,199.82336372099343
2025-06-01,187.7591004755356,1,Red onion,195.08636660779396,190.16297038320428,194.73591320122162,192.44944179221295
2025-06-08,182.95569098926217,0,Red onion,187.7591004755356,180.03389536580113,185.47058729194185,182.7522413288715
2025-06-15,180.663497597694,0,Red onion,182.95569098926217,180.5643578230967,184.4601672980848,182.51226256059076
2025-06-22,180.87648821295855,0,Red onion,180.663497597694,178.74619564855217,182.22056916427573,180.48338240641397
2025-06-29,183.59522333667465,1,Red onion,180.87648821295855,182.31080088791362,181.1573988241112,181.7340998560124
2025-07-06,188.82685753495795,1,Red onion,183.59522333667465,186.69251999330208,182.59966215417572,184.6460910737389
2025-07-13,192.25273326780112,0,Red onion,188.82685753495795,194.70692094102336,190.33634969384772,192.52163531743554
2025-07-20,193.88186599765916,0,Red onion,192.25273326780112,193.63758951616734,195.77175191785605,194.7046707170117
2025-07-27,193.71854291592663,0,Red onion,193.88186599765916,195.4923844129456,193.0240590766539,194.25822174479976
2025-08-03,191.7623342250199,0,Red onion,193.71854291592663,192.52643499280904,194.27370516692227,193.40007007986566
2025-08-10,190.3460187049986,0,Red onion,191.7623342250199,189.56461666094538,192.45081114514778,191.00771390304658
2025-08-17,189.46586920975784,1,Red onion,190.3460187049986,189.59559591613,188.57525137387526,189.08542364500263
2025-08-24,189.11956955641497,0,Red onion,189.46586920975784,188.70144924893665,186.01014902352432,187.35579913623047
2025-08-31,189.306208430093,0,Red onion,189.11956955641497,188.97730880379882,187.54310013502825,188.26020446941354
2025-09-07,190.0262769857226,0,Red onion,189.306208430093,189.7332758343674,188.320322273534,189.0267990539507
2025-09-14,191.0703338762872,0,Red onion,190.0262769857226,190.75111911632345,190.88768718631846,190.81940315132096
2025-09-21,192.44112661992003,0,Red onion,191.0703338762872,192.2067656533694,190.3897652408235,191.29826544709644
2025-09-28,194.14226256594628,0,Red onion,192.44112661992003,193.80336404602338,195.71814850483824,194.76075627543082
2025-10-05,196.1782183879081,0,Red onion,194.14226256594628,195.7609253044742,197.335440265989,196.5481827852316
2025-10-12,196.78888448411732,0,Red onion,196.1782183879081,198.17344696504802,198.92983319694434,198.55164008099618
2025-10-19,195.97586787061664,0,Red onion,196.78888448411732,196.52678182004198,197.62764891320973,197.07721536662586
2025-10-26,193.73702903000188,0,Red onion,195.97586787061664,194.92637195505318,196.32390269951793,195.62513732728556
2025-11-02,190.0664762811137,0,Red onion,193.73702903000188,191.0896890148518,193.47446475831342,192.28207688658262
2025-11-09,192.39274753259545,1,Red onion,190.0664762811137,186.31374777944558,190.37236418885715,188.34305598415136
2025-11-16,200.7219645508981,0,Red onion,192.39274753259545,197.94397533509746,192.9902759306324,195.46712563286493
2025-11-23,215.07604632817527,0,Red onion,200.7219645508981,209.68614283086453,203.4429449567056,206.56454389378507
2025-11-30,235.49276676384085,0,Red onion,215.07604632817527,230.6082950904345,225.05978808842917,227.83404158943182
2025-12-07,262.0258540695677,0,Red onion,235.49276676384085,256.0927676602428,245.3053859731304,250.6990768166866
2025-12-14,281.1734832781915,0,Red onion,262.0258540695677,288.44194518639324,272.94815726933575,280.6950512278645
2025-12-21,292.98604288762976,0,Red onion,281.1734832781915,293.33425323306574,295.5309385317926,294.43259588242915
2025-12-28,297.4946185810652,1,Red onion,292.98604288762976,302.967383597374,302.1295365399735,302.54846006867376
2026-01-04,294.7110750313751,1,Red onion,297.4946185810652,298.13776763226537,296.2976508600798,297.2177092461726
2026-01-11,284.66037146191013,0,Red onion,294.7110750313751,290.2402958080291,287.3051731225006,288.7727344652649
2026-01-18,267.3160586527504,0,Red onion,284.66037146191013,272.747944549627,274.97210470775974,273.8600246286934
2026-01-25,242.63249367545092,0,Red onion,267.3160586527504,249.02244051234118,255.83595611368793,252.42919831301455
2026-02-01,210.54471978007132,0,Red onion,242.63249367545092,217.54607615095074,233.9760395891472,225.76105787004897
2026-02-08,188.78564981365335,0,Red onion,210.54471978007132,178.6696957558869,203.30687245188528,190.9882841038861
2026-02-15,177.29802306575908,0,Red onion,188.78564981365335,176.0326857020351,188.9185182377113,182.4756019698732
2026-02-22,176.05160893968352,1,Red onion,177.29802306575908,168.11201044858288,173.12911017818584,170.62056031338437
2026-03-01,185.04312739825275,1,Red onion,176.05160893968352,179.74528350158218,174.96149076989897,177.35338713574058
2026-03-08,191.2679889005828,0,Red onion,185.04312739825275,195.89271565415484,186.24056623435047,191.06664094425264
2026-03-15,194.7425746611536,1,Red onion,191.2679889005828,193.9929725037708,191.03377255324602,192.5133725285084
2026-03-22,195.47602832670336,1,Red onion,194.7425746611536,197.94172637962328,194.03040656365758,195.9860664716404
2026-03-29,193.47028003845728,1,Red onion,195.47602832670336,194.91728684732388,193.54044962282305,194.22886823507346
2026-04-05,188.72005151144631,1,Red onion,193.47028003845728,190.8083377690457,191.66262458477533,191.23548117691053
2026-04-12,184.2697193625728,1,Red onion,188.72005151144631,183.3814662457856,184.59141038290628,183.98643831434595
2026-04-19,180.10757219144503,1,Red onion,184.2697193625728,180.90671947268365,181.20071864159502,181.05371905713935
2026-04-26,176.22265697919158,1,Red onion,180.10757219144503,176.22862985672631,178.6634557182471,177.4460427874867
2026-05-03,172.60475026472756,1,Red onion,176.22265697919158,172.7012021694929,179.747292294133,176.22424723181294
2026-05-10,170.3155835353575,1,Red onion,172.60475026472756,169.3383963232511,178.03527270659157,173.68683451492132
2026-05-17,169.34913266810935,1,Red onion,170.3155835353575,168.9617014016381,173.16502434842207,171.06336287503007
2026-05-24,169.70285437122715,1,Red onion,169.34913266810935,168.87701593363713,174.33283771190207,171.60492682276958
2026-05-31,171.377679491298,0,Red onion,169.70285437122715,170.34411551630973,170.16543713823688,170.2547763272733
2026-06-07,174.37801546284857,1,Red onion,171.377679491298,173.55601060644562,168.41048088099222,170.98324574371892
2026-06-14,175.85739631608735,1,Red onion,174.37801546284857,177.4726078775055,173.3265892905921,175.39959858404882
2026-06-21,175.81971515852297,0,Red onion,175.85739631608735,176.0287920941819,173.18623990968476,174.60751600193333
2026-06-28,174.26487282921445,1,Red onion,175.81971515852297,175.81178450328173,174.0780474110254,174.94491595715357
2026-07-05,171.1887776378215,0,Red onion,174.26487282921445,171.96580694508802,173.8110679190315,172.88843743205976
2026-07-12,169.0853416943947,0,Red onion,171.1887776378215,168.00723249359496,171.73806221519118,169.87264735439305
2026-07-19,167.94902964118828,1,Red onion,169.0853416943947,167.92983549807025,168.50845104698337,168.21914327252682
2026-07-26,167.77685118332533,0,Red onion,167.94902964118828,166.98504821185531,165.3879749346148,166.18651157323507
2024-11-10,38.011603057412515,0,Squash,40.623728537336945,36.06903831389559,39.91523625828421,37.9921372860899
2024-11-17,37.36506172664292,0,Squash,38.011603057412515,37.22114928312142,37.28909403088511,37.255121657003265
2024-11-24,38.67960686620536,0,Squash,37.36506172664292,36.93708742291815,36.483094420505836,36.710090921711995
2024-12-01,41.9643831379403,0,Squash,38.67960686620536,40.931663284859695,37.41510386403861,39.173383574449154
2024-12-08,44.45926678237089,0,Squash,41.9643831379403,45.36602707698749,42.04306202155246,43.704544549269976
2024-12-15,46.181613511806205,1,Squash,44.45926678237089,45.86410693850393,45.593566537467325,45.72883673798563
2024-12-22,47.143404868711904,0,Squash,46.181613511806205,47.81291197931389,47.90056592917986,47.85673895424688
2024-12-29,47.35133157557077,0,Squash,47.143404868711904,47.4592184537496,47.81696870671697,47.63809358023329
2025-01-05,46.80684007903923,1,Squash,47.35133157557077,47.441822367423825,48.174061341939634,47.80794185468173
2025-01-12,46.23631276357239,1,Squash,46.80684007903923,45.93346844475009,47.60013021728386,46.766799331016976
2025-01-19,45.635780743497435,0,Squash,46.23631276357239,45.98080006322986,46.70520304310387,46.343001553166864
2025-01-26,45.00106640476165,0,Squash,45.635780743497435,44.918096634095036,45.3908081419645,45.15445238802977
2025-02-02,44.3277543432695,0,Squash,45.00106640476165,44.527381831236184,45.07621800470529,44.80179991797074
2025-02-09,44.49416401311364,0,Squash,44.3277543432695,43.64131710212785,44.48485172760311,44.06308441486548
2025-02-16,45.501453046779964,0,Squash,44.49416401311364,45.223935567261044,44.796271645273826,45.010103606267435
2025-02-23,47.35662867232875,0,Squash,45.501453046779964,46.50606529872084,45.75366151807818,46.129863408399515
2025-03-02,50.072596459329034,1,Squash,47.35662867232875,49.45580846818644,47.32969101994948,48.392749744067956
2025-03-09,51.636651205037154,1,Squash,50.072596459329034,52.715085496567816,50.17703192555895,51.44605871106339
2025-03-16,52.05967329029277,0,Squash,51.636651205037154,52.15701768999454,51.445944311235465,51.801481000615
2025-03-23,51.34460547742816,0,Squash,52.05967329029277,52.34999265217852,50.9434175300999,51.64670509113921
2025-03-30,49.48647338165812,0,Squash,51.34460547742816,50.07148600758463,50.27339092073413,50.172438464159384
2025-04-06,46.472350866664286,0,Squash,49.48647338165812,47.56419299405257,48.452441513677165,48.00831725386487
2025-04-13,44.515840514871066,1,Squash,46.472350866664286,43.27661132934156,45.00762036548936,44.14211584741546
2025-04-20,43.60333181948336,0,Squash,44.515840514871066,43.75340108257175,43.798005267354434,43.77570317496309
2025-04-27,43.728476893924544,0,Squash,43.60333181948336,42.78058761290302,43.81326320798071,43.296925410441865
2025-05-04,44.89214631262553,1,Squash,43.728476893924544,44.459730947138475,43.496515986346076,43.978123466742275
2025-05-11,45.63047974702101,0,Squash,44.89214631262553,46.14887149422494,44.721758716733575,45.43531510547926
2025-05-18,45.94861342969807,1,Squash,45.63047974702101,45.86692602274046,45.56861436139923,45.71777019206984
2025-05-25,45.84876046453624,1,Squash,45.94861342969807,46.269275865018166,45.471728081139645,45.8705019730789
2025-06-01,45.3302262222126,1,Squash,45.84876046453624,45.472734158006155,46.79160205398708,46.13216810599661
2025-06-08,44.69943884249069,0,Squash,45.3302262222126,44.815259688522424,45.35628230885713,45.08577099868978
2025-06-15,43.95201023925066,0,Squash,44.69943884249069,44.11065561979983,44.505875053361436,44.30826533658063
2025-06-22,43.082740909165665,0,Squash,43.95201023925066,43.23549610574872,43.896651155091526,43.56607363042012
2025-06-29,42.08558376124377,1,Squash,43.082740909165665,42.26370747701311,43.83731151253633,43.050509494774715
2025-07-06,40.95360205010816,1,Squash,42.08558376124377,41.14922740188272,42.242313131599374,41.69577026674105
2025-07-13,40.32122363737363,0,Squash,40.95360205010816,39.909979434321556,40.13236013488218,40.02116978460187
2025-07-20,40.184049368864635,0,Squash,40.32122363737363,40.07141529056636,39.28991772821683,39.68066650939159
2025-07-27,40.54112498880023,0,Squash,40.184049368864635,40.15814062603528,38.88862753010426,39.52338407806977
2025-08-03,41.39493450149304,0,Squash,40.54112498880023,41.09638138047515,39.40396289945239,40.250172139963766
2025-08-10,43.521812905000715,0,Squash,41.39493450149304,42.28554338625078,40.493584718549315,41.38956405240005
2025-08-17,46.93655587517381,1,Squash,43.521812905000715,46.10319425919516,42.957584072279005,44.530389165737084
2025-08-24,51.6629181457178,0,Squash,46.93655587517381,50.30666697191392,46.5753866859591,48.441026828936515
2025-08-31,57.733778758514795,0,Squash,51.6629181457178,56.42931774158485,49.84875958687228,53.139038664228565
2025-09-07,65.19136978739292,0,Squash,57.733778758514795,63.59280020853586,59.95368747280923,61.77324384067255
2025-09-14,70.2499077709665,0,Squash,65.19136978739292,72.35062351594874,66.42550505751163,69.38806428673018
2025-09-21,72.94458253868646,0,Squash,70.2499077709665,72.94335352601988,71.95773486218354,72.45054419410171
2025-09-28,73.29413965415438,0,Squash,72.94458253868646,75.15135025372544,73.68314065226144,74.41724545299344
2025-10-05,71.30101081904309,0,Squash,73.29413965415438,72.29547096345792,71.34356954764803,71.81952025555297
2025-10-12,70.15475834403233,0,Squash,71.30101081904309,68.98975673422257,69.42996069964306,69.20985871693281
2025-10-19,69.84740829886115,0,Squash,70.15475834403233,70.02771036385809,68.03442371878819,69.03106704132314
2025-10-26,70.37682259625885,0,Squash,69.84740829886115,69.46912091870267,68.23930955351508,68.85421523610887
2025-11-02,71.74668411829421,0,Squash,70.37682259625885,71.42892258785656,68.54730034417602,69.98811146601629
2025-11-09,71.43756985827369,1,Squash,71.74668411829421,73.08780666846309,70.58604173281142,71.83692420063726
2025-11-16,69.44732945612748,0,Squash,71.43756985827369,70.0417539547954,70.15030539198798,70.09602967339168
2025-11-23,65.76211776123205,0,Squash,69.44732945612748,67.42976670112006,68.65002196482499,68.03989433297252
2025-11-30,60.35629851831851,0,Squash,65.76211776123205,61.60679887711773,65.10256280288854,63.35468084000314
2025-12-07,53.19226602830571,0,Squash,60.35629851831851,55.10448750315661,58.93347175135074,57.01897962725367
2025-12-14,48.66368678159792,0,Squash,53.19226602830571,46.03361605976066,53.987445097347916,50.01053057855429
2025-12-21,46.73905761821807,0,Squash,48.66368678159792,46.77010345534232,48.921512871456926,47.845808163399624
2025-12-28,47.40498981355129,1,Squash,46.73905761821807,45.143416201717514,47.86389859302581,46.50365739737166
2026-01-04,50.66611593939122,1,Squash,47.40498981355129,49.50192967057268,48.16049024938045,48.83120995997656
2026-01-11,53.39498534793891,0,Squash,50.66611593939122,54.11883616784077,51.143580078852736,52.63120812334675
2026-01-18,55.61058147855814,0,Squash,53.39498534793891,55.14599285728572,53.935760348987955,54.54087660313684
2026-01-25,57.328317173896714,0,Squash,55.61058147855814,57.720088889672446,55.863883814297274,56.79198635198486
2026-02-01,58.56014189966132,0,Squash,57.328317173896714,58.46275242532081,56.14625848191826,57.304505453619534
2026-02-08,59.49377054444082,0,Squash,58.56014189966132,59.630595293169954,57.150052406863466,58.39032385001671
2026-02-15,60.13569791619889,0,Squash,59.49377054444082,60.160838823042184,57.84991652241476,59.00537767272847
2026-02-22,60.490389596652115,1,Squash,60.13569791619889,60.63717973258402,57.142764404464884,58.88997206852446
2026-03-01,60.560313006186234,1,Squash,60.490389596652115,60.67960153875148,58.483389150332535,59.581495344542006
2026-03-08,60.78618830774521,0,Squash,60.560313006186234,60.53062802214386,58.83245744302248,59.68154273258317
2026-03-15,61.16958680777468,1,Squash,60.78618830774521,61.16524507023039,59.26892131899094,60.217083194610666
2026-03-22,61.7131756262748,1,Squash,61.16958680777468,61.441715165653335,60.10137060313143,60.77154288439238
2026-03-29,62.42073625067867,1,Squash,61.7131756262748,62.38720372982851,60.305103035446855,61.34615338263768
2026-04-05,63.29719084185167,1,Squash,62.42073625067867,63.00934447824054,61.07494336108364,62.042143919662095
2026-04-12,63.42895542864409,1,Squash,63.29719084185167,64.21094462728468,61.820173796830616,63.015559212057646
2026-04-19,62.816946634268376,1,Squash,63.42895542864409,62.99198587161828,61.322579495950606,62.157282683784445
2026-04-26,61.45690700624192,1,Squash,62.816946634268376,62.22940949371108,60.70321048161945,61.46630998766527
2026-05-03,59.339375399326286,1,Squash,61.45690700624192,59.79041057363832,59.69710502240861,59.743757798023466
2026-05-10,57.537041221477736,1,Squash,59.339375399326286,57.286270863070214,58.777052246307335,58.031661554688775
2026-05-17,56.03736649580689,1,Squash,57.537041221477736,56.24734708132936,57.588883780606736,56.918115430968044
2026-05-24,54.829918702482985,1,Squash,56.03736649580689,54.69807957522024,56.09991601981612,55.39899779751818
2026-05-31,53.90629820468291,0,Squash,54.829918702482985,53.90367575956971,54.58286083245258,54.243268296011145
2026-06-07,53.26007981633501,1,Squash,53.90629820468291,53.18329320927454,53.57644699456557,53.379870101920055
2026-06-14,52.86675460123709,1,Squash,53.26007981633501,52.78310049497028,52.823533878081605,52.803317186525945
2026-06-21,52.72358638397976,0,Squash,52.86675460123709,52.57830611785454,52.77698298775843,52.677644552806484
2026-06-28,52.829579211747344,1,Squash,52.72358638397976,52.73293698444555,52.667373612295826,52.70015529837069
2026-07-05,53.185470425950385,0,Squash,52.829579211747344,52.97739344496685,52.67016678301066,52.823780113988754
2026-07-12,53.15401774590862,0,Squash,53.185470425950385,53.60490297730948,52.510296547280646,53.05759976229506
2026-07-19,52.73500237036958,1,Squash,53.15401774590862,52.82578759795051,51.384418665822864,52.105103131886686
2026-07-26,51.92550940976431,0,Squash,52.73500237036958,52.32994963922892,51.35053023864045,51.84023993893469
2024-11-10,128.87936205939224,0,Tomato,113.3162492266516,133.4446193084316,121.29830775173706,127.37146353008433
2024-11-17,139.8168122191264,0,Tomato,128.87936205939224,138.36349286279514,133.49192137793472,135.92770712036491
2024-11-24,146.30757616301327,0,Tomato,139.8168122191264,149.69161988623847,142.69648093174237,146.19405040899042
2024-12-01,148.45786639195296,0,Tomato,146.30757616301327,149.1394951674713,147.71746347685604,148.42847932216367
2024-12-08,151.174658650995,0,Tomato,148.45786639195296,149.83327014980986,147.81076338034484,148.82201676507736
2024-12-15,154.50240954074175,1,Tomato,151.174658650995,154.25906520217785,149.48292302572798,151.87099411395292
2024-12-22,158.49557316666193,0,Tomato,154.50240954074175,157.41911739360577,151.8738416067055,154.64647950015564
2024-12-29,163.21949220627062,0,Tomato,158.49557316666193,162.33603690324665,155.6233683860833,158.979702644665
2025-01-05,168.75146715294318,1,Tomato,163.21949220627062,167.69444425540885,157.9233944508385,162.80891935312366
2025-01-12,168.21005274921794,1,Tomato,168.75146715294318,173.9748281047209,164.82442443024115,169.39962626748104
2025-01-19,161.58638948667038,0,Tomato,168.21005274921794,163.7800654568235,163.60239102512736,163.69122824097542
2025-01-26,148.77209014827696,0,Tomato,161.58638948667038,154.82003106325706,156.96215099561203,155.89109102943456
2025-02-02,129.55746619940942,0,Tomato,148.77209014827696,134.24832769652053,142.94943256313292,138.59888012982674
2025-02-09,115.09160387030558,0,Tomato,129.55746619940942,110.7594021279891,123.20327155829614,116.98133684314263
2025-02-16,105.1377890501255,0,Tomato,115.09160387030558,106.4310397465753,110.2166515540214,108.32384565029835
2025-02-23,99.53314113272071,0,Tomato,105.1377890501255,96.15183603527785,99.06834010221901,97.61008806874844
2025-03-02,98.18594769762478,1,Tomato,99.53314113272071,97.31115771581014,93.28197621954322,95.29656696767668
2025-03-09,95.25982271347294,1,Tomato,98.18594769762478,97.75748356393295,95.62394027040921,96.69071191717109
2025-03-16,90.70688413507,0,Tomato,95.25982271347294,91.09395533744801,90.28842102203618,90.69118817974208
2025-03-23,84.45262933113308,0,Tomato,90.70688413507,86.78618811085248,85.64934944039837,86.21776877562542
2025-03-30,76.394715950325,0,Tomato,84.45262933113308,77.82787283954632,78.48703408577175,78.15745346265903
2025-04-06,66.4012872282325,0,Tomato,76.394715950325,68.8771754436005,70.8511687968521,69.8641721202263
2025-04-13,61.27749155388646,1,Tomato,66.4012872282325,56.6746255171156,63.02220669425118,59.84841610568339
2025-04-20,60.93948499807021,0,Tomato,61.27749155388646,60.15852074625657,64.33415768967443,62.2463392179655
2025-04-27,65.38173654441593,0,Tomato,60.93948499807021,61.359103927716255,66.4471515858998,63.90312775680803
2025-05-04,74.67693758186377,1,Tomato,65.38173654441593,71.58365436692966,67.9596052444434,69.77162980568653
2025-05-11,79.52373672920338,0,Tomato,74.67693758186377,84.41411102889866,80.16114521202124,82.28762812045994
2025-05-18,80.00144524520944,1,Tomato,79.52373672920338,79.99242827186384,86.2262876172649,83.10935794456438
2025-05-25,76.11788017832559,1,Tomato,80.00144524520944,80.48400300771164,83.13837380355905,81.81118840563533
2025-06-01,67.8094922820029,1,Tomato,76.11788017832559,69.92874600015553,74.77256877505106,72.35065738760329
2025-06-08,61.93115876767742,0,Tomato,67.8094922820029,59.69184563773278,67.00817685517643,63.350011246454606
2025-06-15,58.38668872329653,0,Tomato,61.93115876767742,58.69977361857274,64.77699135396587,61.7383824862693
2025-06-22,57.11808172995221,0,Tomato,58.38668872329653,55.3013725695073,63.11304856750429,59.2072105685058
2025-06-29,58.104578764116965,1,Tomato,57.11808172995221,57.32015300109091,61.94832913214337,59.634241066617136
2025-07-06,61.36232250453167,1,Tomato,58.104578764116965,59.40103479280902,62.06898549286147,60.73501014283525
2025-07-13,63.20765462754862,0,Tomato,61.36232250453167,65.48974998179267,63.824588711273,64.65716934653284
2025-07-20,63.67077147699902,0,Tomato,63.20765462754862,62.969205125070594,63.772772463547156,63.37098879430887
2025-07-27,62.75925132860109,0,Tomato,63.67077147699902,64.61781290647187,64.36753582693646,64.49267436670416
2025-08-03,60.45817839810833,0,Tomato,62.75925132860109,60.76491264639582,65.95120331872866,63.358057982562244
2025-08-10,59.81784124132753,0,Tomato,60.45817839810833,58.318391342236296,59.05969643304333,58.68904388763981
2025-08-17,60.82776161387499,1,Tomato,59.81784124132753,60.33822981721339,57.821851918665175,59.08004086793928
2025-08-24,63.5044654854833,0,Tomato,60.82776161387499,62.06823972978565,59.27165206625994,60.669945898022796
2025-08-31,67.89175346496057,0,Tomato,63.5044654854833,66.52388604271809,61.16751995173086,63.84570299722448
2025-09-07,74.06141753742557,0,Tomato,67.89175346496057,72.44785074684684,68.24522969129038,70.3465402190686
2025-09-14,79.4299588938509,0,Tomato,74.06141753742557,80.086635706039,76.1063720757709,78.09650389090496
2025-09-21,84.08522639279624,0,Tomato,79.4299588938509,83.37035015782003,84.55720145900592,83.96377580841298
2025-09-28,88.10339713878977,0,Tomato,84.08522639279624,88.38060127852708,90.91138825421592,89.6459947663715
2025-10-05,91.55022301676595,0,Tomato,88.10339713878977,91.10283774229418,94.01297975368846,92.55790874799132
2025-10-12,93.39632956857032,0,Tomato,91.55022301676595,94.64505243532587,92.40771135094488,93.52638189313538
2025-10-19,93.67192581050504,0,Tomato,93.39632956857032,94.07051178852844,92.48724059933967,93.27887619393405
2025-10-26,92.38152149925634,0,Tomato,93.67192581050504,93.6028771258426,91.89844789855589,92.75066251219924
2025-11-02,89.50400092791291,0,Tomato,92.38152149925634,90.5037807659552,91.89010227332517,91.19694151964018
2025-11-09,86.41596536710914,1,Tomato,89.50400092791291,86.5166801445801,89.05394249747964,87.78531132102987
2025-11-16,83.06688332585006,0,Tomato,86.41596536710914,83.7093536996674,84.88443152979072,84.29689261472906
2025-11-23,79.40195164346052,0,Tomato,83.06688332585006,80.15093414801827,83.54505080011992,81.84799247406909
2025-11-30,75.36119871059235,0,Tomato,79.40195164346052,75.78103748273854,78.75798914098097,77.26951331185975
2025-12-07,70.87850311561675,0,Tomato,75.36119871059235,71.88154749714086,74.0787810556012,72.98016427637103
2025-12-14,70.53011817408265,0,Tomato,70.87850311561675,66.55375051549554,70.72076474293323,68.63725762921439
2025-12-21,74.31034304149219,0,Tomato,70.53011817408265,72.90930634960021,70.84541080070198,71.8773585751511
2025-12-28,82.28103594294848,1,Tomato,74.31034304149219,78.34200989895248,76.03092123515674,77.18646556705461
2026-01-04,94.57262639865712,1,Tomato,82.28103594294848,91.4310809655453,87.03639130107226,89.23373613330878
2026-01-11,103.29445942431336,0,Tomato,94.57262639865712,106.62196493300493,103.7325718866332,105.17726840981906
2026-01-18,108.5892559239733,0,Tomato,103.29445942431336,108.15919538500991,109.18925055056458,108.67422296778724
2026-01-25,110.54365802217688,0,Tomato,108.5892559239733,113.06050012936429,112.50022685025809,112.78036348981118
2026-02-01,109.18964684416746,0,Tomato,110.54365802217688,110.47564087260227,113.54622531343665,112.01093309301946
2026-02-08,106.959919545988,0,Tomato,109.18964684416746,107.22083884333189,108.93637773801778,108.07860829067484
2026-02-15,103.81798968094104,0,Tomato,106.959919545988,104.96708390374525,104.39454302583114,104.6808134647882
2026-02-22,99.71244385123484,1,Tomato,103.81798968094104,100.45805927138622,99.82391438263171,100.14098682700896
2026-03-01,94.57610039783792,1,Tomato,99.71244385123484,95.97274351552618,95.07951166510813,95.52612759031715
2026-03-08,91.70083098646025,0,Tomato,94.57610039783792,89.29944939277617,89.1410112865098,89.22023033964298
2026-03-15,91.03958575400657,1,Tomato,91.70083098646025,91.1668221781765,87.97753124471525,89.57217671144588
2026-03-22,92.58154432394582,1,Tomato,91.03958575400657,90.05706581534598,88.70136921080893,89.37921751307746
2026-03-29,96.35193874560429,1,Tomato,92.58154432394582,95.97361848750822,88.19442455389577,92.084021520702
2026-04-05,102.41246638224544,1,Tomato,96.35193874560429,99.57048834903404,92.59395196162296,96.0822201553285
2026-04-12,105.05558667801571,1,Tomato,102.41246638224544,109.2642553337673,99.56363687441768,104.41394610409249
2026-04-19,104.32455069230048,1,Tomato,105.05558667801571,104.24360550705212,103.32774899624539,103.78567725164876
2026-04-26,100.20739601806068,1,Tomato,104.32455069230048,104.0859628400414,103.40913004086462,103.74754644045302
2026-05-03,92.6367510333543,1,Tomato,100.20739601806068,94.00338578460757,96.58661721900367,95.29500150180561
2026-05-10,86.46910772317482,1,Tomato,92.6367510333543,85.4689769772317,88.72032032160809,87.0946486494199
2026-05-17,81.60354101517385,1,Tomato,86.46910772317482,82.19830682889273,82.45226392739845,82.3252853781456
2026-05-24,77.96043254503866,1,Tomato,81.60354101517385,77.41463751806515,79.05712807038014,78.23588279422265
2026-05-31,75.48016781053067,0,Tomato,77.96043254503866,75.20367610858915,78.38335861334463,76.79351736096689
2026-06-07,74.12216066144885,1,Tomato,75.48016781053067,73.75945379671607,76.56590015134336,75.16267697402972
2026-06-14,77.17778883939965,1,Tomato,74.12216066144885,73.34329871188213,77.40478323720873,75.37404097454544
2026-06-21,84.69705353274955,0,Tomato,77.17778883939965,82.0624608769277,82.98021565443261,82.52133826568016
2026-06-28,96.80299725466244,1,Tomato,84.69705353274955,92.78349525209963,93.95162067905082,93.36755796557523
2026-07-05,113.69371726604231,0,Tomato,96.80299725466244,109.28675989092864,107.64317383699887,108.46496686396375
2026-07-12,124.85824338737616,0,Tomato,113.69371726604231,130.29176481940797,120.55100181194075,125.42138331567436
2026-07-19,130.47926786428576,1,Tomato,124.85824338737616,130.17205978358857,129.1657470876325,129.66890343561053
2026-07-26,130.64877109730236,0,Tomato,130.47926786428576,135.2582884974411,133.56267383581286,134.410481166627
2024-11-10,58.412273323997525,0,Upo,59.43913656262383,57.80231414859018,58.369849858560414,58.0860820035753
2024-11-17,57.98661187443464,0,Upo,58.412273323997525,58.021176502056235,57.61191878364947,57.81654764285285
2024-11-24,58.16197847456765,0,Upo,57.98661187443464,57.61813049070033,57.65138834867208,57.634759419686205
2024-12-01,58.93844470260082,0,Upo,58.16197847456765,58.6782923305669,58.01669859022927,58.34749546039808
2024-12-08,59.63436342498575,0,Upo,58.93844470260082,59.72093051936156,59.129692404245716,59.42531146180364
2024-12-15,60.25001869018031,1,Upo,59.63436342498575,60.12269793129611,59.86301958283697,59.99285875706654
2024-12-22,60.785661786048266,0,Upo,60.25001869018031,60.81874531758766,60.315007690739165,60.56687650416342
2024-12-29,61.24151134242429,0,Upo,60.785661786048266,61.206965400810205,59.983029990641924,60.594997695726065
2025-01-05,61.61775342035192,1,Upo,61.24151134242429,61.604392716291414,59.53655040015592,60.570471558223666
2025-01-12,61.72113890848563,1,Upo,61.61775342035192,61.924112030339714,60.11249342965978,61.018302729999746
2025-01-19,61.55171000498386,0,Upo,61.72113890848563,61.68405819022951,60.533191039184786,61.108624614707146
2025-01-26,61.1093975551922,0,Upo,61.55171000498386,61.31647027305503,60.59374022024723,60.95510524665113
2025-02-02,60.394021023416855,0,Upo,61.1093975551922,60.61147387351914,60.29141309340784,60.45144348346349
2025-02-09,59.9503414763883,0,Upo,60.394021023416855,59.69620770515571,59.42958252539668,59.56289511527619
2025-02-16,59.778177820413944,0,Upo,59.9503414763883,59.76164337263626,58.60331667799505,59.182480025315655
2025-02-23,59.87745978461378,0,Upo,59.778177820413944,59.658207586741604,58.1641167032417,58.91116214499165
2025-03-02,60.2482278922386,1,Upo,59.87745978461378,60.10747218989409,58.05737938510053,59.082425787497314
2025-03-09,60.164136406784664,1,Upo,60.2482278922386,60.62590239209129,58.818128524143205,59.72201545811725
2025-03-16,59.62515100519676,0,Upo,60.164136406784664,59.79033695865376,58.9892423123175,59.38978963548563
2025-03-23,58.6310516934331,0,Upo,59.62515100519676,59.09717201799283,58.79477426092644,58.94597313945964
2025-03-30,57.18143271667305,0,Upo,58.6310516934331,57.523157176197884,58.57076202365118,58.046959599924534
2025-04-06,55.27570239370112,0,Upo,57.18143271667305,55.803492776081264,57.36576890212837,56.58463083910482
2025-04-13,54.071346514061666,1,Upo,55.27570239370112,53.41570527058415,54.75894287889246,54.087324074738305
2025-04-20,53.56787350392585,0,Upo,54.071346514061666,53.57205931676911,52.990515343979574,53.28128733037434
2025-04-27,53.765077864106175,0,Upo,53.56787350392585,53.156859681115435,52.37859370923286,52.76772669517415
2025-05-04,54.663040086178114,1,Upo,53.765077864106175,54.34081477864134,52.46871331828403,53.40476404846268
2025-05-11,55.65680220879439,0,Upo,54.663040086178114,55.57612679146556,53.22740058556013,54.401763688512844
2025-05-18,56.74676984914805,1,Upo,55.65680220879439,56.51334586176846,54.92165807045821,55.71750196611333
2025-05-25,57.93338789199003,1,Upo,56.74676984914805,57.74806572728706,56.555066708412426,57.15156621784975
2025-06-01,59.21714067121559,1,Upo,57.93338789199003,59.00553642578461,58.57354881022581,58.789542618005214
2025-06-08,59.8471190447971,0,Upo,59.21714067121559,60.36801392444015,60.49280130525642,60.430407614848285
2025-06-15,59.82358014676469,0,Upo,59.8471190447971,59.99979576945214,61.12172670318333,60.56076123631773
2025-06-22,59.14651436940474,0,Upo,59.82358014676469,59.689426211557816,60.50339806172746,60.09641213664264
2025-06-29,57.815645359338944,1,Upo,59.14651436940474,58.24050149981354,59.073106980181166,58.656804239997356
2025-07-06,55.830429904726294,1,Upo,57.815645359338944,56.48588793103222,58.047329075516885,57.266608503274554
2025-07-13,54.37244783358691,0,Upo,55.830429904726294,53.79651593307655,56.474969141748694,55.135742537412625
2025-07-20,53.44110405119805,0,Upo,54.37244783358691,53.635983886401846,55.0809395165932,54.35846170149752
2025-07-27,53.03601841724016,0,Upo,53.44110405119805,52.56065582112361,53.40777955251484,52.98421768681922
2025-08-03,53.15702559063831,0,Upo,53.03601841724016,53.03684492187066,53.15380430317022,53.09532461252044
2025-08-10,53.8854753752478,0,Upo,53.15702559063831,53.338743644805284,53.37600047896305,53.35737206188416
2025-08-17,55.221665097511234,1,Upo,53.8854753752478,54.82570384373476,54.164923705650175,54.49531377469246
2025-08-24,57.16614014098889,0,Upo,55.221665097511234,56.53977114456501,55.26510399777335,55.90243757116918
2025-08-31,59.71969416896374,0,Upo,57.16614014098889,59.13582671306493,57.48582789490467,58.3108273039848
2025-09-07,62.88336944838599,0,Upo,59.71969416896374,62.130714323590325,60.40974065820248,61.2702274908964
2025-09-14,64.82714480278533,0,Upo,62.88336944838599,65.88504576373639,63.54118091126517,64.71311333750077
2025-09-21,65.55181360985758,0,Upo,64.82714480278533,65.64655169835723,64.83633852680664,65.24144511258194
2025-09-28,65.05767165278935,0,Upo,65.55181360985758,66.0605001987978,65.35470259930612,65.70760139905195
2025-10-05,63.344517240985695,0,Upo,65.05767165278935,63.9922474287005,64.89681448196912,64.44453095533481
2025-10-12,61.989710481047965,0,Upo,63.344517240985695,61.547707204518005,62.83389205740339,62.1907996309607
2025-10-19,60.99269839062514,0,Upo,61.989710481047965,61.22186935343027,61.0463620733026,61.13411571336644
2025-10-26,60.353074026006865,0,Upo,60.99269839062514,60.05057563601792,60.16347696318449,60.1070262996012
2025-11-02,60.07057631602386,0,Upo,60.353074026006865,60.050365488907836,59.803064119714904,59.92671480431137
2025-11-09,59.49439575174698,1,Upo,60.07057631602386,59.86377010895267,59.35568237891296,59.60972624393281
2025-11-16,58.624297157435635,0,Upo,59.49439575174698,58.81097889601359,58.64494301775345,58.72796095688352
2025-11-23,57.45992539080642,0,Upo,58.624297157435635,57.76614820229762,57.89642448773883,57.83128634501823
2025-11-30,56.00080519807712,0,Upo,57.45992539080642,56.36247915957622,57.236549027290565,56.79951409343339
2025-12-07,54.246341019985394,0,Upo,56.00080519807712,54.60157000712754,55.61583730471507,55.1087036559213
2025-12-14,54.17796414305532,0,Upo,54.246341019985394,52.61610550139471,54.06135790061684,53.33873170100578
2025-12-21,55.79564665835749,0,Upo,54.17796414305532,55.18778673437093,54.12986430485809,54.65882551961451
2025-12-28,59.10004884446961,1,Upo,55.79564665835749,57.47197797952362,56.05131032150637,56.761644150515
2026-01-04,64.0925194369779,1,Upo,59.10004884446961,62.80983756063167,60.31369394506318,61.56176575284742
2026-01-11,67.3199131673699,0,Upo,64.0925194369779,68.9050642812374,65.42592564692357,67.1654949640805
2026-01-18,68.78354733920891,0,Upo,67.3199131673699,68.80426412909061,68.28370090187842,68.54398251548452
2026-01-25,68.48401935419791,0,Upo,68.78354733920891,69.93284019472286,68.47121596074898,69.20202807773592
2026-02-01,66.42120695601638,0,Upo,68.48401935419791,67.25306934742456,67.83070673069709,67.54188803906082
2026-02-08,64.99586413007673,0,Upo,66.42120695601638,64.22824483860535,65.83512610684569,65.03168547272551
2026-02-15,64.2074091037971,0,Upo,64.99586413007673,64.39237193470541,64.29808775287565,64.34522984379052
2026-02-22,64.05552005879942,1,Upo,64.2074091037971,63.462947932861475,63.66211881248775,63.56253337267461
2026-03-01,64.54013499955492,1,Upo,64.05552005879942,64.31309870946876,62.675653339553506,63.49437602451113
2026-03-08,64.97977961460789,0,Upo,64.54013499955492,65.11484162758202,63.00821122865038,64.0615264281162
2026-03-15,65.37463335073981,1,Upo,64.97977961460789,65.22092181929902,63.49268032471379,64.3568010720064
2026-03-22,65.72485737274107,1,Upo,65.37463335073981,65.82932959774959,64.44069323814902,65.1350114179493
2026-03-29,66.03059462919201,1,Upo,65.72485737274107,65.87738701059723,64.59048740337309,65.23393720698516
2026-04-05,66.29196991080954,1,Upo,66.03059462919201,66.38426058617684,65.94472240372862,66.16449149495273
2026-04-12,66.41171339460365,1,Upo,66.29196991080954,66.4352882459616,65.38715578670218,65.91122201633189
2026-04-19,66.38987395546576,1,Upo,66.41171339460365,66.50041659144861,64.89638915964119,65.6984028755449
2026-04-26,66.2264426793389,1,Upo,66.38987395546576,66.26002201162764,64.8732366301789,65.56662932090327
2026-05-03,65.92135285957978,1,Upo,66.2264426793389,66.09807942420795,64.84608231442496,65.47208086931646
2026-05-10,65.89344434526852,1,Upo,65.92135285957978,65.56755215706393,64.5183426104419,65.04294738375292
2026-05-17,66.14270574517461,1,Upo,65.89344434526852,66.0925588159623,65.085413799557,65.58898630775965
2026-05-24,66.66923879864501,1,Upo,66.14270574517461,66.36909468630938,65.75009430117818,66.05959449374379
2026-05-31,67.47325841713013,0,Upo,66.66923879864501,67.2938485605979,66.31853850963401,66.80619353511595
2026-06-07,68.55509277190272,1,Upo,67.47325841713013,68.2411118048098,66.71010355281891,67.47560767881436
2026-06-14,69.33364287083859,1,Upo,68.55509277190272,69.59873627803411,67.55207713450496,68.57540670626953
2026-06-21,69.80922648948834,0,Upo,69.33364287083859,69.78969364757681,69.02563011711354,69.40766188234517
2026-06-28,69.98203774361458,1,Upo,69.80922648948834,70.17775023577684,69.82730757897005,70.00252890737345
2026-07-05,69.85214716842312,0,Upo,69.98203774361458,69.99305258052125,69.8700610530242,69.93155681677273
2026-07-12,69.62738181345807,0,Upo,69.85214716842312,69.65538794825183,69.05109710147518,69.3532425248635
2026-07-19,69.3076499377582,1,Upo,69.62738181345807,69.44253125958447,68.71472252600537,69.07862689279492
2026-07-26,68.89282103851707,0,Upo,69.3076499377582,68.95651436832303,67.93300327409243,68.44475882120773
