week_end,y,I_shock_t,commodity,naive,sarimax,xgb,blend
2024-11-10,107.65133459034249,0,Ampalaya,106.71570110479313,107.54228748474992,106.19283497491794,106.86756122983394
2024-11-17,106.23427340372577,0,Ampalaya,107.65133459034249,107.58701674408238,107.35233417811676,107.46967546109957
2024-11-24,105.71869082844933,0,Ampalaya,106.23427340372577,105.5783653712903,105.67222657784,105.62529597456515
2024-12-01,104.54690048040166,0,Ampalaya,105.71869082844933,104.99146622448173,105.55712176955421,105.27429399701796
2024-12-08,103.73997853767489,0,Ampalaya,104.54690048040166,103.85356983377854,104.76511700392976,104.30934341885416
2024-12-15,103.16291103498466,1,Ampalaya,103.73997853767489,103.60444968481018,104.87346635830019,104.23895802155519
2024-12-22,106.83799848274002,0,Ampalaya,103.16291103498466,102.81215590450974,103.58184338347442,103.19699964399209
2024-12-29,110.06221165112822,0,Ampalaya,106.83799848274002,109.06178585352579,106.98414768592129,108.02296676972354
2025-01-05,114.66659408827394,1,Ampalaya,110.06221165112822,114.08538744379149,110.68258227757781,112.38398486068465
2025-01-12,119.07637454746302,1,Ampalaya,114.66659408827394,117.70974027241621,116.00911051054567,116.85942539148094
2025-01-19,118.90081471424236,0,Ampalaya,119.07637454746302,120.72083617344964,119.64677931545313,120.18380774445139
2025-01-26,113.35621633608156,0,Ampalaya,118.90081471424236,118.74943915625869,119.75882697324886,119.25413306475377
2025-02-02,107.12054230063292,0,Ampalaya,113.35621633608156,108.97081445600502,114.43031551916414,111.70056498758458
2025-02-09,102.11898439007678,0,Ampalaya,107.12054230063292,101.56820819906339,108.0374633797917,104.80283578942755
2025-02-16,99.75305209055556,0,Ampalaya,102.11898439007678,99.87198640347496,101.89029665666499,100.88114153006998
2025-02-23,100.6874214488656,0,Ampalaya,99.75305209055556,98.05496931630445,100.30888084068907,99.18192507849676
2025-03-02,102.0370635406232,1,Ampalaya,100.6874214488656,101.87537598850018,101.27146423641749,101.57342011245883
2025-03-09,102.92436429894325,1,Ampalaya,102.0370635406232,103.63345484280279,102.36731064479113,103.00038274379696
2025-03-16,105.31697191698112,0,Ampalaya,102.92436429894325,103.20518325413438,106.09302851593849,104.64910588503643
2025-03-23,105.86349991621016,0,Ampalaya,105.31697191698112,106.54942326648306,105.74018197161712,106.1448026190501
2025-03-30,105.1081001985917,0,Ampalaya,105.86349991621016,106.49667422706601,105.644426814332,106.070550520699
2025-04-06,103.62727847646262,0,Ampalaya,105.1081001985917,104.48610595887814,104.91360031851625,104.6998531386972
2025-04-13,103.65275888150958,1,Ampalaya,103.62727847646262,102.11229812816154,102.58895066331412,102.35062439573784
2025-04-20,102.81419882683817,0,Ampalaya,103.65275888150958,103.9138148073436,103.27898873394756,103.59640177064557
2025-04-27,102.5857638255414,0,Ampalaya,102.81419882683817,102.22332942411265,102.28933474927011,102.25633208669137
2025-05-04,100.91633640376467,1,Ampalaya,102.5857638255414,102.30118746371339,101.78579480803576,102.04349113587458
2025-05-11,101.91798001027746,0,Ampalaya,100.91633640376467,100.28193901193231,100.52098499385257,100.40146200289243
2025-05-18,101.57557276419844,1,Ampalaya,101.91798001027746,101.97944593515236,99.86565404630346,100.9225499907279
2025-05-25,102.91011085433377,1,Ampalaya,101.57557276419844,102.46577243323468,101.99186716012206,102.22881979667837
2025-06-01,104.35297856238282,1,Ampalaya,102.91011085433377,103.30451370046455,102.98012708944691,103.14232039495573
2025-06-08,106.7521706785682,0,Ampalaya,104.35297856238282,105.99018192559859,104.10588083174622,105.0480313786724
2025-06-15,109.7024575270951,0,Ampalaya,106.7521706785682,107.78279484385628,106.22237509150537,107.00258496768083
2025-06-22,112.18869764994506,0,Ampalaya,109.7024575270951,111.77907731760267,109.25427968280914,110.5166785002059
2025-06-29,116.6036955772079,1,Ampalaya,112.18869764994506,114.22986659885127,110.65806336592559,112.44396498238842
2025-07-06,117.17678686398769,1,Ampalaya,116.6036955772079,119.48862652337799,114.11388964039455,116.80125808188626
2025-07-13,119.94635145190983,0,Ampalaya,117.17678686398769,118.27001662096237,115.24493118542934,116.75747390319586
2025-07-20,121.10753440206456,0,Ampalaya,119.94635145190983,120.64676629329628,117.01688472751408,118.83182551040518
2025-07-27,120.76932721072151,0,Ampalaya,121.10753440206456,122.805977369969,119.21573972051549,121.01085854524224
2025-08-03,120.47821155645774,0,Ampalaya,120.76932721072151,119.88490530097233,118.60273771220162,119.24382150658698
2025-08-10,119.53759724713495,0,Ampalaya,120.47821155645774,120.36203421779672,118.31197682478354,119.33700552129014
2025-08-17,116.77986625880368,1,Ampalaya,119.53759724713495,119.06342811893994,118.67859269000223,118.8710104044711
2025-08-24,114.38585922898456,0,Ampalaya,116.77986625880368,114.37280608216871,115.01665822714932,114.69473215465902
2025-08-31,112.16846557187846,0,Ampalaya,114.38585922898456,112.40441878756626,113.48352465809985,112.94397172283306
2025-09-07,108.45174608177322,0,Ampalaya,112.16846557187846,110.31117798954544,110.37535055208018,110.34326427081281
2025-09-14,106.84249832100724,0,Ampalaya,108.45174608177322,106.18055497438877,108.5662903988995,107.37342268664413
2025-09-21,106.21320389106128,0,Ampalaya,106.84249832100724,105.91503271563177,106.84198062696052,106.37850667129615
2025-09-28,106.81255182149776,0,Ampalaya,106.21320389106128,105.67949453679009,103.65289829566333,104.66619641622671
2025-10-05,108.25346516562767,0,Ampalaya,106.81255182149776,107.5316029918918,104.45298966291317,105.99229632740249
2025-10-12,108.17557372276522,0,Ampalaya,108.25346516562767,110.01969365803305,107.39229111863442,108.70599238833373
2025-10-19,105.79528884498514,0,Ampalaya,108.17557372276522,107.09018519701627,107.39579965297915,107.24299242499771
2025-10-26,101.0956720581773,0,Ampalaya,105.79528884498514,103.9369084696234,105.4629822513286,104.699945360476
2025-11-02,94.61871222077453,0,Ampalaya,101.0956720581773,97.41117976622948,100.63003842742474,99.02060909682712
2025-11-09,95.43177710130966,1,Ampalaya,94.61871222077453,89.28993576388143,93.43810454426848,91.36402015407495
2025-11-16,93.6806352786353,0,Ampalaya,95.43177710130966,96.61996936333396,93.80519424036301,95.21258180184849
2025-11-23,98.0710858627501,0,Ampalaya,93.6806352786353,94.86179818764596,93.3986353031924,94.13021674541918
2025-11-30,105.69779003954828,0,Ampalaya,98.0710858627501,100.01311194591194,98.63859253370194,99.32585223980695
2025-12-07,115.20025763490044,0,Ampalaya,105.69779003954828,112.35396241777282,105.7032464294076,109.02860442359021
2025-12-14,122.26066032827045,0,Ampalaya,115.20025763490044,122.58630607281286,114.80805823781334,118.6971821553131
2025-12-21,124.54500847074488,0,Ampalaya,122.26066032827045,125.96066650902114,121.70678708732272,123.83372679817194
2025-12-28,123.31407320094029,1,Ampalaya,124.54500847074488,126.50368034879996,123.81548874589899,125.15958454734948
2026-01-04,119.20390560294771,1,Ampalaya,123.31407320094029,121.44128426079224,124.20691781830708,122.82410103954966
2026-01-11,116.97588646800688,0,Ampalaya,119.20390560294771,115.71935389786216,120.79724445010805,118.25829917398511
2026-01-18,116.12014339116324,0,Ampalaya,116.97588646800688,114.86085107088287,116.62611121328047,115.74348114208166
2026-01-25,114.3800645656532,0,Ampalaya,116.12014339116324,115.52856091959677,115.40173921731223,115.4651500684545
2026-02-01,112.31690586026689,0,Ampalaya,114.3800645656532,113.8910034768664,114.15007931363046,114.02054139524843
2026-02-08,110.55740956970143,0,Ampalaya,112.31690586026689,110.6908290860375,111.58964598592301,111.14023753598025
2026-02-15,109.74105328387648,0,Ampalaya,110.55740956970143,109.28254160281885,109.52971307941365,109.40612734111625
2026-02-22,105.3846312978174,1,Ampalaya,109.74105328387648,109.26587846130806,108.11977630919844,108.69282738525325
2026-03-01,107.1480379137988,1,Ampalaya,105.3846312978174,103.27020634799857,106.2143068530466,104.74225660052258
2026-03-08,106.17922044290871,0,Ampalaya,107.1480379137988,106.76473060053638,106.94082582330655,106.85277821192147
2026-03-15,111.69098534398418,1,Ampalaya,106.17922044290871,105.8967215312512,105.81107914938302,105.85390034031711
2026-03-22,112.42967813491792,1,Ampalaya,111.69098534398418,114.70954339261071,111.34263201766353,113.02608770513712
2026-03-29,109.65207784545858,1,Ampalaya,112.42967813491792,115.1915409302431,109.42901843070955,112.31027968047633
2026-04-05,102.67350588096608,1,Ampalaya,109.65207784545858,105.61361020143177,106.26712100875814,105.94036560509495
2026-04-12,105.3360142947164,1,Ampalaya,102.67350588096608,97.41097635621917,100.44529638542164,98.9281363708204
2026-04-19,94.77138276647035,1,Ampalaya,105.3360142947164,109.31452247453167,103.21208956250815,106.26330601851991
2026-04-26,93.21909770270342,1,Ampalaya,94.77138276647035,85.4002163333367,91.91357203076784,88.65689418205227
2026-05-03,104.63826845132606,1,Ampalaya,93.21909770270342,94.17808989489313,91.469696967802,92.82389343134756
2026-05-10,115.96473227674348,1,Ampalaya,104.63826845132606,115.44750726250795,105.35957352363364,110.4035403930708
2026-05-17,121.71825286201371,1,Ampalaya,115.96473227674348,122.90373313965462,117.08959935838563,119.99666624902012
2026-05-24,125.54709996007172,1,Ampalaya,121.71825286201371,124.54769939432144,122.19138231328859,123.369540853805
2026-05-31,129.2316458894791,0,Ampalaya,125.54709996007172,128.4103430097324,125.93498097084252,127.17266199028745
2026-06-07,123.8943249670079,1,Ampalaya,129.2316458894791,130.12914156738196,127.12532979984897,128.62723568361548
2026-06-14,123.70842902839593,1,Ampalaya,123.8943249670079,120.03331926142477,121.34793777142075,120.69062851642275
2026-06-21,121.34998098676992,0,Ampalaya,123.70842902839593,123.84279361323823,119.95649044692925,121.89964203008374
2026-06-28,118.72726506704264,1,Ampalaya,121.34998098676992,120.01928721048701,118.58258024519277,119.30093372783989
2026-07-05,117.36776590015144,0,Ampalaya,118.72726506704264,116.2404152205892,116.94859845155649,116.59450683607284
2026-07-12,118.88997627014336,0,Ampalaya,117.36776590015144,117.15839222990779,115.52405893470497,116.34122558230638
2026-07-19,119.95330304046368,1,Ampalaya,118.88997627014336,119.35422013209063,117.34528697246728,118.34975355227895
2026-07-26,119.78895473211765,0,Ampalaya,119.95330304046368,121.33625816736574,117.97039693732953,119.65332755234763
2024-11-10,96.73440770370055,0,Cabbage,94.42600871585844,96.38932836525738,97.27388955615996,96.83160896070868
2024-11-17,95.77446383098356,0,Cabbage,96.73440770370055,95.31197370682901,96.47106502515365,95.89151936599133
2024-11-24,89.38511969032072,0,Cabbage,95.77446383098356,96.26788880694662,92.33813065150969,94.30300972922815
2024-12-01,87.64045237406707,0,Cabbage,89.38511969032072,88.97575864086994,88.92062400164389,88.94819132125691
2024-12-08,83.81475030776264,0,Cabbage,87.64045237406707,86.04054430701508,86.7436908970735,86.3921176020443
2024-12-15,86.80086326418626,1,Cabbage,83.81475030776264,84.69627197199497,88.53829204436542,86.6172820081802
2024-12-22,92.43632030404312,0,Cabbage,86.80086326418626,87.21252924633947,88.4787455779146,87.84563741212703
2024-12-29,90.55761391604332,0,Cabbage,92.43632030404312,93.40426533585143,90.10578417695267,91.75502475640205
2025-01-05,95.165613951607,1,Cabbage,90.55761391604332,93.51228724950471,90.44521544808535,91.97875134879503
2025-01-12,103.0572860993384,1,Cabbage,95.165613951607,98.80506469694289,104.4566648625567,101.6308647797498
2025-01-19,108.038847893987,0,Cabbage,103.0572860993384,101.4359940707133,102.91184672787176,102.17392039929254
2025-01-26,102.05825190062272,0,Cabbage,108.038847893987,107.80349649391214,109.09237930229693,108.44793789810453
2025-02-02,97.56234632460824,0,Cabbage,102.05825190062272,101.87186859347148,103.1445649098848,102.50821675167813
2025-02-09,94.7415334671183,0,Cabbage,97.56234632460824,96.477252805826,100.39191423384896,98.43458351983747
2025-02-16,90.07970140042488,0,Cabbage,94.7415334671183,92.82782565891664,96.51831288034157,94.67306926962911
2025-02-23,87.61641879460122,0,Cabbage,90.07970140042488,89.38378395233407,89.95140386285965,89.66759390759685
2025-03-02,84.97311917706887,1,Cabbage,87.61641879460122,85.2414641888552,86.34769411465432,85.79457915175476
2025-03-09,77.36807067231474,1,Cabbage,84.97311917706887,83.84457971132255,83.88123241826455,83.86290606479355
2025-03-16,78.97761515612427,0,Cabbage,77.36807067231474,77.74193197244672,81.27229482964812,79.50711340104742
2025-03-23,77.9493704356058,0,Cabbage,78.97761515612427,77.03651784051338,78.86567740971867,77.95109762511603
2025-03-30,74.08182464567588,0,Cabbage,77.9493704356058,77.23794062121146,77.07505910767154,77.1564998644415
2025-04-06,77.12402429318693,0,Cabbage,74.08182464567588,74.64583075859014,77.85135780302451,76.24859428080732
2025-04-13,73.4151798650609,1,Cabbage,77.12402429318693,76.56445008884126,79.36935772633818,77.96690390758971
2025-04-20,78.92457597497932,0,Cabbage,73.4151798650609,74.13659109526259,76.68720545023547,75.41189827274903
2025-04-27,76.53621989188832,0,Cabbage,78.92457597497932,77.42035088707782,81.06724422220222,79.24379755464003
2025-05-04,76.54671378637885,1,Cabbage,76.53621989188832,77.70579986712404,75.65456449685735,76.68018218199069
2025-05-11,77.18925055756462,0,Cabbage,76.54671378637885,76.61911028214925,76.51449358667467,76.56680193441196
2025-05-18,75.83253178673621,1,Cabbage,77.18925055756462,78.25177254883444,76.62546583905113,77.43861919394278
2025-05-25,75.43150391229436,1,Cabbage,75.83253178673621,76.39108906033147,79.47642526703711,77.93375716368429
2025-06-01,76.78619017163078,1,Cabbage,75.43150391229436,77.44934533114058,78.51489390977666,77.98211962045862
2025-06-08,83.53299420068551,0,Cabbage,76.78619017163078,77.10926028215975,82.71686234036247,79.91306131126112
2025-06-15,91.86825928379734,0,Cabbage,83.53299420068551,84.47091374198214,87.63290636728097,86.05191005463155
2025-06-22,95.99416517676524,0,Cabbage,91.86825928379734,91.27605134330125,92.19323718835552,91.7346442658284
2025-06-29,101.81839123219508,1,Cabbage,95.99416517676524,98.20952025995729,97.18010210456065,97.69481118225897
2025-07-06,109.25114093435616,1,Cabbage,101.81839123219508,102.24886456079885,101.05997177809734,101.65441816944809
2025-07-13,115.35089041906532,0,Cabbage,109.25114093435616,112.1063303920046,110.47571609629006,111.29102324414733
2025-07-20,120.53885349903688,0,Cabbage,115.35089041906532,116.38671137099463,111.42508818823036,113.9058997796125
2025-07-27,126.53911509249023,0,Cabbage,120.53885349903688,122.45619155451617,118.79726633701905,120.62672894576761
2025-08-03,128.47330389164765,0,Cabbage,126.53911509249023,127.66088592622835,125.84688129160217,126.75388360891526
2025-08-10,127.06024860149051,0,Cabbage,128.47330389164765,131.059925619605,128.08117283128578,129.5705492254454
2025-08-17,131.06905331249666,1,Cabbage,127.06024860149051,127.71323775678565,127.07936868188705,127.39630321933635
2025-08-24,127.97089391004216,0,Cabbage,131.06905331249666,131.24337008217788,128.92690410252047,130.08513709234916
2025-08-31,130.02650006931597,0,Cabbage,127.97089391004216,127.60460321389257,127.56213842879903,127.5833708213458
2025-09-07,119.69385557238829,0,Cabbage,130.02650006931597,127.70472915540249,125.87930043857867,126.79201479699057
2025-09-14,115.5005545186384,0,Cabbage,119.69385557238829,118.69579239821302,115.71989445750486,117.20784342785893
2025-09-21,117.06800588273131,0,Cabbage,115.5005545186384,114.5327210659405,118.28296084874704,116.40784095734378
2025-09-28,114.73758404342932,0,Cabbage,117.06800588273131,114.4409251349154,115.37320836686217,114.90706675088879
2025-10-05,108.98540841389158,0,Cabbage,114.73758404342932,114.72066195709832,109.68466227142615,112.20266211426224
2025-10-12,109.80236469514938,0,Cabbage,108.98540841389158,108.92963343459519,108.32246445465543,108.62604894462531
2025-10-19,109.426150014699,0,Cabbage,109.80236469514938,109.81241359021014,106.366486656743,108.08945012347658
2025-10-26,108.46607690329662,0,Cabbage,109.426150014699,109.354165990356,107.2688276079302,108.3114967991431
2025-11-02,112.67750607494202,0,Cabbage,108.46607690329662,109.95951578782761,106.87837951655499,108.41894765219129
2025-11-09,114.94016142493632,1,Cabbage,112.67750607494202,112.66434111633899,109.07754908565369,110.87094510099634
2025-11-16,110.55462775740128,0,Cabbage,114.94016142493632,114.72446378519317,109.95919247275737,112.34182812897527
2025-11-23,112.83539818962134,0,Cabbage,110.55462775740128,111.90803798705164,111.4234509280632,111.66574445755742
2025-11-30,120.24230650634136,0,Cabbage,112.83539818962134,113.93901137151482,109.23569082458533,111.58735109805008
2025-12-07,122.81257983159122,0,Cabbage,120.24230650634136,118.75231521381447,115.17227486342755,116.96229503862101
2025-12-14,124.3097253156522,0,Cabbage,122.81257983159122,124.44902844433456,119.02869292210636,121.73886068322045
2025-12-21,119.1545152942694,0,Cabbage,124.3097253156522,123.95762220357581,119.3988423658231,121.67823228469945
2025-12-28,116.4031794944593,1,Cabbage,119.1545152942694,121.49918015317087,120.22416332168945,120.86167173743016
2026-01-04,112.61686886625937,1,Cabbage,116.4031794944593,116.60362330649569,122.88285812528815,119.74324071589191
2026-01-11,121.19990733719877,0,Cabbage,112.61686886625937,113.90432989609485,117.92148197966269,115.91290593787878
2026-01-18,120.96384317529186,0,Cabbage,121.19990733719877,117.04453190511437,117.52533248520902,117.2849321951617
2026-01-25,115.21938051641423,0,Cabbage,120.96384317529186,119.48767971237625,113.46446115624889,116.47607043431256
2026-02-01,107.78608714373628,0,Cabbage,115.21938051641423,112.2432445061526,109.34535374105413,110.79429912360337
2026-02-08,103.9309895242976,0,Cabbage,107.78608714373628,106.5130258552224,105.26253496439973,105.88778040981106
2026-02-15,100.81214211982912,0,Cabbage,103.9309895242976,102.98438419236084,101.26956512587536,102.1269746591181
2026-02-22,95.15078132489242,1,Cabbage,100.81214211982912,101.18779501993811,98.10767935318178,99.64773718655994
2026-03-01,100.85821850403067,1,Cabbage,95.15078132489242,98.05692435490676,100.04490297177352,99.05091366334014
2026-03-08,110.27592736241706,0,Cabbage,100.85821850403067,101.79179315052716,106.05405504806754,103.92292409929735
2026-03-15,104.4683509297993,1,Cabbage,110.27592736241706,108.53625733248757,109.02556031701454,108.78090882475105
2026-03-22,102.40775015506615,1,Cabbage,104.4683509297993,104.98365881596722,100.10857538658641,102.54611710127682
2026-03-29,99.88975303420088,1,Cabbage,102.40775015506615,98.49785150397246,100.74290123138299,99.62037636767772
2026-04-05,100.65604772432152,1,Cabbage,99.88975303420088,101.28056534264209,99.32729475745222,100.30393005004716
2026-04-12,96.17193481716076,1,Cabbage,100.65604772432152,99.41380178488022,99.63296964032952,99.52338571260486
2026-04-19,108.2455885185732,1,Cabbage,96.17193481716076,94.90328809178853,98.79805753024975,96.85067281101914
2026-04-26,111.24642877016429,1,Cabbage,108.2455885185732,113.59737321365115,107.25718555588857,110.42727938476986
2026-05-03,100.78246070027107,1,Cabbage,111.24642877016429,110.4266291537958,113.66419701013926,112.04541308196752
2026-05-10,93.15435033091306,1,Cabbage,100.78246070027107,104.14562176398663,106.55124236225838,105.3484320631225
2026-05-17,99.89349978642306,1,Cabbage,93.15435033091306,90.61484424613343,96.84144883402585,93.72814654007965
2026-05-24,90.31612060591642,1,Cabbage,99.89349978642306,99.33119582532896,100.04991287963233,99.69055435248065
2026-05-31,97.10356855893824,0,Cabbage,90.31612060591642,88.42458151276337,94.55436275526945,91.48947213401641
2026-06-07,96.31617533789638,1,Cabbage,97.10356855893824,94.50583361313657,92.07678843045923,93.2913110217979
2026-06-14,89.33927303298447,1,Cabbage,96.31617533789638,93.85272666587699,92.87256443129543,93.36264554858622
2026-06-21,92.87800753207034,0,Cabbage,89.33927303298447,91.34488847908814,87.56334227069351,89.45411537489082
2026-06-28,99.4665442032802,1,Cabbage,92.87800753207034,91.65511905978371,92.4726196834547,92.0638693716192
2026-07-05,101.26613676257377,0,Cabbage,99.4665442032802,102.3413951284132,95.13244157266496,98.73691835053907
2026-07-12,106.54769935932096,0,Cabbage,101.26613676257377,103.46608829833967,104.36381804652457,103.91495317243212
2026-07-19,105.71032690031385,1,Cabbage,106.54769935932096,106.72491737474303,105.58244433727201,106.15368085600753
2026-07-26,101.15583685988184,0,Cabbage,105.71032690031385,104.83670955455958,101.45211719496106,103.14441337476032
2024-11-10,126.53647447364614,0,Carrot,133.13750758419246,124.63364642435147,128.83921494732112,126.7364306858363
2024-11-17,123.39742141507958,0,Carrot,126.53647447364614,125.17320097231043,125.04858363406942,125.11089230318993
2024-11-24,126.92859670898686,0,Carrot,123.39742141507958,120.41892066614044,122.5893728091607,121.50414673765056
2024-12-01,130.92729429354372,0,Carrot,126.92859670898686,130.47003255757784,122.09634182235966,126.28318718996874
2024-12-08,136.0889457505361,0,Carrot,130.92729429354372,135.56045819249974,131.27062783589068,133.4155430141952
2024-12-15,137.82782989909012,1,Carrot,136.0889457505361,138.08161569982977,137.20552003795066,137.64356786889022
2024-12-22,141.02608090170654,0,Carrot,137.82782989909012,140.08469401356172,142.45302111079056,141.26885756217615
2024-12-29,147.8798491023349,0,Carrot,141.02608090170654,142.87676025515657,143.8070359779242,143.3418981165404
2025-01-05,152.52832998370147,1,Carrot,147.8798491023349,152.76541147582327,148.8552136681842,150.81031257200374
2025-01-12,155.0310728181252,1,Carrot,152.52832998370147,155.7492347057271,151.0649893436334,153.40711202468026
2025-01-19,155.75291955804863,0,Carrot,155.0310728181252,157.20047100882243,153.80166336187216,155.5010671853473
2025-01-26,158.36767754122562,0,Carrot,155.75291955804863,156.57401523601263,152.5571635994915,154.56558941775205
2025-02-02,159.61306871259495,0,Carrot,158.36767754122562,158.48611752633354,153.7412584738428,156.1136880000882
2025-02-09,156.54458682428074,0,Carrot,159.61306871259495,161.1694890493131,153.31935371244236,157.24442138087772
2025-02-16,151.82707132644995,0,Carrot,156.54458682428074,153.27908157366647,149.83690373788548,151.557992655776
2025-02-23,143.69527293892497,0,Carrot,151.82707132644995,147.42241041820904,145.90977014847144,146.66609028334022
2025-03-02,131.25958749860075,1,Carrot,143.69527293892497,137.60286858633023,137.46521712990398,137.53404285811712
2025-03-09,124.4935975104212,1,Carrot,131.25958749860075,121.13278804705395,125.38647577374724,123.2596319104006
2025-03-16,117.21682264147114,0,Carrot,124.4935975104212,120.08207284002349,119.8316135435938,119.95684319180864
2025-03-23,113.14206038759428,0,Carrot,117.21682264147114,113.6270797897342,115.20002581415486,114.41355280194452
2025-03-30,112.63793214879531,0,Carrot,113.14206038759428,110.27396010858376,111.24406670377928,110.75901340618152
2025-04-06,111.04029413755366,0,Carrot,112.63793214879531,112.50906905554581,110.48187812886734,111.49547359220657
2025-04-13,113.74341826058064,1,Carrot,111.04029413755366,111.03803004365405,108.29753181035944,109.66778092700675
2025-04-20,110.98926906909745,0,Carrot,113.74341826058064,114.34411590593436,111.26780705071126,112.80596147832281
2025-04-27,112.5470185281663,0,Carrot,110.98926906909745,111.04108524941296,108.5851209672908,109.81310310835188
2025-05-04,111.77978596944574,1,Carrot,112.5470185281663,111.47242317023512,110.26012110728313,110.86627213875911
2025-05-11,111.24478560691256,0,Carrot,111.77978596944574,112.66786124887086,109.38312492627863,111.02549308757474
2025-05-18,109.61940423810658,1,Carrot,111.24478560691256,109.17714661129598,106.91361504798311,108.04538082963956
2025-05-25,107.35602411796154,1,Carrot,109.61940423810658,108.9344013961145,103.86761657560048,106.40100898585749
2025-06-01,102.95253857774676,1,Carrot,107.35602411796154,104.37447179224942,102.0082028823048,103.1913373372771
2025-06-08,99.90895345948118,0,Carrot,102.95253857774676,100.12024844321088,98.34323176546039,99.23174010433564
2025-06-15,99.9057085237944,0,Carrot,99.90895345948118,99.27297726675445,95.71088770172972,97.49193248424208
2025-06-22,105.3125057956769,0,Carrot,99.9057085237944,101.00314333522894,102.3974032125914,101.70027327391017
2025-06-29,114.82029395321854,1,Carrot,105.3125057956769,109.95297608877621,107.54495437355776,108.74896523116698
2025-07-06,124.86421519529976,1,Carrot,114.82029395321854,123.16056667058939,121.65411429623612,122.40734048341275
2025-07-13,134.2700389926316,0,Carrot,124.86421519529976,133.02204037330588,133.90528136503855,133.4636608691722
2025-07-20,140.53202057803156,0,Carrot,134.2700389926316,138.91541241857962,137.71730390237587,138.31635816047776
2025-07-27,143.01372505973748,0,Carrot,140.53202057803156,145.8739647626141,141.06555224383357,143.46975850322383
2025-08-03,145.36855345535662,0,Carrot,143.01372505973748,143.19541584160578,143.10180580120257,143.1486108214042
2025-08-10,148.89578397881456,0,Carrot,145.36855345535662,146.44129254192447,142.86518340874102,144.65323797533273
2025-08-17,148.3862783817588,1,Carrot,148.89578397881456,151.76221488014872,145.49841292511888,148.63031390263382
2025-08-24,151.77069113314673,0,Carrot,148.3862783817588,148.41320967212565,145.37204097788918,146.89262532500743
2025-08-31,152.6786930240129,0,Carrot,151.77069113314673,153.36276994639266,144.62184259951636,148.99230627295452
2025-09-07,159.0419000963536,0,Carrot,152.6786930240129,155.27322401649158,151.25073763499006,153.2619808257408
2025-09-14,162.93257118988703,0,Carrot,159.0419000963536,161.86570461546356,156.66457646888168,159.26514054217262
2025-09-21,163.82763203335088,0,Carrot,162.93257118988703,167.08853934646635,162.17624540854166,164.632392377504
2025-09-28,166.87789660937148,0,Carrot,163.82763203335088,164.23673525992913,164.35261007499975,164.29467266746445
2025-10-05,171.61077423326353,0,Carrot,166.87789660937148,168.79509488558975,165.66241568571883,167.2287552856543
2025-10-12,172.92192125309583,0,Carrot,171.61077423326353,174.7495172553074,166.67411394349912,170.71181559940328
2025-10-19,174.30772911538838,0,Carrot,172.92192125309583,174.06830188349133,167.47670173634168,170.7725018099165
2025-10-26,175.47957528284144,0,Carrot,174.30772911538838,174.6416957457176,168.38247572412251,171.51208573492005
2025-11-02,173.88230665109987,0,Carrot,175.47957528284144,176.11349431615824,167.5182081525619,171.81585123436008
2025-11-09,174.28906704943063,1,Carrot,173.88230665109987,172.8556506976428,166.8976460256421,169.87664836164245
2025-11-16,172.58164207470622,0,Carrot,174.28906704943063,174.21719449543716,168.84138466875436,171.52928958209577
2025-11-23,167.6457046427368,0,Carrot,172.58164207470622,170.76876724747103,165.98275033962932,168.37575879355018
2025-11-30,158.2512793378636,0,Carrot,167.6457046427368,162.9764019457703,160.8596996225952,161.91805078418275
2025-12-07,148.4658319092512,0,Carrot,158.2512793378636,152.38094772563431,153.73596380517927,153.0584557654068
2025-12-14,143.40099971741242,0,Carrot,148.4658319092512,139.65281211119552,145.13588443763254,142.39434827441403
2025-12-21,144.25952847369092,0,Carrot,143.40099971741242,142.10105628218938,143.6249406859259,142.86299848405764
2025-12-28,147.19364006869037,1,Carrot,144.25952847369092,144.3717218464645,145.18464870818036,144.77818527732245
2026-01-04,154.43401559430922,1,Carrot,147.19364006869037,150.66754149923025,146.17261190764148,148.42007670343588
2026-01-11,151.65502311093397,0,Carrot,154.43401559430922,159.90990111253075,152.0202306135353,155.96506586303303
2026-01-18,149.42469030670063,0,Carrot,151.65502311093397,149.65169628791418,150.1869765649516,149.9193364264329
2026-01-25,144.48627072123895,0,Carrot,149.42469030670063,146.35238212952126,148.759356201209,147.55586916536512
2026-02-01,135.09397483548028,0,Carrot,144.48627072123895,140.46861378069596,140.79884153155695,140.63372765612644
2026-02-08,127.6259205663381,0,Carrot,135.09397483548028,126.48337198412624,134.11307699164254,130.2982244878844
2026-02-15,123.78474119412022,0,Carrot,127.6259205663381,123.99612929110184,126.30163493992666,125.14888211551425
2026-02-22,122.17536352069926,1,Carrot,123.78474119412022,120.72700171251577,117.55504635082798,119.14102403167188
2026-03-01,122.01943864379922,1,Carrot,122.17536352069926,120.93891209334384,115.85424945743632,118.39658077539008
2026-03-08,119.7751317429911,0,Carrot,122.01943864379922,123.05123532044216,115.99027099166909,119.52075315605563
2026-03-15,131.31085684064632,1,Carrot,119.7751317429911,119.4872254758022,118.8882071781527,119.18771632697745
2026-03-22,139.49553686685482,1,Carrot,131.31085684064632,138.99787727927148,128.43851687673336,133.71819707800242
2026-03-29,147.39903591390222,1,Carrot,139.49553686685482,149.2766710108314,136.8510161072723,143.06384355905186
2026-04-05,152.74509281875578,1,Carrot,147.39903591390222,149.8277244882549,144.50076339955896,147.1642439439069
2026-04-12,166.52020944245527,1,Carrot,152.74509281875578,157.85965362797285,150.65547961952177,154.25756662374732
2026-04-19,162.53633726969056,1,Carrot,166.52020944245527,178.41672692801325,164.32955206521223,171.37313949661274
2026-04-26,168.87836074609123,1,Carrot,162.53633726969056,155.25240101705467,160.66693903341584,157.95967002523525
2026-05-03,190.6639213583892,1,Carrot,168.87836074609123,176.9899438791257,164.86864661950432,170.929295249315
2026-05-10,206.3432227245223,1,Carrot,190.6639213583892,207.72183199634014,181.9865007422393,194.85416636928971
2026-05-17,206.53797980486445,1,Carrot,206.3432227245223,215.16364875078995,198.24996291312092,206.70680583195542
2026-05-24,209.4695248200931,1,Carrot,206.53797980486445,206.26076934044502,200.36313649355463,203.31195291699981
2026-05-31,199.4853505353809,0,Carrot,209.4695248200931,208.13120486422213,198.96010919356723,203.54565702889468
2026-06-07,182.81809744496096,1,Carrot,199.4853505353809,193.9433102638512,196.92541925715213,195.43436476050167
2026-06-14,175.69085683536616,1,Carrot,182.81809744496096,166.2186240678171,183.57730648178804,174.89796527480257
2026-06-21,164.45289691260874,0,Carrot,175.69085683536616,173.5218132096347,179.73878993702021,176.63030157332747
2026-06-28,154.03814886753594,1,Carrot,164.45289691260874,156.19259364181397,168.50338681510507,162.34799022845954
2026-07-05,149.37879790734507,0,Carrot,154.03814886753594,146.6819112722789,158.44022892658745,152.56107009943318
2026-07-12,144.94585702932218,0,Carrot,149.37879790734507,145.99751029602555,151.18775155019023,148.5926309231079
2026-07-19,143.40316064472648,1,Carrot,144.94585702932218,143.1312991635591,143.89558921373228,143.51344418864568
2026-07-26,142.95218442935516,0,Carrot,143.40316064472648,142.17486782287088,140.74256975765678,141.45871879026384
2024-11-10,90.90693568502589,0,Eggplant,89.98726940473381,90.64688029639849,89.76326062103573,90.2050704587171
2024-11-17,90.56449167790257,0,Eggplant,90.90693568502589,91.52050426706175,90.56912504945917,91.04481465826046
2024-11-24,91.22130313062593,0,Eggplant,90.56449167790257,90.18402101765551,89.8994858151897,90.04175341642261
2024-12-01,90.98478182579132,0,Eggplant,91.22130313062593,91.56379992236894,91.02071932995244,91.2922596261607
2024-12-08,90.7065577582016,0,Eggplant,90.98478182579132,91.02271365056345,90.05322607780548,90.53796986418446
2024-12-15,89.50201743512518,1,Eggplant,90.7065577582016,90.33008027238819,89.85098750149155,90.09053388693987
2024-12-22,90.2966388871356,0,Eggplant,89.50201743512518,88.5954213833526,88.50663053660757,88.55102595998008
2024-12-29,91.01000417803924,0,Eggplant,90.2966388871356,90.77237395140942,89.21355764171324,89.99296579656132
2025-01-05,91.54249666935924,1,Eggplant,91.01000417803924,92.26266721043582,90.47340585326354,91.36803653184968
2025-01-12,93.84042971018836,1,Eggplant,91.54249666935924,91.61680352991196,91.72465892440799,91.67073122715998
2025-01-19,95.67061369094026,0,Eggplant,93.84042971018836,95.89119424555689,96.37419907931373,96.13269666243531
2025-01-26,97.26646004556602,0,Eggplant,95.67061369094026,97.35206392215804,98.13026635321748,97.74116513768776
2025-02-02,100.50042594846444,0,Eggplant,97.26646004556602,98.40165270667225,101.29275713800376,99.84720492233801
2025-02-09,102.53117805741005,0,Eggplant,100.50042594846444,103.23906929742837,102.33837570127206,102.78872249935021
2025-02-16,104.5795021645264,0,Eggplant,102.53117805741005,104.03965965087123,101.18743699810676,102.61354832448899
2025-02-23,106.70889375996089,0,Eggplant,104.5795021645264,105.93434027429184,105.97730499426883,105.95582263428034
2025-03-02,107.29232308007668,1,Eggplant,106.70889375996089,108.46074057605185,107.9582867462585,108.20951366115517
2025-03-09,107.22736217643282,1,Eggplant,107.29232308007668,107.53919932926793,108.97283896542977,108.25601914734885
2025-03-16,106.47654106475892,0,Eggplant,107.22736217643282,106.55294441121951,109.2602472510483,107.9065958311339
2025-03-23,103.96260445919503,0,Eggplant,106.47654106475892,105.7741035550478,107.62207045414033,106.69808700459407
2025-03-30,100.04116864201588,0,Eggplant,103.96260445919503,101.57469451243253,102.47595399227609,102.02532425235431
2025-04-06,94.19924333969878,0,Eggplant,100.04116864201588,96.59525502868003,99.50161160227817,98.0484333154791
2025-04-13,90.84326286663992,1,Eggplant,94.19924333969878,89.17493211985676,92.61682001034545,90.8958760651011
2025-04-20,87.03414432973013,0,Eggplant,90.84326286663992,88.91963512544092,89.39427919735891,89.15695716139992
2025-04-27,85.24334973255316,0,Eggplant,87.03414432973013,84.33948650321597,84.67649667233572,84.50799158777585
2025-05-04,83.24413699909219,1,Eggplant,85.24334973255316,83.86394889738423,84.21898287693182,84.04146588715803
2025-05-11,82.9074585993993,0,Eggplant,83.24413699909219,82.33823154472294,82.47365189596185,82.4059417203424
2025-05-18,81.91847930448954,1,Eggplant,82.9074585993993,82.13928531541458,81.89894622166035,82.01911576853746
2025-05-25,81.92992516006966,1,Eggplant,81.91847930448954,81.89120441036107,81.14865038889353,81.5199273996273
2025-06-01,81.87186682494327,1,Eggplant,81.92992516006966,81.4633650637779,81.6994998618557,81.58143246281679
2025-06-08,82.12156225350873,0,Eggplant,81.87186682494327,82.37762477182436,81.6622750041072,82.01994988796578
2025-06-15,82.76150831002496,0,Eggplant,82.12156225350873,81.94371755982534,83.13334394601361,82.53853075291948
2025-06-22,83.66678050639183,0,Eggplant,82.76150831002496,83.51280823197614,83.82147475499414,83.66714149348513
2025-06-29,85.82828217622239,1,Eggplant,83.66678050639183,84.39299393804534,84.59595051886589,84.4944722284556
2025-07-06,85.59084021699219,1,Eggplant,85.82828217622239,87.67227461294021,86.02878604706723,86.85053033000372
2025-07-13,88.27875283466896,0,Eggplant,85.59084021699219,85.4632173010849,85.75669163119584,85.60995446614037
2025-07-20,91.44327669148848,0,Eggplant,88.27875283466896,90.37340814631533,87.2933797548922,88.83339395060376
2025-07-27,95.00713054729393,0,Eggplant,91.44327669148848,94.76981620296213,90.81435440783903,92.79208530540058
2025-08-03,100.40090712787672,0,Eggplant,95.00713054729393,97.58108035616314,94.0522307593911,95.81665555777712
2025-08-10,103.56389452183782,0,Eggplant,100.40090712787672,105.14509221229804,99.84688416006132,102.49598818617969
2025-08-17,102.97807646910525,1,Eggplant,103.56389452183782,104.91029720859653,103.92916901076376,104.41973310968015
2025-08-24,101.16033493618905,0,Eggplant,102.97807646910525,101.99796025003307,102.71716041485644,102.35756033244476
2025-08-31,96.8967859486512,0,Eggplant,101.16033493618905,98.76256056321625,100.94905853908001,99.85580955114813
2025-09-07,90.6988299527484,0,Eggplant,96.8967859486512,93.28728222352716,97.63638177909172,95.46183200130943
2025-09-14,86.58009348679738,0,Eggplant,90.6988299527484,85.03561044898844,91.56947410491286,88.30254227695065
2025-09-21,83.85572100432064,0,Eggplant,86.58009348679738,84.88956845631905,87.38910369445043,86.13933607538473
2025-09-28,83.54535609153913,0,Eggplant,83.85572100432064,81.64711216978058,84.00279901178028,82.82495559078043
2025-10-05,85.35325143264464,0,Eggplant,83.54535609153913,84.10367381031458,83.9268929925363,84.01528340142544
2025-10-12,86.22893258387022,0,Eggplant,85.35325143264464,87.39007589482826,84.71205911563567,86.05106750523197
2025-10-19,86.37154429794613,0,Eggplant,86.22893258387022,86.2176039028699,85.35352351719312,85.78556371003151
2025-10-26,85.72627148352919,0,Eggplant,86.37154429794613,86.48376316404557,85.55322765947643,86.018495411761
2025-11-02,84.14184598957952,0,Eggplant,85.72627148352919,84.9360162217287,84.2571483584529,84.5965822900908
2025-11-09,87.2744998277531,1,Eggplant,84.14184598957952,82.68574978761586,82.97922616040167,82.83248797400876
2025-11-16,89.30413435743218,0,Eggplant,87.2744998277531,90.7731258494387,85.79469006670574,88.28390795807222
2025-11-23,94.57082220053492,0,Eggplant,89.30413435743218,91.80534690764249,88.72469972417717,90.26502331590983
2025-11-30,101.35869847389064,0,Eggplant,94.57082220053492,98.39519251170347,95.04619344210444,96.72069297690396
2025-12-07,109.6756549014733,0,Eggplant,101.35869847389064,107.80873139055421,103.19594513030849,105.50233826043134
2025-12-14,116.06825602828496,0,Eggplant,109.6756549014733,116.27462575224915,111.59963024994589,113.93712800109752
2025-12-21,119.53181706772672,0,Eggplant,116.06825602828496,119.76529676772172,118.4475189524793,119.10640786010052
2025-12-28,120.04427127648094,1,Eggplant,119.53181706772672,122.02597513639584,122.96275960312711,122.49436736976148
2026-01-04,118.3198097992004,1,Eggplant,120.04427127648094,119.35414521526728,121.6369504194329,120.49554781735009
2026-01-11,115.50883253120448,0,Eggplant,118.3198097992004,116.38456578617826,118.20429583371292,117.2944308099456
2026-01-18,113.1964866101784,0,Eggplant,115.50883253120448,113.2515199990066,114.80422295831706,114.02787147866184
2026-01-25,109.654870855527,0,Eggplant,113.1964866101784,111.01473467604946,114.09751184583132,112.55612326094038
2026-02-01,104.89466924734364,0,Eggplant,109.654870855527,107.14667145091468,111.4882025596667,109.31743700529069
2026-02-08,101.22521298883942,0,Eggplant,104.89466924734364,100.59622068534212,105.11926935382138,102.85774501958176
2026-02-15,99.30352441605824,0,Eggplant,101.22521298883942,99.08133055622459,100.54796653746155,99.81464854684307
2026-02-22,96.57659364716572,1,Eggplant,99.30352441605824,97.94905768920405,99.54331624147194,98.746186965338
2026-03-01,97.93773960113788,1,Eggplant,96.57659364716572,94.97751153366008,96.61499599592251,95.79625376479129
2026-03-08,96.88664571365204,0,Eggplant,97.93773960113788,98.88613093751736,96.87343894481921,97.87978494116828
2026-03-15,100.99181008156924,1,Eggplant,96.88664571365204,95.94342327008812,97.49468419870225,96.71905373439517
2026-03-22,101.42834373778044,1,Eggplant,100.99181008156924,104.0298055716492,101.47530725416331,102.75255641290626
2026-03-29,99.40546018573926,1,Eggplant,101.42834373778044,103.06606730557947,101.01032357877432,102.03819544217689
2026-04-05,94.19483553697523,1,Eggplant,99.40546018573926,95.60944478393228,99.07469490859197,97.34206984626212
2026-04-12,95.70739460765355,1,Eggplant,94.19483553697523,90.0972709771874,93.14004539777693,91.61865818748217
2026-04-19,87.48189768325788,1,Eggplant,95.70739460765355,99.3055717253586,94.53972912608617,96.9226504257224
2026-04-26,85.93587336528319,1,Eggplant,87.48189768325788,77.63992136269984,87.80811861288053,82.72401998779019
2026-05-03,93.93982661391765,1,Eggplant,85.93587336528319,88.29814691607974,86.18474776136893,87.24144733872433
2026-05-10,101.03459214027512,1,Eggplant,93.93982661391765,101.73031779590356,95.30764008189708,98.51897893890032
2026-05-17,102.65047335708994,1,Eggplant,101.03459214027512,105.34330150648088,103.22333811576951,104.2833198111252
2026-05-24,103.81741591266358,1,Eggplant,102.65047335708994,102.88900354608667,105.27013540352243,104.07956947480454
2026-05-31,102.70769074231896,0,Eggplant,103.81741591266358,104.26908388301362,103.2421719031688,103.7556278930912
2026-06-07,95.81636952114891,1,Eggplant,102.70769074231896,101.10601996243594,102.44056564242157,101.77329280242876
2026-06-14,93.77222637279648,1,Eggplant,95.81636952114891,89.18289547138023,95.11395089579415,92.1484231835872
2026-06-21,90.42632370649108,0,Eggplant,93.77222637279648,93.70837277385068,91.86551765545029,92.78694521465049
2026-06-28,87.66508072725439,1,Eggplant,90.42632370649108,87.64498440968752,89.01315825639495,88.32907133304124
2026-07-05,87.16907173988201,0,Eggplant,87.66508072725439,85.56825916433066,85.93887561670446,85.75356739051756
2026-07-12,88.14203887480761,0,Eggplant,87.16907173988201,87.44425079144501,87.11097036895134,87.27761058019817
2026-07-19,89.33101319413689,1,Eggplant,88.14203887480761,88.79273273686893,87.86950006383921,88.33111640035406
2026-07-26,90.03787614689914,0,Eggplant,89.33101319413689,90.63527562170633,88.26761054139641,89.45144308155136
2024-11-10,184.1633704423859,0,Native garlic,183.89231951295835,183.55125604589534,182.98016126214964,183.2657086540225
2024-11-17,187.182326976208,0,Native garlic,184.1633704423859,186.6551575664226,186.4514096498444,186.55328360813348
2024-11-24,194.76198311713665,0,Native garlic,187.182326976208,187.5501427644838,188.99689501896313,188.27351889172348
2024-12-01,198.92169851287747,0,Native garlic,194.76198311713665,198.5503664803631,189.6298658457133,194.0901161630382
2024-12-08,205.24328238488653,0,Native garlic,198.92169851287747,201.6656139603411,202.25565809234524,201.96063602634317
2024-12-15,206.73290854170244,1,Native garlic,205.24328238488653,207.01035946074202,204.41492582084157,205.71264264079178
2024-12-22,206.835549240082,0,Native garlic,206.73290854170244,208.0339977049227,208.28795557691973,208.1609766409212
2024-12-29,213.51656113932972,0,Native garlic,206.835549240082,207.3364631751445,208.86567342755149,208.101068301348
2025-01-05,215.87900306786176,1,Native garlic,213.51656113932972,215.03978726973034,214.2378749735201,214.63883112162523
2025-01-12,212.2380479354896,1,Native garlic,215.87900306786176,216.1258827404832,210.26165248955365,213.19376761501843
2025-01-19,207.42564511098877,0,Native garlic,212.2380479354896,211.78112590580236,211.88080621552842,211.8309660606654
2025-01-26,207.77730372976356,0,Native garlic,207.42564511098877,205.83873007791632,209.52695464887634,207.68284236339633
2025-02-02,203.54224526961957,0,Native garlic,207.77730372976356,205.43601722851506,207.4365606648832,206.4362889466991
2025-02-09,198.34893534373072,0,Native garlic,203.54224526961957,201.4346478998906,199.55648648818647,200.49556719403853
2025-02-16,194.8942087390261,0,Native garlic,198.34893534373072,196.00752898693773,196.3988017816427,196.20316538429023
2025-02-23,189.8946106351858,0,Native garlic,194.8942087390261,192.63567937797504,193.71282751344017,193.17425344570762
2025-03-02,185.03334632340807,1,Native garlic,189.8946106351858,188.24303561005962,187.88074587955532,188.06189074480747
2025-03-09,186.20918586655583,1,Native garlic,185.03334632340807,182.3945490268537,183.66504576627153,183.02979739656263
2025-03-16,182.20524759609,0,Native garlic,186.20918586655583,185.79578978695264,182.23213031693425,184.01396005194346
2025-03-23,182.2274790081363,0,Native garlic,182.20524759609,182.13091579294323,181.2461058648278,181.6885108288855
2025-03-30,186.42474132258872,0,Native garlic,182.2274790081363,182.52686539194679,181.00608971446565,181.76647755320622
2025-04-06,187.1239643453151,0,Native garlic,186.42474132258872,188.06504133856237,183.52043944079855,185.79274038968046
2025-04-13,193.2166037250494,1,Native garlic,187.1239643453151,188.83588898911214,184.8118224500209,186.82385571956652
2025-04-20,192.07091684362456,0,Native garlic,193.2166037250494,194.80660222902588,191.88302358875026,193.34481290888806
2025-04-27,197.2685150470587,0,Native garlic,192.07091684362456,194.10590722739485,192.77785314342543,193.44188018541013
2025-05-04,200.6667931708635,1,Native garlic,197.2685150470587,197.9512041537724,198.54529100321258,198.2482475784925
2025-05-11,202.81201822300855,0,Native garlic,200.6667931708635,203.30924701931102,199.42561227410448,201.36742964670776
2025-05-18,205.7067613023682,1,Native garlic,202.81201822300855,202.33055921761755,200.45419437428419,201.39237679595087
2025-05-25,207.134427169177,1,Native garlic,205.7067613023682,207.18551212218216,201.8229457754059,204.50422894879404
2025-06-01,206.44957989117083,1,Native garlic,207.134427169177,205.87375187719553,201.82461891493506,203.8491853960653
2025-06-08,202.16197601327931,0,Native garlic,206.44957989117083,206.51185127041845,202.2521902885097,204.38202077946409
2025-06-15,197.30039389337028,0,Native garlic,202.16197601327931,200.7318316342997,198.55442253122365,199.64312708276168
2025-06-22,196.46400740922988,0,Native garlic,197.30039389337028,196.81753752022115,200.27912290299858,198.54833021160988
2025-06-29,195.1240427412792,1,Native garlic,196.46400740922988,195.6044425316759,197.69478479208053,196.64961366187822
2025-07-06,193.2770420820301,1,Native garlic,195.1240427412792,195.65535964156243,199.36176656864126,197.50856310510184
2025-07-13,192.91978497821745,0,Native garlic,193.2770420820301,191.9765294643172,194.7732763797825,193.37490292204984
2025-07-20,193.71573636487784,0,Native garlic,192.91978497821745,193.58419910259062,192.95949775371608,193.27184842815336
2025-07-27,194.40743660488593,0,Native garlic,193.71573636487784,194.39742840041788,195.2867020125753,194.84206520649659
2025-08-03,198.9885426754232,0,Native garlic,194.40743660488593,195.2083619397366,197.22732090511786,196.21784142242723
2025-08-10,203.6376321948324,0,Native garlic,198.9885426754232,200.7087512315163,198.51893719975905,199.61384421563767
2025-08-17,201.4641703259911,1,Native garlic,203.6376321948324,204.41717991031965,201.10424071915492,202.76071031473728
2025-08-24,202.4303534916547,0,Native garlic,201.4641703259911,201.18332019894137,199.8276752126183,200.50549770577982
2025-08-31,196.8293011087463,0,Native garlic,202.4303534916547,201.33549382695733,192.56897100721866,196.952232417088
2025-09-07,198.38482507984884,0,Native garlic,196.8293011087463,196.16675298508358,197.24568804088094,196.70622051298227
2025-09-14,196.42840515077836,0,Native garlic,198.38482507984884,196.11479964707922,199.10718944590337,197.6109945464913
2025-09-21,191.13317172939009,0,Native garlic,196.42840515077836,197.1904964623254,196.8035699874235,196.99703322487443
2025-09-28,190.05359803991504,0,Native garlic,191.13317172939009,188.75996330410928,192.68118923122114,190.7205762676652
2025-10-05,192.74961050007812,0,Native garlic,190.05359803991504,190.30946054206723,191.8064142401714,191.0579373911193
2025-10-12,191.73764049503103,0,Native garlic,192.74961050007812,192.3107452626875,191.59576697800628,191.9532561203469
2025-10-19,193.11076847611264,0,Native garlic,191.73764049503103,192.69240773916334,189.80324351283804,191.2478256260007
2025-10-26,196.4019805484116,0,Native garlic,193.11076847611264,193.0391344326134,191.937315145119,192.4882247888662
2025-11-02,197.12382067088168,0,Native garlic,196.4019805484116,198.24167662835112,198.05230858853457,198.14699260844284
2025-11-09,198.4048956298605,1,Native garlic,197.12382067088168,197.99038017273992,198.87629557494205,198.43333787384097
2025-11-16,203.73381269071044,0,Native garlic,198.4048956298605,199.69913963095314,200.4639788532034,200.08155924207827
2025-11-23,202.8807476709834,0,Native garlic,203.73381269071044,204.27439042307515,202.53314983937682,203.403770131226
2025-11-30,197.00672315504968,0,Native garlic,202.8807476709834,202.33486737792032,203.78033780560406,203.0576025917622
2025-12-07,193.94943899292775,0,Native garlic,197.00672315504968,195.84435840943624,200.88539456274927,198.36487648609275
2025-12-14,192.61823625942853,0,Native garlic,193.94943899292775,191.50066694755657,198.5240768827898,195.0123719151732
2025-12-21,197.35905524504307,0,Native garlic,192.61823625942853,193.20231357346438,198.03962488552716,195.62096922949576
2025-12-28,201.07326956065825,1,Native garlic,197.35905524504307,197.33831583742298,196.11368271124485,196.7259992743339
2026-01-04,206.50980623563063,1,Native garlic,201.07326956065825,203.06617034712949,198.1869368103378,200.62655357873365
2026-01-11,198.15668248720849,0,Native garlic,206.50980623563063,207.9048665123261,200.6660796006514,204.28547305648874
2026-01-18,192.6849701801717,0,Native garlic,198.15668248720849,196.55877145759416,199.92613625117028,198.24245385438223
2026-01-25,187.32854082402324,0,Native garlic,192.6849701801717,189.8136344983149,200.54041413463946,195.17702431647717
2026-02-01,178.93705797278335,0,Native garlic,187.32854082402324,184.0403349328073,192.35639240559672,188.19836366920202
2026-02-08,173.7768148474296,0,Native garlic,178.93705797278335,172.8761969206404,181.1679801949208,177.0220885577806
2026-02-15,173.9830874312063,0,Native garlic,173.7768148474296,173.7113125634632,174.27622985764344,173.99377121055332
2026-02-22,181.9830400338601,1,Native garlic,173.9830874312063,173.09911024441874,168.08487547518212,170.59199285980043
2026-03-01,187.1142760513005,1,Native garlic,181.9830400338601,185.50284117943028,176.62731093077173,181.065076055101
2026-03-08,186.5371211828937,0,Native garlic,187.1142760513005,191.34977111250626,183.4374758002934,187.39362345639984
2026-03-15,195.55329157307204,1,Native garlic,186.5371211828937,187.3876393763287,190.02850711963077,188.70807324797974
2026-03-22,198.96522431752177,1,Native garlic,195.55329157307204,199.44362598520988,199.20956541492995,199.3265957000699
2026-03-29,200.1800864899944,1,Native garlic,198.96522431752177,201.86490398854292,201.1213152923295,201.49310964043622
2026-04-05,196.2578156134053,1,Native garlic,200.1800864899944,198.43462145659007,201.45196258671987,199.94329202165497
2026-04-12,197.0432138942568,1,Native garlic,196.2578156134053,194.3320177004141,199.15902282203874,196.74552026122643
2026-04-19,184.6915564108148,1,Native garlic,197.0432138942568,198.7637912531543,198.81624667871878,198.79001896593655
2026-04-26,180.00741424141026,1,Native garlic,184.6915564108148,174.636912527605,186.2739618587747,180.45543719318985
2026-05-03,186.51763781934565,1,Native garlic,180.00741424141026,180.9148233935663,179.77199353752232,180.34340846554431
2026-05-10,191.39982752490175,1,Native garlic,186.51763781934565,185.69040380705857,180.46061143308467,183.07550762007162
2026-05-17,185.3485394758555,1,Native garlic,191.39982752490175,195.03832407299427,187.41025452304018,191.22428929801723
2026-05-24,192.627183086964,1,Native garlic,185.3485394758555,183.2296246286549,184.2913807672831,183.760502697969
2026-05-31,187.45681208339332,0,Native garlic,192.627183086964,195.8023513567107,187.13937152156484,191.47086143913776
2026-06-07,188.44955320091407,1,Native garlic,187.45681208339332,188.4808332257699,190.791541516453,189.63618737111148
2026-06-14,195.35401693162572,1,Native garlic,188.44955320091407,188.69147587632372,194.02019090385596,191.35583339008986
2026-06-21,194.7888563130364,0,Native garlic,195.35401693162572,197.98467123280534,199.10453692254674,198.54460407767604
2026-06-28,192.72757346082844,1,Native garlic,194.7888563130364,194.81799932733318,201.08086280565115,197.94943106649217
2026-07-05,195.45765589811043,0,Native garlic,192.72757346082844,191.92160713503054,197.46796280790485,194.6947849714677
2026-07-12,193.0138498574283,0,Native garlic,195.45765589811043,195.41311964347375,196.91940342523293,196.16626153435334
2026-07-19,192.9266422711116,1,Native garlic,193.0138498574283,192.9692183121521,195.76177299318576,194.36549565266893
2026-07-26,193.2818518601476,0,Native garlic,192.9266422711116,192.26406290660995,196.28793224913895,194.27599757787445
2024-11-10,73.56214009906077,0,Patola,77.17607675081194,75.43775028438078,77.65772519594134,76.54773774016107
2024-11-17,73.16954769772343,0,Patola,73.56214009906077,73.18674452101773,73.79580192948603,73.49127322525189
2024-11-24,74.0922356587103,0,Patola,73.16954769772343,72.33692738698323,74.08693637532048,73.21193188115186
2024-12-01,73.2625376593796,0,Patola,74.0922356587103,74.23354939553246,74.03070742303639,74.13212840928443
2024-12-08,75.28532337871503,0,Patola,73.2625376593796,72.96737325189004,74.88099068519747,73.92418196854376
2024-12-15,76.38078772302504,1,Patola,75.28532337871503,75.75314555527288,74.66997503963422,75.21156029745356
2024-12-22,74.8732226323332,0,Patola,76.38078772302504,76.81198125140934,76.52671376641626,76.66934750891281
2024-12-29,79.3481287149782,0,Patola,74.8732226323332,75.72776051005803,74.32976762764112,75.02876406884957
2025-01-05,82.16186462022739,1,Patola,79.3481287149782,79.15484342731781,76.41694156211565,77.78589249471673
2025-01-12,79.7972185947112,1,Patola,82.16186462022739,83.31144488673196,77.95376048662143,80.6326026866767
2025-01-19,78.8448983730185,0,Patola,79.7972185947112,79.93392272791087,79.102099929016,79.51801132846344
2025-01-26,83.51601840592254,0,Patola,78.8448983730185,79.61654642310437,79.65573361528992,79.63614001919714
2025-02-02,84.25692784911224,0,Patola,83.51601840592254,83.83384093538663,81.74975420571197,82.7917975705493
2025-02-09,85.35842770259734,0,Patola,84.25692784911224,84.9980535340349,81.8511608851535,83.4246072095942
2025-02-16,87.06951822110567,0,Patola,85.35842770259734,85.62520404345041,83.19098609607573,84.40809506976308
2025-02-23,86.99512622444735,0,Patola,87.06951822110567,87.95285745731645,84.83078588315401,86.39182167023523
2025-03-02,88.65402542895426,1,Patola,86.99512622444735,87.24981898366224,85.00651679127321,86.12816788746773
2025-03-09,91.68910153660528,1,Patola,88.65402542895426,89.63261220698561,87.05301415270914,88.34281317984738
2025-03-16,88.16896676552274,0,Patola,91.68910153660528,91.27427245628998,87.65684541020147,89.46555893324572
2025-03-23,86.17708023556588,0,Patola,88.16896676552274,88.0682064255221,86.84722709190824,87.45771675871518
2025-03-30,85.31082565526283,0,Patola,86.17708023556588,84.80564700924747,86.2528393931043,85.52924320117589
2025-04-06,80.79420681592279,0,Patola,85.31082565526283,84.20882092041252,82.1133332941941,83.16107710730331
2025-04-13,79.3859317951173,1,Patola,80.79420681592279,78.9232490880429,79.03559322949701,78.97942115876995
2025-04-20,76.16902859902251,0,Patola,79.3859317951173,79.04370432981861,77.22091943549816,78.13231188265839
2025-04-27,77.33083311447878,0,Patola,76.16902859902251,75.52613680461437,75.60210378861296,75.56412029661367
2025-05-04,80.16178656984363,1,Patola,77.33083311447878,78.19181923509103,76.92530248293657,77.5585608590138
2025-05-11,80.28738149019476,0,Patola,80.16178656984363,80.6107627819721,79.45345969368014,80.03211123782611
2025-05-18,82.37011848997118,1,Patola,80.28738149019476,80.73891392990657,81.26292588325735,81.00091990658197
2025-05-25,82.50071327235908,1,Patola,82.37011848997118,81.77030528844634,81.2213898808861,81.49584758466622
2025-06-01,81.7226757963722,1,Patola,82.50071327235908,82.41679541893826,80.14025132205695,81.27852337049761
2025-06-08,78.85033555218416,0,Patola,81.7226757963722,80.40874448668048,79.38709163270643,79.89791805969345
2025-06-15,75.93865681099334,0,Patola,78.85033555218416,79.56220785171702,76.60220904537874,78.08220844854787
2025-06-22,76.45393981231352,0,Patola,75.93865681099334,75.54704958160899,76.66689128088393,76.10697043124645
2025-06-29,75.78439234386053,1,Patola,76.45393981231352,77.43816075483866,76.69268240226408,77.06542157855137
2025-07-06,79.07024761707109,1,Patola,75.78439234386053,75.96855499691436,77.93457482944098,76.95156491317766
2025-07-13,79.58666002439128,0,Patola,79.07024761707109,80.75079808080085,79.97124483854097,80.36102145967091
2025-07-20,80.53595276769718,0,Patola,79.58666002439128,79.88504163434412,81.92078363584147,80.9029126350928
2025-07-27,81.12713942542435,0,Patola,80.53595276769718,81.01079498089851,81.3007350176247,81.1557649992616
2025-08-03,82.19118241393744,0,Patola,81.12713942542435,81.27775825436821,89.85645899787308,85.56710862612064
2025-08-10,83.9319611180208,0,Patola,82.19118241393744,82.05780862270854,84.88878468597113,83.47329665433983
2025-08-17,83.55595599013459,1,Patola,83.9319611180208,83.74404627756871,82.7216042864702,83.23282528201946
2025-08-24,84.63124525468727,0,Patola,83.55595599013459,83.88622847110783,82.12097154456269,83.00360000783526
2025-08-31,81.9396552515001,0,Patola,84.63124525468727,84.7041606771781,79.82092821519753,82.2625444461878
2025-09-07,84.55996454182502,0,Patola,81.9396552515001,82.09257657149662,81.94302342243203,82.01779999696433
2025-09-14,83.817063514567,0,Patola,84.55996454182502,84.36291410138517,84.29042923870918,84.32667167004718
2025-09-21,80.80704012312754,0,Patola,83.817063514567,83.41078842787212,83.3186738532549,83.3647311405635
2025-09-28,79.4959317098102,0,Patola,80.80704012312754,80.55654994829803,81.75505021014078,81.1558000792194
2025-10-05,79.9922155902679,0,Patola,79.4959317098102,78.80365863137223,80.42121436695665,79.61243649916443
2025-10-12,78.42579208541855,0,Patola,79.9922155902679,78.96371753137983,78.73831673124386,78.85101713131183
2025-10-19,78.86258795061497,0,Patola,78.42579208541855,78.6058422125354,78.04413165379509,78.32498693316525
2025-10-26,81.0394046064747,0,Patola,78.86258795061497,78.80056224342553,79.21273045936016,79.00664635139285
2025-11-02,81.95428318125956,0,Patola,81.0394046064747,81.87021630414706,81.650790905608,81.76050360487753
2025-11-09,79.69598689879395,1,Patola,81.95428318125956,82.935800754861,82.69094652278177,82.81337363882139
2025-11-16,84.91568381384205,0,Patola,79.69598689879395,79.70115119901894,80.7620445808313,80.23159788992513
2025-11-23,84.22193089200492,0,Patola,84.91568381384205,84.59211083552744,83.59211976126026,84.09211529839385
2025-11-30,80.86211498232271,0,Patola,84.22193089200492,84.71797465544434,83.13927546216483,83.92862505880458
2025-12-07,80.43568048382885,0,Patola,80.86211498232271,80.17053708074702,81.55363448114778,80.86208578094741
2025-12-14,79.88288407511664,0,Patola,80.43568048382885,80.45655448472141,81.76293263341076,81.10974355906609
2025-12-21,83.73095848732376,0,Patola,79.88288407511664,79.83919724998499,81.54472487158728,80.69196106078613
2025-12-28,86.95047713981393,1,Patola,83.73095848732376,83.90327900684767,81.28400352173233,82.59364126429
2026-01-04,90.48960555160728,1,Patola,86.95047713981393,87.67457351434302,83.24793102012399,85.4612522672335
2026-01-11,86.29569840890127,0,Patola,90.48960555160728,91.35591577927457,86.8909896668264,89.12345272305049
2026-01-18,84.03429403372483,0,Patola,86.29569840890127,86.93776787621128,87.97333991986471,87.455553898038
2026-01-25,84.18040186189035,0,Patola,84.03429403372483,84.23135783946255,92.16752710409837,88.19944247178046
2026-02-01,84.51650060534476,0,Patola,84.18040186189035,83.6727501482373,85.06440788529733,84.36857901676731
2026-02-08,85.98818250976483,0,Patola,84.51650060534476,84.3466796124113,85.50154287934302,84.92411124587716
2026-02-15,89.23446654628324,0,Patola,85.98818250976483,87.18431703122152,87.48636969409863,87.33534336266007
2026-02-22,99.58085077595898,1,Patola,89.23446654628324,90.55564487419717,88.5668976242404,89.56127124921878
2026-03-01,102.53061973756245,1,Patola,99.58085077595898,102.21348485032615,98.61523449015804,100.4143596702421
2026-03-08,103.10656216761824,0,Patola,102.53061973756245,105.8624569974307,102.71109401887348,104.28677550815209
2026-03-15,101.56640031543884,1,Patola,103.10656216761824,103.95157247370638,107.05327537677046,105.50242392523842
2026-03-22,99.44975848215876,1,Patola,101.56640031543884,101.7870294120597,103.8013267776123,102.794178094836
2026-03-29,97.49665870568096,1,Patola,99.44975848215876,96.62592137677186,100.54909153002558,98.58750645339872
2026-04-05,94.658915457175,1,Patola,97.49665870568096,97.33803534810872,98.42667504450618,97.88235519630746
2026-04-12,91.64384732675146,1,Patola,94.658915457175,91.83149853681648,96.319245037482,94.07537178714924
2026-04-19,98.87016105543069,1,Patola,91.64384732675146,91.66030568444445,93.71263323258947,92.68646945851697
2026-04-26,108.14707648417746,1,Patola,98.87016105543069,103.47419849974587,102.87889480482033,103.1765466522831
2026-05-03,117.9699836270112,1,Patola,108.14707648417746,110.37143956633048,112.52903020045554,111.45023488339301
2026-05-10,122.91636183545069,1,Patola,117.9699836270112,121.0325500714161,116.89042203586283,118.96148605363946
2026-05-17,122.75789242841114,1,Patola,122.91636183545069,123.32145523178644,120.72530296132044,122.02337909655344
2026-05-24,127.7262785749021,1,Patola,122.75789242841114,125.82998239348547,121.96416246749271,123.89707243048909
2026-05-31,121.97948325129748,0,Patola,127.7262785749021,127.13087396055988,123.70290211005835,125.41688803530911
2026-06-07,123.68950037820343,1,Patola,121.97948325129748,123.77836511496129,122.26574910136462,123.02205710816295
2026-06-14,123.91330148770857,1,Patola,123.68950037820343,123.29099970274761,122.43691735131745,122.86395852703254
2026-06-21,121.7136787637845,0,Patola,123.91330148770857,123.61957515941732,122.51697363450575,123.06827439696153
2026-06-28,118.68351903069876,1,Patola,121.7136787637845,120.29207493587236,120.05994121877107,120.17600807732171
2026-07-05,116.93528323179882,0,Patola,118.68351903069876,118.0651642644624,117.87222572673224,117.96869499559732
2026-07-12,110.91386947455815,0,Patola,116.93528323179882,114.14481616546735,114.42793970114391,114.28637793330563
2026-07-19,107.75279176618676,1,Patola,110.91386947455815,110.39978203090786,111.42172274413518,110.91075238752151
2026-07-26,107.0780557776784,0,Patola,107.75279176618676,105.43471541892151,108.18754592921357,106.81113067406754
2024-11-10,148.0738250519808,0,Red onion,152.74250452903206,148.23929799633777,155.1265098371833,151.68290391676055
2024-11-17,152.3482606724345,0,Red onion,148.0738250519808,147.34741024396126,150.67963664789755,149.01352344592942
2024-11-24,153.51541025390915,0,Red onion,152.3482606724345,154.11625465406007,153.90278998170726,154.00952231788366
2024-12-01,157.22411813078176,0,Red onion,153.51541025390915,156.1720464046893,153.00753862610154,154.5897925153954
2024-12-08,164.2589569294455,0,Red onion,157.22411813078176,159.4909006397004,156.80543841657888,158.14816952813965
2024-12-15,175.0291989750004,1,Red onion,164.2589569294455,169.39788775691218,161.91836859822297,165.65812817756756
2024-12-22,174.70196303664855,0,Red onion,175.0291989750004,184.22964576109553,177.31789788666728,180.77377182388142
2024-12-29,180.8857628218645,0,Red onion,174.70196303664855,177.63793374952584,176.00691863834075,176.8224261939333
2025-01-05,186.75396925324105,1,Red onion,180.8857628218645,179.5808277375914,177.05305684728563,178.3169422924385
2025-01-12,180.8752823153681,1,Red onion,186.75396925324105,193.5909286917941,180.02100521439218,186.80596695309313
2025-01-19,179.64919044912142,0,Red onion,180.8752823153681,178.96259716468023,182.71947553550666,180.84103635009345
2025-01-26,186.0415577926145,0,Red onion,179.64919044912142,175.98383529407195,179.65256439518464,177.81819984462828
2025-02-02,182.4793151465954,0,Red onion,186.0415577926145,189.78909976441224,180.90181780238012,185.34545878339617
2025-02-09,187.7590143867199,0,Red onion,182.4793151465954,182.04970177998658,177.37831579127925,179.71400878563293
2025-02-16,196.6070861156612,0,Red onion,187.7590143867199,190.81779219310837,182.51835610348627,186.6680741482973
2025-02-23,206.4745851504163,0,Red onion,196.6070861156612,205.75008314280825,195.22391825276904,200.48700069778863
2025-03-02,228.10790997692283,1,Red onion,206.4745851504163,215.37171623389517,203.2549689757184,209.3133426048068
2025-03-09,240.87748948720375,1,Red onion,228.10790997692283,245.00266713015665,228.72681432911094,236.8647407296338
2025-03-16,237.4085416428165,0,Red onion,240.87748948720375,249.3774302691045,238.22481409696022,243.80112218303236
2025-03-23,230.27957967785613,0,Red onion,237.4085416428165,235.3410760808043,240.83915945211214,238.0901177664582
2025-03-30,217.47647680411495,0,Red onion,230.27957967785613,221.0724609906294,232.7155685809018,226.8940147857656
2025-04-06,196.7308426983522,0,Red onion,217.47647680411495,205.62816526260102,212.1309281743542,208.87954671847763
2025-04-13,179.27223858679812,1,Red onion,196.7308426983522,180.03751265233626,203.65841018034683,191.84796141634155
2025-04-20,173.67915997620227,0,Red onion,179.27223858679812,167.31525905894702,178.2967620238213,172.80601054138415
2025-04-27,174.63776029998377,0,Red onion,173.67915997620227,169.952335207647,182.558963633734,176.2556494206905
2025-05-04,189.6389788542686,1,Red onion,174.63776029998377,177.793700046358,177.8649863188894,177.8293431826237
2025-05-11,192.60126867515697,0,Red onion,189.6389788542686,200.69693052734013,190.10317184075694,195.40005118404855
2025-05-18,198.45287731302668,1,Red onion,192.60126867515697,197.16682399576345,196.820889856645,196.99385692620422
2025-05-25,195.9868744204883,1,Red onion,198.45287731302668,198.17652607365335,198.00742959989,198.09197783677166
2025-06-01,191.03751493671624,1,Red onion,195.9868744204883,196.11909073637943,193.6155992339496,194.86734498516452
2025-06-08,185.47504532612624,0,Red onion,191.03751493671624,184.52318503605687,187.86579920032707,186.194492118192
2025-06-15,180.8808649537769,0,Red onion,185.47504532612624,184.474391453288,185.39990669764342,184.9371490754657
2025-06-22,181.12504904029353,0,Red onion,180.8808649537769,177.85927562946165,182.81068906762272,180.33498234854218
2025-06-29,177.33152654974046,1,Red onion,181.12504904029353,180.5231560079332,180.64183534739,180.5824956776616
2025-07-06,190.9558443334427,1,Red onion,177.33152654974046,176.18602906568788,182.30040577261033,179.24321741914912
2025-07-13,191.2694913379398,0,Red onion,190.9558443334427,198.96394868910616,193.5122272279587,196.23808795853245
2025-07-20,192.42421723024503,0,Red onion,191.2694913379398,195.86733683794924,195.74771466176182,195.80752574985553
2025-07-27,194.03044648084625,0,Red onion,192.42421723024503,188.81270949612977,194.60947418825285,191.7110918421913
2025-08-03,190.4187071730277,0,Red onion,194.03044648084625,196.5279530866978,196.10783357534393,196.31789333102085
2025-08-10,187.97325140879033,0,Red onion,190.4187071730277,186.68452102259002,192.95564369455786,189.82008235857393
2025-08-17,190.91016879282392,1,Red onion,187.97325140879033,184.9954511019161,186.20021790907262,185.59783450549435
2025-08-24,191.2356543330619,0,Red onion,190.91016879282392,194.47241477992475,188.6431373616258,191.55777607077528
2025-08-31,189.4622186920508,0,Red onion,191.2356543330619,192.65528042185227,188.0335583476493,190.34441938475078
2025-09-07,191.91118822052232,0,Red onion,189.4622186920508,188.6168649051089,187.7800487778052,188.19845684145707
2025-09-14,191.32702508537855,0,Red onion,191.91118822052232,191.78176641206926,190.68764660312883,191.23470650759904
2025-09-21,191.83864714911664,0,Red onion,191.32702508537855,191.6275926956429,189.05017676918592,190.3388847324144
2025-09-28,192.6031395104772,0,Red onion,191.83864714911664,193.25523354600315,195.85269000342572,194.55396177471442
2025-10-05,195.06418163808465,0,Red onion,192.6031395104772,193.13219397038978,200.498152366007,196.81517316819838
2025-10-12,195.09933701316447,0,Red onion,195.06418163808465,195.05759368683644,196.66452903779626,195.86106136231635
2025-10-19,195.68803164105904,0,Red onion,195.09933701316447,196.66248293959603,195.2700285033378,195.96625572146692
2025-10-26,196.8284496154352,0,Red onion,195.68803164105904,195.5001192192947,194.4900318060447,194.9950755126697
2025-11-02,196.34034727551676,0,Red onion,196.8284496154352,197.1169205150815,196.45423618812998,196.78557835160575
2025-11-09,186.37633807419692,1,Red onion,196.34034727551676,197.06107588319202,196.56313213743903,196.81210401031552
2025-11-16,203.44417495289713,0,Red onion,186.37633807419692,181.82150827744667,189.5260284638301,185.67376837063838
2025-11-23,215.15966614151313,0,Red onion,203.44417495289713,209.04087295412987,204.85627264538675,206.94857279975832
2025-11-30,232.4294750505395,0,Red onion,215.15966614151313,233.96737993398514,225.29239376449897,229.62988684924204
2025-12-07,260.6164362948022,0,Red onion,232.4294750505395,245.07374050728492,244.63580439624263,244.85477245176378
2025-12-14,277.9108931493546,0,Red onion,260.6164362948022,283.9201921035777,272.4470656435571,278.1836288735674
2025-12-21,293.23229245667784,0,Red onion,277.9108931493546,290.98687036645407,290.47128648278965,290.7290784246219
2025-12-28,301.92037680116584,1,Red onion,293.23229245667784,301.0089174203318,297.75250463013975,299.38071102523577
2026-01-04,301.656625965392,1,Red onion,301.92037680116584,308.7552011683583,297.46814062562873,303.11167089699353
2026-01-11,288.1937849158684,0,Red onion,301.656625965392,300.1771222456289,292.7374603541249,296.4572912998769
2026-01-18,263.5408266150992,0,Red onion,288.1937849158684,279.41048977440573,286.26214131063614,282.83631554252094
2026-01-25,235.9287609018088,0,Red onion,263.5408266150992,242.18243518279547,255.4597538077872,248.82109449529133
2026-02-01,203.13596591339817,0,Red onion,235.9287609018088,209.3416308985092,232.1188219941855,220.73022644634736
2026-02-08,183.3379095385497,0,Red onion,203.13596591339817,176.32574874121232,198.3635593353342,187.34465403827326
2026-02-15,174.11900784484516,0,Red onion,183.3379095385497,171.41656825981627,183.31211613143734,177.36434219562682
2026-02-22,192.08711926219908,1,Red onion,174.11900784484516,168.65358794184323,172.2580715607799,170.45582975131157
2026-03-01,201.27368151310543,1,Red onion,192.08711926219908,204.64675969937096,187.05689398525206,195.8518268423115
2026-03-08,212.49955957461643,0,Red onion,201.27368151310543,218.88717343569508,199.7518576300488,209.31951553287195
2026-03-15,191.76755534474512,1,Red onion,212.49955957461643,216.18836267080445,215.861757450593,216.0250600606987
2026-03-22,180.50632164329284,1,Red onion,191.76755534474512,178.51555323525443,191.06263451640268,184.78909387582854
2026-03-29,173.95288172431924,1,Red onion,180.50632164329284,159.61260100993186,186.87989303916686,173.24624702454935
2026-04-05,174.4043343606793,1,Red onion,173.95288172431924,174.89084115970948,177.82614842124917,176.3584947904793
2026-04-12,152.19293677828514,1,Red onion,174.4043343606793,174.4570650142922,176.0526804271542,175.2548727207232
2026-04-19,191.75837252164493,1,Red onion,152.19293677828514,131.83366596862632,153.6593405010482,142.74650323483726
2026-04-26,210.96435405782853,1,Red onion,191.75837252164493,228.74733620167143,196.6668736698688,212.70710493577013
2026-05-03,195.37175317734165,1,Red onion,210.96435405782853,224.95413228990452,214.00164224676286,219.4778872683337
2026-05-10,174.1183028261712,1,Red onion,195.37175317734165,175.86848454246058,197.7221033188669,186.79529393066375
2026-05-17,167.66193259248303,1,Red onion,174.1183028261712,158.6800691905586,178.51423931527643,168.5971542529175
2026-05-24,162.97503074560217,1,Red onion,167.66193259248303,166.36944454776219,176.2288490582423,171.29914680300226
2026-05-31,153.22298300729932,0,Red onion,162.97503074560217,157.84166365755124,165.21652826223425,161.52909595989274
2026-06-07,171.58431145751544,1,Red onion,153.22298300729932,150.850887499029,155.98653448091687,153.41871098997294
2026-06-14,170.25540923191812,1,Red onion,171.58431145751544,183.87684279616929,172.90001711452075,178.38842995534503
2026-06-21,176.1721848183359,0,Red onion,170.25540923191812,169.8635542033495,169.65650354935434,169.76002887635192
2026-06-28,182.30809384180696,1,Red onion,176.1721848183359,178.14796140861085,177.46035658652437,177.8041589975676
2026-07-05,183.06462323117236,0,Red onion,182.30809384180696,189.82395469166002,184.25981729818972,187.04188599492488
2026-07-12,172.47406810661738,0,Red onion,183.06462323117236,180.91347393328988,181.6236579363344,181.26856593481216
2026-07-19,163.0045054111807,1,Red onion,172.47406810661738,166.43891067271718,171.62886321684306,169.03388694478014
2026-07-26,157.4568034388531,0,Red onion,163.0045054111807,152.63255761534762,165.4580412063925,159.04529941087006
2024-11-10,38.33641213829056,0,Squash,40.56627850199137,36.79973981464946,39.93261651659403,38.36617816562175
2024-11-17,37.00652168795156,0,Squash,38.33641213829056,36.876987092461015,38.156247994847455,37.516617543654235
2024-11-24,38.77078784522139,0,Squash,37.00652168795156,36.66252575912131,35.930409775224206,36.29646776717276
2024-12-01,42.55657209656843,0,Squash,38.77078784522139,40.20982294073621,37.7284145456227,38.96911874317945
2024-12-08,44.82643376565118,0,Squash,42.55657209656843,45.98698012171279,42.30992830000528,44.148454210859036
2024-12-15,45.47701316879383,1,Squash,44.82643376565118,46.21880548239726,46.00766669488092,46.113236088639084
2024-12-22,47.24223979826239,0,Squash,45.47701316879383,45.81283672450756,47.005873857003365,46.409355290755464
2024-12-29,46.997741050862786,0,Squash,47.24223979826239,47.7748514192761,47.700823719456466,47.73783756936628
2025-01-05,45.90075975085778,1,Squash,46.997741050862786,47.74500760235406,48.697883434438225,48.22144551839614
2025-01-12,46.6968859567157,1,Squash,45.90075975085778,44.590482841340894,46.90415101672692,45.74731692903391
2025-01-19,46.44206131155293,0,Squash,46.6968859567157,46.80587881357447,46.81248655010378,46.809182681839125
2025-01-26,44.640292971806666,0,Squash,46.44206131155293,46.66663120821606,45.67450601513188,46.17056861167397
2025-02-02,44.39835692548443,0,Squash,44.640292971806666,43.469185080107486,44.82689037867083,44.14803772938916
2025-02-09,44.27330672329617,0,Squash,44.39835692548443,43.7858865731832,44.51914400958706,44.15251529138513
2025-02-16,45.24499237315345,0,Squash,44.27330672329617,44.804445632523574,44.01202004736615,44.40823283994486
2025-02-23,47.76334405754537,0,Squash,45.24499237315345,45.854634903862745,45.41195668058086,45.6332957922218
2025-03-02,49.914321736927526,1,Squash,47.76334405754537,49.79092961805346,47.321791358933154,48.55636048849331
2025-03-09,51.028754825141874,1,Squash,49.914321736927526,51.894916627916075,49.75788667940666,50.826401653661364
2025-03-16,52.37815419504986,0,Squash,51.028754825141874,51.42999287950815,51.50900718047902,51.46950002999358
2025-03-23,51.75646643085207,0,Squash,52.37815419504986,52.909264354252386,52.355799094909884,52.632531724581135
2025-03-30,49.52230263025877,0,Squash,51.75646643085207,51.389522205872495,51.6007202540132,51.495121229942846
2025-04-06,46.00709987439071,0,Squash,49.52230263025877,47.67831321900481,50.01877460153219,48.8485439102685
2025-04-13,44.59424587720976,1,Squash,46.00709987439071,42.98488038361229,45.867980085386385,44.426430234499335
2025-04-20,43.608934292062585,0,Squash,44.59424587720976,43.86817208133916,44.91841113204107,44.39329160669011
2025-04-27,44.10972005191969,0,Squash,43.608934292062585,43.19963259292592,43.47882261262781,43.339227602776866
2025-05-04,44.67928593516723,1,Squash,44.10972005191969,44.45852978678768,43.86220727924036,44.16036853301402
2025-05-11,46.13845665233844,0,Squash,44.67928593516723,45.78522900044456,44.8633271968402,45.32427809864238
2025-05-18,45.80456989169886,1,Squash,46.13845665233844,46.36867878629726,45.23734636085742,45.80301257357734
2025-05-25,45.697687462809064,1,Squash,45.80456989169886,46.293068237556376,45.54884975314906,45.92095899535272
2025-06-01,44.75193828379028,1,Squash,45.697687462809064,44.991149104812564,46.79843647861717,45.89479279171486
2025-06-08,44.24214841246621,0,Squash,44.75193828379028,44.31316811596617,45.22122621570938,44.76719716583777
2025-06-15,43.895289186305405,0,Squash,44.24214841246621,43.40068716001901,44.141703849733034,43.77119550487602
2025-06-22,43.03470309047182,0,Squash,43.895289186305405,43.542252406284554,43.75967696673334,43.65096468650894
2025-06-29,43.225921000429075,1,Squash,43.03470309047182,42.55961086538157,43.920590474886495,43.240100670134034
2025-07-06,40.56578058960966,1,Squash,43.225921000429075,43.07909774257,43.09918832320778,43.089143032888884
2025-07-13,40.49965980485351,0,Squash,40.56578058960966,39.1822593533573,39.430528113871134,39.306393733614215
2025-07-20,40.45176000842802,0,Squash,40.49965980485351,39.67104758659877,39.05671313241393,39.363880359506354
2025-07-27,40.4827996583174,0,Squash,40.45176000842802,41.27313979101499,39.00709898719541,40.1401193891052
2025-08-03,41.656944769790854,0,Squash,40.4827996583174,40.31553236068686,38.985294947166274,39.65041365392656
2025-08-10,43.985065114861186,0,Squash,41.656944769790854,42.69891404025943,40.8214636625559,41.76018885140766
2025-08-17,46.670837220767034,1,Squash,43.985065114861186,46.202886795653875,43.53458685911244,44.86873682738316
2025-08-24,51.272252129455005,0,Squash,46.670837220767034,48.73419744876664,45.98480343542386,47.35950044209525
2025-08-31,57.664900908762775,0,Squash,51.272252129455005,54.69258276126769,49.718389557738696,52.205486159503195
2025-09-07,64.86068262933358,0,Squash,57.664900908762775,62.621722233823064,58.95684863119777,60.78928543251042
2025-09-14,70.22034559264205,0,Squash,64.86068262933358,70.76971746108033,66.83358349679574,68.80165047893803
2025-09-21,73.04106321186305,0,Squash,70.22034559264205,73.50744768895021,72.68654356017134,73.09699562456078
2025-09-28,73.55790834826787,0,Squash,73.04106321186305,74.63291001359414,73.58103450388194,74.10697225873804
2025-10-05,71.50991842802514,0,Squash,73.55790834826787,73.49520065931586,71.76245921058019,72.62882993494802
2025-10-12,70.45716102073771,0,Squash,71.50991842802514,69.93737164282516,70.84616491850366,70.39176828066441
2025-10-19,69.89553480762697,0,Squash,70.45716102073771,69.69632123843337,69.35530741165263,69.525814325043
2025-10-26,69.81738577478845,0,Squash,69.89553480762697,69.62899234332245,68.71771925110079,69.17335579721163
2025-11-02,70.58520771922856,0,Squash,69.81738577478845,69.98831086557125,68.67200372808892,69.3301572968301
2025-11-09,72.50462398743622,1,Squash,70.58520771922856,71.08187837841922,69.54756714763433,70.31472276302677
2025-11-16,68.97451227701015,0,Squash,72.50462398743622,73.09660320311998,70.16214904999725,71.62937612655861
2025-11-23,65.7755769541281,0,Squash,68.97451227701015,67.71888856076173,68.57644647157497,68.14766751616835
2025-11-30,60.91007882853044,0,Squash,65.7755769541281,61.62663726423021,65.28024229908164,63.45343978165592
2025-12-07,53.424966267984466,0,Squash,60.91007882853044,57.42327962119626,59.21016353865159,58.31672157992392
2025-12-14,49.22997510669716,0,Squash,53.424966267984466,47.54303211235961,53.203939713280754,50.373485912820186
2025-12-21,46.70783211613005,0,Squash,49.22997510669716,46.59401414724312,49.00574407217987,47.7998791097115
2025-12-28,46.637226708533085,1,Squash,46.70783211613005,45.78974978106094,48.61226703548735,47.20100840827415
2026-01-04,49.4667819799934,1,Squash,46.637226708533085,46.880467281709855,47.16322452604941,47.02184590387964
2026-01-11,52.748351592294576,0,Squash,49.4667819799934,52.02118558173462,49.89750737567287,50.95934647870375
2026-01-18,56.265565600709465,0,Squash,52.748351592294576,54.409389263540504,52.635910208992364,53.52264973626643
2026-01-25,58.5193007824996,0,Squash,56.265565600709465,58.80231245627345,56.08788682194188,57.44509963910767
2026-02-01,59.898327593310626,0,Squash,58.5193007824996,60.66085518849545,56.816381299314784,58.738618243905115
2026-02-08,60.47618412762395,0,Squash,59.898327593310626,60.721815674174834,58.445070032580645,59.58344285337774
2026-02-15,60.7082208735187,0,Squash,60.47618412762395,60.67128859171096,58.77757942467443,59.724434008192695
2026-02-22,57.597267320552355,1,Squash,60.7082208735187,60.753943102673915,58.22518626277041,59.48956468272216
2026-03-01,57.5808493926671,1,Squash,57.597267320552355,55.91025080898493,56.2334641722827,56.07185749063382
2026-03-08,56.858990083828274,0,Squash,57.5808493926671,56.03143638688775,56.6397083237317,56.33557235530972
2026-03-15,61.70432812481593,1,Squash,56.858990083828274,57.12509435144307,55.303219805851285,56.214157078647176
2026-03-22,64.47136934549185,1,Squash,61.70432812481593,64.49265586052536,59.53174430638026,62.01220008345281
2026-03-29,66.03446300367725,1,Squash,64.47136934549185,68.69271429803861,61.34058435708853,65.01664932756357
2026-04-05,65.9364714895039,1,Squash,66.03446300367725,65.99102327715347,63.608886316818115,64.79995479698579
2026-04-12,69.30353646837203,1,Squash,65.9364714895039,65.92045740422014,64.04072859628491,64.98059300025253
2026-04-19,60.66928804658702,1,Squash,69.30353646837203,72.12615655461575,66.18133121095626,69.153743882786
2026-04-26,55.09070410989516,1,Squash,60.66928804658702,53.23488515160188,58.42750228189281,55.83119371674734
2026-05-03,55.22035715581664,1,Squash,55.09070410989516,51.09706085053824,55.524929281699585,53.31099506611891
2026-05-10,56.88641082076558,1,Squash,55.22035715581664,56.42529060664554,57.04916772844085,56.73722916754319
2026-05-17,56.31596335288917,1,Squash,56.88641082076558,58.01441271706398,57.73100219993123,57.87270745849761
2026-05-24,56.06171430453304,1,Squash,56.31596335288917,55.344819945000296,57.049251879424205,56.19703591221225
2026-05-31,57.165554237058615,0,Squash,56.06171430453304,56.1058562852257,56.49835817321781,56.302107229221754
2026-06-07,53.74381290715507,1,Squash,57.165554237058615,57.20436165756442,56.423350524595236,56.81385609107983
2026-06-14,53.91262561386628,1,Squash,53.74381290715507,51.63139400527257,52.91061626714042,52.2710051362065
2026-06-21,52.67531254562856,0,Squash,53.91262561386628,53.85318690345809,53.27712488478227,53.56515589412018
2026-06-28,51.34824897307219,1,Squash,52.67531254562856,52.31273501910248,52.03453233513356,52.17363367711802
2026-07-05,50.99509848113981,0,Squash,51.34824897307219,49.86727637470067,50.62651909846129,50.246897736580976
2026-07-12,52.48954719297097,0,Squash,50.99509848113981,51.196463191589224,50.1925701593968,50.69451667549301
2026-07-19,53.6283190725109,1,Squash,52.48954719297097,53.143461356957935,50.3545507787864,51.749006067872166
2026-07-26,53.88703521559606,0,Squash,53.6283190725109,54.907001428489224,51.9204732654354,53.41373734696231
2024-11-10,128.85783840559202,0,Tomato,113.30199252404717,133.5872147238886,120.95002948083427,127.26862210236143
2024-11-17,140.15690358388483,0,Tomato,128.85783840559202,138.00673736776204,132.66439176939207,135.33556456857707
2024-11-24,146.00326517199122,0,Tomato,140.15690358388483,150.4060871122488,142.80903800237238,146.6075625573106
2024-12-01,148.12992329777396,0,Tomato,146.00326517199122,148.32188439510202,147.68588200186335,148.0038831984827
2024-12-08,150.77196777645003,0,Tomato,148.12992329777396,149.18005415326613,148.1203163831792,148.65018526822266
2024-12-15,154.94899844611848,1,Tomato,150.77196777645003,154.09001785390402,149.46274209800612,151.77637997595508
2024-12-22,158.83162971608107,0,Tomato,154.94899844611848,158.5115742779264,151.76605772460664,155.13881600126652
2024-12-29,163.16748070566524,0,Tomato,158.83162971608107,162.60353009752905,155.49114843480055,159.04733926616478
2025-01-05,168.8218179353501,1,Tomato,163.16748070566524,166.91382186143812,157.95497631876339,162.43439909010075
2025-01-12,167.9734479146851,1,Tomato,168.8218179353501,174.3782188526619,164.8442106851365,169.61121476889917
2025-01-19,161.5744197607928,0,Tomato,167.9734479146851,163.29069029917912,163.81901847895512,163.55485438906712
2025-01-26,148.95031394950905,0,Tomato,161.5744197607928,155.01092049935988,157.45014455327328,156.23053252631658
2025-02-02,129.42238312722588,0,Tomato,148.95031394950905,135.29893944227828,143.31748619072,139.30821281649912
2025-02-09,115.23832302365692,0,Tomato,129.42238312722588,110.28817483912935,122.56266623498345,116.4254205370564
2025-02-16,105.2422333073922,0,Tomato,115.23832302365692,106.80527042857916,110.5563357380429,108.68080308331103
2025-02-23,99.41706076142748,0,Tomato,105.2422333073922,96.54634150910893,99.5328131032296,98.03957730616926
2025-03-02,98.46868275116968,1,Tomato,99.41706076142748,96.58526031576585,93.09670153138597,94.84098092357591
2025-03-09,95.31316538365508,1,Tomato,98.46868275116968,98.67334343456689,95.22435306023645,96.94884824740167
2025-03-16,90.64421038214492,0,Tomato,95.31316538365508,91.13308124598362,90.6267158559146,90.87989855094911
2025-03-23,84.38250139543266,0,Tomato,90.64421038214492,86.36652068210911,85.8758373696022,86.12117902585565
2025-03-30,76.19143993218266,0,Tomato,84.38250139543266,78.06808194139187,78.4531214553997,78.26060169839579
2025-04-06,66.70887658567483,0,Tomato,76.19143993218266,68.63276942080735,71.07934171517216,69.85605556798976
2025-04-13,60.90056310469643,1,Tomato,66.70887658567483,57.65331295076377,63.85825655431802,60.75578475254089
2025-04-20,61.17296499954041,0,Tomato,60.90056310469643,58.96887723754569,64.75194249922768,61.86040986838668
2025-04-27,65.21759560972485,0,Tomato,61.17296499954041,62.002990866358004,66.89404577956971,64.44851832296385
2025-05-04,74.92558114310674,1,Tomato,65.21759560972485,71.19582521776837,67.77477363020215,69.48529942398525
2025-05-11,79.4353416550544,0,Tomato,74.92558114310674,84.56925113660058,82.3392779090064,83.4542645228035
2025-05-18,80.03228337266059,1,Tomato,79.4353416550544,80.167186554444,86.44353705529244,83.30536180486823
2025-05-25,75.92679359016616,1,Tomato,80.03228337266059,80.09169421159027,83.82625419594855,81.9589742037694
2025-06-01,67.69785412775428,1,Tomato,75.92679359016616,70.26284977903799,75.42139269409377,72.84212123656587
2025-06-08,62.07960644304234,0,Tomato,67.69785412775428,59.2911171674884,66.97822352873237,63.13467034811039
2025-06-15,58.7138657442647,0,Tomato,62.07960644304234,59.359208325924556,66.79901304780918,63.07911068686687
2025-06-22,57.30343309661937,0,Tomato,58.7138657442647,55.61068854061518,64.9782562128621,60.29447237673864
2025-06-29,57.55524083782148,1,Tomato,57.30343309661937,57.39436897129996,62.18095794937206,59.787663460336006
2025-07-06,61.57806500568293,1,Tomato,57.55524083782148,57.98093424367447,61.49584004093122,59.73838714230284
2025-07-13,63.05919362867557,0,Tomato,61.57806500568293,66.46325722332959,64.44469532146357,65.45397627239657
2025-07-20,63.456448930940795,0,Tomato,63.05919362867557,62.75938766171762,63.75343926513874,63.256413463428174
2025-07-27,62.90629237729008,0,Tomato,63.456448930940795,63.83236717859858,64.05416973277109,63.94326845568483
2025-08-03,60.31327089631138,0,Tomato,62.90629237729008,61.81418168856672,65.83619469242984,63.82518819049828
2025-08-10,59.25579576315171,0,Tomato,60.31327089631138,57.6320897410294,59.452523737784006,58.5423067394067
2025-08-17,61.04003856996957,1,Tomato,59.25579576315171,59.432748578820565,57.32893721880204,58.3808428988113
2025-08-24,63.59409910345113,0,Tomato,61.04003856996957,63.02187348866298,58.83847878794137,60.93017613830217
2025-08-31,68.29679586453652,0,Tomato,63.59409910345113,66.5957772476528,61.32943493032491,63.962606088988856
2025-09-07,74.03913124184868,0,Tomato,68.29679586453652,72.69569035508685,69.37319757504677,71.03444396506681
2025-09-14,79.19506212048825,0,Tomato,74.03913124184868,79.90864176000942,75.99840589146874,77.95352382573907
2025-09-21,84.2453042116137,0,Tomato,79.19506212048825,82.55475160177689,84.80613036923702,83.68044098550695
2025-09-28,88.20050239140215,0,Tomato,84.2453042116137,89.09037310548095,90.90636883640008,89.99837097094051
2025-10-05,91.33522921404142,0,Tomato,88.20050239140215,91.08897063818621,93.80886411244097,92.44891737531358
2025-10-12,93.33799422234996,0,Tomato,91.33522921404142,94.04801352164878,92.07933026155729,93.06367189160304
2025-10-19,93.7336943449938,0,Tomato,93.33799422234996,94.24514641886988,92.35935348720058,93.30224995303523
2025-10-26,92.593082125322,0,Tomato,93.7336943449938,93.83389482785876,90.92810800695058,92.38100141740466
2025-11-02,90.27664354639516,0,Tomato,92.593082125322,90.91734018506213,91.56887882484592,91.24310950495402
2025-11-09,86.04789063794048,1,Tomato,90.27664354639516,87.86373244592053,89.35304519730077,88.60838882161065
2025-11-16,82.94942162399849,0,Tomato,86.04789063794048,82.09495572116653,84.54630670411022,83.32063121263838
2025-11-23,79.1102458467273,0,Tomato,82.94942162399849,80.21205660109895,82.74692971473297,81.47949315791595
2025-11-30,75.36579831054158,0,Tomato,79.1102458467273,75.86156175944988,78.59952028892319,77.23054102418654
2025-12-07,71.12017068388116,0,Tomato,75.36579831054158,71.66606256169631,74.76493014504857,73.21549635337243
2025-12-14,70.6060088247761,0,Tomato,71.12017068388116,67.5364500999319,70.87830342473637,69.20737676233414
2025-12-21,74.1051670812835,0,Tomato,70.6060088247761,72.39956870401448,71.7447616428837,72.0721651734491
2025-12-28,82.16865366794403,1,Tomato,74.1051670812835,78.01842400182193,75.60252969496148,76.8104768483917
2026-01-04,94.3646071038416,1,Tomato,82.16865366794403,91.1609762017532,86.9561774144345,89.05857680809385
2026-01-11,103.8022837154768,0,Tomato,94.3646071038416,106.28437218436814,103.07313943721563,104.67875581079188
2026-01-18,108.65237796594268,0,Tomato,103.8022837154768,109.12029919219754,111.7505373470686,110.43541826963306
2026-01-25,110.18073099501274,0,Tomato,108.65237796594268,112.72168710737886,115.82376086999541,114.27272398868713
2026-02-01,108.61637455030362,0,Tomato,110.18073099501274,109.52365621937665,112.59596413023613,111.05981017480639
2026-02-08,106.61201886482256,0,Tomato,108.61637455030362,106.78604530154485,108.12941658302228,107.45773094228356
2026-02-15,103.6063554453892,0,Tomato,106.61201886482256,104.94372066464865,104.84438828773516,104.89405447619191
2026-02-22,100.84525108262083,1,Tomato,103.6063554453892,100.52369280357186,99.68211914778178,100.10290597567682
2026-03-01,96.1682350722404,1,Tomato,100.84525108262083,98.60439672756029,96.74512720032713,97.67476196394371
2026-03-08,94.60874033944468,0,Tomato,96.1682350722404,91.42518422083145,90.37414050970989,90.89966236527067
2026-03-15,90.81293644370868,1,Tomato,94.60874033944468,94.70604702413856,90.54862929360728,92.62733815887292
2026-03-22,90.83544559380442,1,Tomato,90.81293644370868,86.95125088754128,88.27005257072284,87.61065172913206
2026-03-29,93.82464275399822,1,Tomato,90.83544559380442,91.5218397430722,86.82565898796946,89.17374936552083
2026-04-05,100.49794520685528,1,Tomato,93.82464275399822,98.09624954178634,89.72755441705364,93.91190197941998
2026-04-12,100.9873390033359,1,Tomato,100.49794520685528,107.28639829545762,97.17074765512798,102.22857297529279
2026-04-19,105.93513447223532,1,Tomato,100.9873390033359,97.64383592238559,99.28524146820254,98.46453869529407
2026-04-26,104.57958101174064,1,Tomato,105.93513447223532,113.9142327460902,103.94545442043173,108.92984358326098
2026-05-03,94.94269572773575,1,Tomato,104.57958101174064,98.51174434401776,101.66604422470756,100.08889428436265
2026-05-10,86.3490418784145,1,Tomato,94.94269572773575,85.56855622317397,91.666394105345,88.61747516425949
2026-05-17,81.86156526025547,1,Tomato,86.3490418784145,79.82546631916489,84.0101084105495,81.91778736485719
2026-05-24,76.89671977187051,1,Tomato,81.86156526025547,78.77510980946215,80.7163321059586,79.74572095771038
2026-05-31,74.09997752475702,0,Tomato,76.89671977187051,72.73627085740019,79.45068200255288,76.09347642997653
2026-06-07,74.20079459950597,1,Tomato,74.09997752475702,72.06553802498742,75.31785836982691,73.69169819740716
2026-06-14,76.19231452793527,1,Tomato,74.20079459950597,75.49867478970533,78.04422726437718,76.77145102704125
2026-06-21,84.52594942738638,0,Tomato,76.19231452793527,79.16811684179883,81.6332777962153,80.40069731900707
2026-06-28,97.88094170511424,1,Tomato,84.52594942738638,93.6318942766757,93.13440413167105,93.38314920417338
2026-07-05,115.12277598975544,0,Tomato,97.88094170511424,111.43653767882206,109.43428929269969,110.43541348576088
2026-07-12,125.7013524017508,0,Tomato,115.12277598975544,131.59308552217558,121.95861764548664,126.77585158383111
2026-07-19,130.05316147063925,1,Tomato,125.7013524017508,130.21772708063352,130.72250632860016,130.47011670461683
2026-07-26,128.80270975862555,0,Tomato,130.05316147063925,133.35803553178795,132.4716556951876,132.91484561348778
2024-11-10,58.649474638210464,0,Upo,59.41260913070711,57.89688989692702,58.41290119346651,58.154895545196766
2024-11-17,57.626991094723095,0,Upo,58.649474638210464,58.181810744860215,57.444290059314895,57.813050402087555
2024-11-24,58.3109253074374,0,Upo,57.626991094723095,57.159958399269776,57.02744591392552,57.093702156597644
2024-12-01,59.45128511516804,0,Upo,58.3109253074374,58.7280073509729,57.80317360417507,58.26559047757399
2024-12-08,60.01726938679318,0,Upo,59.45128511516804,60.720009218907684,59.20930222301239,59.96465572096004
2024-12-15,59.62443222682115,1,Upo,60.01726938679318,60.22926359737714,60.280226751113936,60.25474517424554
2024-12-22,60.75036257744315,0,Upo,59.62443222682115,59.36013287224283,59.726565947934354,59.543349410088595
2024-12-29,61.00665063131536,0,Upo,60.75036257744315,61.07526641454113,59.9879062795687,60.53158634705491
2025-01-05,60.96232375919319,1,Upo,61.00665063131536,61.92228413730766,59.91748840082372,60.91988626906569
2025-01-12,62.11380752527303,1,Upo,60.96232375919319,60.63895392817258,60.01809791147209,60.32852591982234
2025-01-19,62.118842425607255,0,Upo,62.11380752527303,62.605289918140606,60.86028393709249,61.732786927616544
2025-01-26,60.80502621267607,0,Upo,62.118842425607255,62.401198546083265,61.29121840264659,61.84620847436493
2025-02-02,60.47523628759077,0,Upo,60.80502621267607,59.75623713557504,59.86856547926237,59.81240130741871
2025-02-09,59.747558500800054,0,Upo,60.47523628759077,59.97327806498824,58.85139452504804,59.41233629501814
2025-02-16,59.57308011106711,0,Upo,59.747558500800054,59.63975293420268,58.19230606797687,58.91602950108978
2025-02-23,60.20412520369286,0,Upo,59.57308011106711,59.249496200602536,57.89713280252676,58.57331450156465
2025-03-02,60.04264607296774,1,Upo,60.20412520369286,60.80685981972749,58.25697103937859,59.53191542955304
2025-03-09,59.71534734402969,1,Upo,60.04264607296774,60.10134264780608,58.29899325238058,59.20016795009333
2025-03-16,59.8651886739074,0,Upo,59.71534734402969,59.164727009392635,58.1481743398793,58.65645067463596
2025-03-23,58.94705262769215,0,Upo,59.8651886739074,59.83899054095558,58.82328601258385,59.331138276769714
2025-03-30,57.27976505118462,0,Upo,58.94705262769215,58.32924213625907,59.0217849462127,58.67551354123589
2025-04-06,54.860383888797,0,Upo,57.27976505118462,55.94429918026998,57.38113475251051,56.66271696639025
2025-04-13,54.24222552830694,1,Upo,54.860383888797,52.92166239783051,54.36891620428963,53.645289301060075
2025-04-20,53.49856548990672,0,Upo,54.24222552830694,53.946941189525965,53.076837301797845,53.511889245661905
2025-04-27,54.07882530407835,0,Upo,53.49856548990672,53.34707701653188,52.05606847490733,52.7015727457196
2025-05-04,54.437680043771365,1,Upo,54.07882530407835,54.31725131698178,52.73596746640135,53.526609391691565
2025-05-11,56.03744498240938,0,Upo,54.437680043771365,55.30908062406641,53.30836216409455,54.30872139408048
2025-05-18,56.63684719063369,1,Upo,56.03744498240938,56.58648855166078,55.32670382010927,55.956596185885026
2025-05-25,57.88802776670837,1,Upo,56.63684719063369,57.731739725346685,56.665213257149134,57.19847649124791
2025-06-01,58.8497141850936,1,Upo,57.88802776670837,58.34015015762881,58.022176260117526,58.18116320887317
2025-06-08,59.48460355401516,0,Upo,58.8497141850936,59.88790097705686,59.402928615902624,59.64541479647974
2025-06-15,59.684375844430384,0,Upo,59.48460355401516,59.43742747603214,60.40320298076153,59.92031522839683
2025-06-22,59.05473856089221,0,Upo,59.684375844430384,59.7142491803696,60.276061139535365,59.99515515995248
2025-06-29,58.77656757712082,1,Upo,59.05473856089221,58.544404634294324,59.19564361331569,58.87002412380501
2025-07-06,55.49468716820174,1,Upo,58.77656757712082,58.30783854537165,58.595982803699535,58.4519106745356
2025-07-13,54.54335997738838,0,Upo,55.49468716820174,53.39879321083647,56.03474870165282,54.716770956244645
2025-07-20,53.69374376508303,0,Upo,54.54335997738838,53.330603664729985,54.7670362863779,54.04881997555394
2025-07-27,52.948209273567734,0,Upo,53.69374376508303,53.816860067423136,53.67543777051277,53.746148918967954
2025-08-03,53.3747254584568,0,Upo,52.948209273567734,52.23061076870016,52.56970773910576,52.400159253902956
2025-08-10,54.37445671407938,0,Upo,53.3747254584568,53.847193349255164,53.86990418775253,53.85854876850385
2025-08-17,54.971598801211734,1,Upo,54.37445671407938,55.38504004957183,55.02216995804071,55.203605003806274
2025-08-24,56.873115427349525,0,Upo,54.971598801211734,55.45456027289581,55.30200400669994,55.378282139797875
2025-08-31,59.55610379769626,0,Upo,56.873115427349525,58.11420345649362,57.03300204083772,57.57360274866567
2025-09-07,62.66392216708381,0,Upo,59.55610379769626,61.76092833606492,59.90632525279346,60.83362679442919
2025-09-14,64.8793175351025,0,Upo,62.66392216708381,65.09976242950299,62.924991047641825,64.01237673857241
2025-09-21,65.56776686745545,0,Upo,64.8793175351025,66.20649357485173,65.12381905132546,65.6651563130886
2025-09-28,65.2089931223262,0,Upo,65.56776686745545,65.7657235996916,64.99342181521317,65.37957270745238
2025-10-05,63.5575523542342,0,Upo,65.2089931223262,64.62603520434108,64.76351363991387,64.69477442212747
2025-10-12,62.21942490085442,0,Upo,63.5575523542342,62.369318569369625,62.85470040311191,62.612009486240765
2025-10-19,61.00659005073608,0,Upo,62.21942490085442,61.24471552247504,60.98214763149102,61.11343157698303
2025-10-26,59.89643274407222,0,Upo,61.00659005073608,60.14941931645653,59.76288740066589,59.95615335856121
2025-11-02,59.022525012021525,0,Upo,59.89643274407222,59.20415740457483,58.94010006050899,59.07212873254191
2025-11-09,60.35047574216715,1,Upo,59.022525012021525,58.325247080736254,58.48921614838169,58.407231614558974
2025-11-16,58.33040185206349,0,Upo,60.35047574216715,60.95461322112061,59.507465853041325,60.23103953708097
2025-11-23,57.55923072646987,0,Upo,58.33040185206349,57.9654465338393,58.13319966130669,58.049323097572994
2025-11-30,56.38736661294913,0,Upo,57.55923072646987,55.82500199331053,57.13892356704604,56.481962780178286
2025-12-07,54.33968549312789,0,Upo,56.38736661294913,55.95893799720073,55.98170801023459,55.97032300371766
2025-12-14,54.55213677195079,0,Upo,54.33968549312789,52.64346114585711,53.88499831499297,53.26422973042504
2025-12-21,55.83422537201048,0,Upo,54.55213677195079,55.0627196597519,54.5202125987149,54.7914661292334
2025-12-28,58.59395276783832,1,Upo,55.83422537201048,57.39869086965171,56.46925051563383,56.933970692642774
2026-01-04,63.32330627993351,1,Upo,58.59395276783832,60.82954381589558,59.3962435650719,60.112893690483745
2026-01-11,66.71527401981089,0,Upo,63.32330627993351,67.08212546967044,65.75362630442388,66.41787588704716
2026-01-18,69.21985161324187,0,Upo,66.71527401981089,68.40095543999058,67.37955491122935,67.89025517560997
2026-01-25,69.42156764614256,0,Upo,69.21985161324187,70.66526449469467,69.28037471343919,69.97281960406693
2026-02-01,67.51989967108557,0,Upo,69.42156764614256,69.64795366996437,68.86691114055785,69.25743240526111
2026-02-08,65.77959360730559,0,Upo,67.51989967108557,65.64840217408423,66.75839812041113,66.20340014724768
2026-02-15,64.67202171702603,0,Upo,65.77959360730559,64.64798446725398,64.8857665861836,64.76687552671879
2026-02-22,61.70848504741416,1,Upo,64.67202171702603,63.84161580920715,63.67627033610562,63.75894307265638
2026-03-01,62.02427379575576,1,Upo,61.70848504741416,60.07350525016978,60.743053118779514,60.40827918447465
2026-03-08,61.38857877565411,0,Upo,62.02427379575576,61.36510949630886,60.608814282091515,60.98696188920019
2026-03-15,65.8201564138343,1,Upo,61.38857877565411,61.537642927973984,59.69716561151532,60.617404269744654
2026-03-22,68.14623160929719,1,Upo,65.8201564138343,68.33315905201698,63.8447472637107,66.08895315786384
2026-03-29,69.27075923212249,1,Upo,68.14623160929719,71.71943535616711,66.71957548232118,69.21950541924414
2026-04-05,68.70378025776313,1,Upo,69.27075923212249,68.82716642467861,68.6019928527661,68.71457963872236
2026-04-12,71.75575667826253,1,Upo,68.70378025776313,68.38873231815091,67.90831007963584,68.14852119889338
2026-04-19,64.4066157802637,1,Upo,71.75575667826253,74.49434843077591,69.65625459162312,72.07530151119951
2026-04-26,60.45384774518889,1,Upo,64.4066157802637,57.800175353152746,62.777179287343785,60.28867732024827
2026-05-03,62.31424600849392,1,Upo,60.45384774518889,58.07381561526604,59.7978924901573,58.935854052711676
2026-05-10,65.46220576502631,1,Upo,62.31424600849392,64.72570655278518,61.8198220826173,63.272764317701245
2026-05-17,66.26809749693723,1,Upo,65.46220576502631,67.66990796253991,66.10268026329825,66.88629411291907
2026-05-24,67.87780428968054,1,Upo,66.26809749693723,66.49461554232514,66.34241777599902,66.41851665916208
2026-05-31,70.17764613607702,0,Upo,67.87780428968054,69.07229020223723,68.30742014489752,68.68985517356737
2026-06-07,68.83118666383504,1,Upo,70.17764613607702,71.54219546610972,69.5716499445754,70.55692270534256
2026-06-14,70.32091047561276,1,Upo,68.83118666383504,67.88773568995887,68.18598349067449,68.03685959031668
2026-06-21,69.82179992833258,0,Upo,70.32091047561276,71.24552431920355,69.51342417991269,70.37947424955811
2026-06-28,68.70610291736699,1,Upo,69.82179992833258,69.84962431316397,69.4347111228955,69.64216771802973
2026-07-05,68.13663347267388,0,Upo,68.70610291736699,67.34032924925003,68.4848741092024,67.91260167922621
2026-07-12,69.1169492660901,0,Upo,68.13663347267388,67.99626440156415,67.3441379835534,67.67020119255878
2026-07-19,70.04158489820726,1,Upo,69.1169492660901,69.64624612331242,68.00371152748079,68.82497882539661
2026-07-26,70.38483230801293,0,Upo,70.04158489820726,71.01694174600044,68.81376640913255,69.91535407756649
