date,precip,wind_max,t_mean,t_max,t_min
2018-01-01,7.6,17.1,25.3,26.3,24.7
2018-01-02,8.4,11.8,26.0,27.5,24.8
2018-01-03,9.2,7.8,26.6,30.1,23.9
2018-01-04,1.5,18.6,26.6,28.9,24.6
2018-01-05,5.0,16.3,26.6,30.3,23.8
2018-01-06,1.5,17.5,26.4,29.8,24.2
2018-01-07,5.1,11.7,26.5,29.3,24.5
2018-01-08,6.0,16.6,25.8,28.0,24.4
2018-01-09,1.8,22.5,26.1,28.2,24.5
2018-01-10,2.5,17.3,26.4,29.9,24.4
2018-01-11,4.5,16.2,26.8,30.2,24.7
2018-01-12,4.4,17.7,26.7,30.3,24.3
2018-01-13,7.2,18.6,26.3,29.2,24.8
2018-01-14,45.3,19.4,25.3,27.2,23.7
2018-01-15,50.5,19.2,24.7,26.4,22.4
2018-01-16,1.3,10.9,24.9,27.9,23.4
2018-01-17,8.1,9.8,25.6,29.7,23.2
2018-01-18,5.1,21.2,25.4,28.6,22.7
2018-01-19,6.4,16.9,25.6,30.1,22.4
2018-01-20,3.6,17.9,26.4,29.1,24.8
2018-01-21,12.2,22.1,25.6,28.9,24.0
2018-01-22,3.4,18.1,25.5,26.9,24.3
2018-01-23,1.1,15.3,26.1,30.1,22.8
2018-01-24,9.5,13.5,26.4,29.9,24.3
2018-01-25,3.5,9.9,26.6,30.4,23.8
2018-01-26,6.0,14.0,26.8,30.3,24.5
2018-01-27,4.3,16.5,26.2,30.2,23.5
2018-01-28,0.4,16.6,26.5,30.8,23.7
2018-01-29,0.3,20.0,26.8,29.4,24.7
2018-01-30,0.0,22.1,27.1,30.8,24.3
2018-01-31,0.1,21.6,26.3,28.5,24.6
2018-02-01,0.0,18.8,27.0,31.0,24.0
2018-02-02,16.1,17.6,26.3,29.3,24.7
2018-02-03,8.7,11.6,26.4,29.5,24.2
2018-02-04,2.2,11.6,26.9,30.3,24.4
2018-02-05,2.7,13.0,26.3,29.6,24.5
2018-02-06,5.3,16.6,26.5,30.3,24.4
2018-02-07,3.9,18.7,26.2,29.5,24.5
2018-02-08,0.2,17.3,26.5,28.6,24.2
2018-02-09,0.1,13.9,26.6,28.8,24.2
2018-02-10,10.6,12.0,26.7,29.4,24.9
2018-02-11,0.6,20.2,26.9,32.2,23.4
2018-02-12,37.4,16.8,25.7,29.1,24.4
2018-02-13,0.2,14.5,26.4,28.8,23.8
2018-02-14,3.5,8.7,26.4,27.9,24.8
2018-02-15,1.3,11.5,26.4,28.9,24.8
2018-02-16,0.6,14.1,27.0,31.1,24.1
2018-02-17,9.4,14.2,26.4,29.8,22.9
2018-02-18,11.6,23.3,26.2,29.1,24.6
2018-02-19,4.5,18.7,26.5,30.3,23.4
2018-02-20,7.7,13.7,26.3,29.3,24.1
2018-02-21,0.3,14.5,26.5,30.4,23.2
2018-02-22,1.4,20.5,26.9,30.2,24.5
2018-02-23,0.8,20.6,26.9,30.4,24.9
2018-02-24,12.7,20.5,25.7,26.9,24.4
2018-02-25,2.7,16.3,26.1,29.4,24.3
2018-02-26,1.9,16.7,26.9,30.6,24.5
2018-02-27,10.6,14.1,26.5,30.5,24.5
2018-02-28,3.1,13.7,26.6,30.2,24.1
2018-03-01,2.3,13.8,26.5,29.6,24.2
2018-03-02,18.7,16.6,26.1,29.3,24.5
2018-03-03,1.0,12.4,26.7,30.2,24.2
2018-03-04,2.2,18.7,27.2,32.2,24.3
2018-03-05,0.3,19.6,27.4,31.4,24.4
2018-03-06,0.5,18.9,27.4,30.6,24.9
2018-03-07,3.5,21.0,26.8,29.4,24.5
2018-03-08,0.2,20.0,27.3,30.9,24.9
2018-03-09,0.0,19.3,27.1,31.2,23.7
2018-03-10,1.2,18.8,27.1,30.7,24.3
2018-03-11,0.9,16.9,26.6,29.5,24.4
2018-03-12,2.1,18.1,26.8,30.1,24.1
2018-03-13,4.2,17.6,26.8,30.8,23.4
2018-03-14,0.0,22.7,26.8,29.3,25.0
2018-03-15,1.3,14.4,27.0,30.2,24.3
2018-03-16,7.3,10.5,27.3,31.9,24.2
2018-03-17,5.2,21.7,27.2,31.1,24.7
2018-03-18,2.6,18.1,27.8,31.7,25.2
2018-03-19,24.3,20.2,25.1,26.4,23.8
2018-03-20,3.3,11.9,26.5,30.1,23.6
2018-03-21,2.0,17.4,26.6,29.7,24.6
2018-03-22,25.6,18.4,26.3,30.5,24.1
2018-03-23,17.2,18.8,26.3,30.5,24.1
2018-03-24,0.5,21.2,26.9,30.3,24.7
2018-03-25,0.7,19.6,27.7,31.3,24.9
2018-03-26,0.1,23.9,26.5,29.5,24.6
2018-03-27,0.0,17.3,27.0,31.3,23.6
2018-03-28,0.0,14.3,26.5,30.1,23.3
2018-03-29,0.3,15.2,26.7,29.8,23.4
2018-03-30,0.5,11.4,26.7,29.8,23.8
2018-03-31,0.7,13.3,26.9,29.5,24.3
2018-04-01,1.7,11.5,27.0,30.2,24.3
2018-04-02,0.0,12.3,27.2,31.0,24.5
2018-04-03,6.5,9.8,26.8,31.0,24.6
2018-04-04,9.5,13.8,26.5,31.0,24.1
2018-04-05,3.4,13.0,26.2,29.8,23.9
2018-04-06,0.0,18.2,27.4,32.4,24.5
2018-04-07,1.1,13.0,27.6,32.4,23.8
2018-04-08,6.6,11.8,26.9,30.1,24.2
2018-04-09,4.1,12.1,27.0,29.5,24.4
2018-04-10,8.1,14.4,27.1,30.5,25.0
2018-04-11,11.0,15.2,26.4,29.0,25.2
2018-04-12,1.8,15.5,27.4,31.3,24.6
2018-04-13,4.1,14.3,27.2,30.7,24.6
2018-04-14,8.0,16.4,27.3,31.6,24.9
2018-04-15,10.6,16.7,26.7,29.6,25.4
2018-04-16,15.2,15.3,26.2,28.4,24.3
2018-04-17,18.6,16.6,26.8,30.8,24.9
2018-04-18,41.4,12.9,25.7,27.7,24.5
2018-04-19,20.7,11.3,26.5,31.1,23.9
2018-04-20,16.0,14.5,26.8,30.8,24.6
2018-04-21,2.5,14.1,27.5,31.6,24.9
2018-04-22,4.1,13.4,27.4,31.3,24.3
2018-04-23,2.6,14.0,27.4,31.1,24.9
2018-04-24,0.3,13.4,27.7,32.0,24.8
2018-04-25,8.7,15.2,27.4,31.7,24.3
2018-04-26,6.4,13.7,27.2,31.3,24.9
2018-04-27,14.3,10.9,26.9,30.3,24.7
2018-04-28,7.9,16.4,27.4,31.0,25.5
2018-04-29,1.8,18.2,27.6,32.1,24.9
2018-04-30,7.1,11.5,27.4,29.9,24.7
2018-05-01,5.3,11.5,26.8,30.3,24.7
2018-05-02,24.5,10.4,26.6,30.0,24.6
2018-05-03,1.6,12.2,26.5,29.7,24.0
2018-05-04,8.2,13.4,27.2,30.7,24.7
2018-05-05,5.5,8.3,26.9,31.1,24.0
2018-05-06,7.6,10.8,27.0,30.7,23.9
2018-05-07,5.0,11.6,26.7,29.7,24.3
2018-05-08,2.8,9.2,26.2,27.8,24.5
2018-05-09,8.4,10.7,26.6,30.0,24.5
2018-05-10,5.4,9.3,26.7,29.3,24.4
2018-05-11,6.3,9.6,27.5,31.2,24.5
2018-05-12,5.2,11.5,27.5,31.3,25.2
2018-05-13,3.3,14.8,27.3,30.4,24.4
2018-05-14,9.4,11.8,26.8,29.7,24.9
2018-05-15,17.9,14.2,26.8,29.4,24.7
2018-05-16,15.1,9.5,26.8,29.9,24.3
2018-05-17,21.7,11.5,26.6,30.2,24.3
2018-05-18,12.5,11.9,26.4,29.3,24.1
2018-05-19,7.5,11.9,26.8,29.5,24.2
2018-05-20,16.0,12.0,26.6,28.8,24.8
2018-05-21,0.6,11.1,27.5,30.0,25.2
2018-05-22,2.0,9.7,27.7,30.1,25.0
2018-05-23,2.9,7.9,28.2,30.8,25.3
2018-05-24,15.9,9.8,27.4,30.7,25.3
2018-05-25,16.8,10.6,27.0,29.0,25.1
2018-05-26,2.0,11.4,27.9,31.8,25.3
2018-05-27,9.2,11.3,27.4,30.0,25.2
2018-05-28,23.1,11.2,26.7,30.7,24.8
2018-05-29,12.8,10.8,27.0,29.1,24.9
2018-05-30,15.5,11.4,26.6,29.1,24.9
2018-05-31,2.7,13.0,27.0,30.0,24.6
2018-06-01,5.9,12.2,26.1,27.9,24.5
2018-06-02,7.6,7.2,25.3,26.3,24.6
2018-06-03,0.2,8.4,26.5,29.1,23.9
2018-06-04,0.1,10.5,27.4,29.8,25.0
2018-06-05,1.5,9.5,26.5,28.5,24.7
2018-06-06,1.5,6.8,26.1,27.9,24.2
2018-06-07,0.4,10.7,27.6,30.8,24.4
2018-06-08,0.3,19.1,27.7,30.3,25.3
2018-06-09,0.2,20.4,27.9,29.6,26.3
2018-06-10,0.1,17.2,27.9,30.1,25.4
2018-06-11,0.2,15.5,27.4,29.4,25.3
2018-06-12,0.0,13.1,27.4,30.2,24.8
2018-06-13,0.6,14.4,27.4,29.7,25.5
2018-06-14,0.9,13.4,26.7,29.8,24.2
2018-06-15,6.2,16.2,26.5,29.2,24.6
2018-06-16,1.2,12.3,26.3,28.5,24.7
2018-06-17,1.1,11.4,26.5,29.1,24.2
2018-06-18,0.1,12.2,26.7,29.8,24.4
2018-06-19,3.3,9.7,27.0,29.9,24.4
2018-06-20,2.9,10.2,26.4,27.7,25.4
2018-06-21,7.8,12.6,25.9,27.9,25.0
2018-06-22,0.0,10.7,26.4,29.0,24.0
2018-06-23,1.7,10.4,26.6,29.0,24.1
2018-06-24,1.7,11.9,27.1,29.6,24.0
2018-06-25,4.6,12.6,26.6,28.8,24.0
2018-06-26,5.2,14.4,26.5,28.7,24.1
2018-06-27,0.7,11.8,26.7,29.3,24.2
2018-06-28,2.8,12.6,26.9,29.8,24.2
2018-06-29,4.4,17.8,26.7,29.5,24.6
2018-06-30,4.1,16.3,26.6,29.1,25.0
2018-07-01,0.7,13.0,26.6,28.9,24.9
2018-07-02,13.9,12.9,26.3,29.3,24.2
2018-07-03,0.1,12.1,26.7,30.2,23.8
2018-07-04,0.3,13.3,26.3,28.8,24.4
2018-07-05,1.1,13.2,25.9,28.4,24.3
2018-07-06,1.1,12.1,25.7,28.6,23.6
2018-07-07,0.1,12.3,26.4,29.4,24.4
2018-07-08,0.7,14.2,27.1,29.7,24.6
2018-07-09,0.8,11.5,26.8,29.3,24.5
2018-07-10,3.0,11.5,26.6,29.0,24.8
2018-07-11,0.6,13.6,25.6,27.2,24.3
2018-07-12,14.8,10.2,24.7,25.6,24.1
2018-07-13,0.1,10.5,26.0,28.1,24.5
2018-07-14,0.1,9.4,26.4,28.8,24.3
2018-07-15,0.6,6.4,26.2,28.7,23.8
2018-07-16,1.2,20.9,26.2,28.7,24.3
2018-07-17,1.6,15.1,26.7,29.1,24.0
2018-07-18,1.1,19.1,27.9,30.3,26.2
2018-07-19,0.5,14.7,27.1,29.9,25.1
2018-07-20,0.7,11.2,27.1,29.8,25.3
2018-07-21,5.2,14.8,26.6,29.4,24.4
2018-07-22,3.6,12.5,26.1,28.9,24.5
2018-07-23,0.8,9.9,26.1,27.8,23.9
2018-07-24,0.3,9.0,27.0,30.2,24.3
2018-07-25,0.1,9.2,27.0,30.4,24.9
2018-07-26,0.0,14.5,27.0,30.2,24.9
2018-07-27,0.2,14.5,27.2,30.2,24.6
2018-07-28,0.0,13.4,27.4,30.8,25.0
2018-07-29,0.4,12.1,27.1,30.4,25.1
2018-07-30,0.1,15.1,26.9,30.8,24.8
2018-07-31,6.8,12.6,26.2,28.4,24.4
2018-08-01,3.1,9.4,25.7,28.5,23.4
2018-08-02,2.0,25.3,25.8,28.4,23.6
2018-08-03,4.0,12.0,25.3,28.0,23.3
2018-08-04,0.6,14.4,25.9,29.0,23.5
2018-08-05,1.1,11.9,26.2,29.1,23.9
2018-08-06,0.3,21.9,26.5,29.8,24.2
2018-08-07,0.0,20.6,26.6,29.3,23.8
2018-08-08,0.2,18.4,27.2,29.6,24.7
2018-08-09,0.3,11.4,26.9,29.7,24.7
2018-08-10,1.0,11.6,26.6,28.9,24.6
2018-08-11,0.0,13.3,26.8,29.9,24.4
2018-08-12,0.6,17.0,26.7,29.6,24.3
2018-08-13,1.0,19.2,27.0,30.2,24.0
2018-08-14,0.7,14.1,26.9,29.8,24.3
2018-08-15,0.1,15.6,27.5,30.7,24.7
2018-08-16,0.0,7.9,27.7,30.1,25.1
2018-08-17,0.3,8.1,27.0,28.6,25.8
2018-08-18,0.3,12.7,26.7,29.6,24.5
2018-08-19,1.4,13.0,26.7,29.1,24.3
2018-08-20,0.6,14.0,27.3,30.3,24.8
2018-08-21,0.8,15.7,27.4,29.9,25.5
2018-08-22,0.6,15.9,27.5,30.2,25.6
2018-08-23,4.5,13.8,27.2,29.9,25.1
2018-08-24,17.0,13.5,26.2,28.6,24.4
2018-08-25,20.0,12.2,25.5,27.6,24.0
2018-08-26,1.3,10.3,26.2,29.4,24.2
2018-08-27,0.8,12.3,26.6,30.0,24.0
2018-08-28,0.0,9.7,26.9,29.8,24.5
2018-08-29,8.1,12.8,26.3,30.5,23.8
2018-08-30,4.2,10.7,25.9,29.6,23.9
2018-08-31,1.4,11.1,25.9,29.5,23.5
2018-09-01,1.1,10.8,26.3,28.8,24.0
2018-09-02,4.2,11.0,26.3,28.4,23.9
2018-09-03,0.5,10.1,26.6,29.2,24.1
2018-09-04,0.0,13.0,27.0,29.7,25.3
2018-09-05,0.0,11.7,27.1,30.2,24.2
2018-09-06,0.0,15.0,27.2,30.0,25.3
2018-09-07,0.6,12.6,27.2,31.0,24.2
2018-09-08,0.1,13.4,26.9,30.0,24.6
2018-09-09,6.3,11.5,26.6,29.6,25.1
2018-09-10,2.2,17.0,26.8,30.0,24.5
2018-09-11,1.3,10.0,26.0,29.2,23.7
2018-09-12,0.0,7.9,26.5,28.7,24.3
2018-09-13,1.0,13.4,25.8,28.3,23.1
2018-09-14,0.3,32.4,27.2,29.5,25.3
2018-09-15,0.7,26.3,27.7,30.2,26.1
2018-09-16,13.9,11.3,27.0,29.6,23.9
2018-09-17,15.7,11.8,26.8,31.8,24.1
2018-09-18,5.0,15.0,26.5,29.8,24.2
2018-09-19,0.7,11.0,26.7,30.0,24.5
2018-09-20,0.5,8.3,25.8,27.5,24.6
2018-09-21,2.5,12.9,26.2,28.9,24.4
2018-09-22,1.9,13.2,26.4,29.1,23.9
2018-09-23,0.6,13.0,26.2,29.6,23.3
2018-09-24,0.5,10.5,26.6,29.4,24.0
2018-09-25,0.1,9.4,27.2,29.7,24.3
2018-09-26,0.2,14.3,27.5,30.9,24.7
2018-09-27,0.8,10.3,27.2,30.3,24.6
2018-09-28,0.0,14.8,27.2,30.5,24.6
2018-09-29,0.4,15.3,27.7,30.4,25.5
2018-09-30,0.4,16.7,27.5,30.7,25.7
2018-10-01,0.0,13.0,27.4,30.8,24.7
2018-10-02,1.4,15.0,27.8,31.5,25.6
2018-10-03,0.9,15.2,27.6,30.7,25.4
2018-10-04,2.7,12.9,27.4,30.8,25.1
2018-10-05,26.6,14.4,27.2,30.2,24.6
2018-10-06,8.9,12.2,27.1,30.5,24.4
2018-10-07,2.8,11.2,27.5,31.5,24.9
2018-10-08,3.5,11.5,27.2,30.4,24.4
2018-10-09,3.7,12.6,27.4,30.8,24.3
2018-10-10,4.4,10.8,27.7,31.7,24.6
2018-10-11,1.5,15.5,28.3,33.1,25.2
2018-10-12,7.3,15.2,27.8,32.4,24.9
2018-10-13,22.4,13.0,26.8,30.7,24.4
2018-10-14,24.6,14.5,26.6,30.9,24.1
2018-10-15,5.0,11.2,26.7,30.0,24.5
2018-10-16,1.3,20.2,26.2,29.4,23.9
2018-10-17,1.2,13.4,26.4,29.4,24.6
2018-10-18,5.5,10.8,26.2,29.4,24.1
2018-10-19,2.1,13.5,26.2,29.3,24.0
2018-10-20,28.7,14.3,26.3,30.5,24.0
2018-10-21,11.7,10.7,26.4,29.3,24.2
2018-10-22,21.8,14.2,26.0,30.2,23.9
2018-10-23,0.5,10.9,26.9,30.4,23.9
2018-10-24,11.4,14.8,26.8,31.0,24.2
2018-10-25,3.6,12.0,27.0,31.7,24.3
2018-10-26,0.5,11.5,27.3,31.0,24.9
2018-10-27,1.4,11.9,26.9,29.9,24.7
2018-10-28,0.7,11.6,26.7,29.5,24.4
2018-10-29,1.1,11.9,26.7,29.0,23.7
2018-10-30,0.4,14.0,27.1,30.0,23.8
2018-10-31,6.5,9.3,26.9,29.4,24.9
2018-11-01,7.1,11.1,26.8,30.4,24.7
2018-11-02,5.6,15.0,27.1,31.3,24.9
2018-11-03,16.2,10.8,26.7,29.9,25.0
2018-11-04,14.5,13.7,27.0,31.4,24.9
2018-11-05,16.9,10.4,26.4,29.4,24.6
2018-11-06,8.9,15.1,26.4,29.1,24.5
2018-11-07,2.9,20.1,27.4,30.6,25.1
2018-11-08,4.0,20.8,27.4,31.3,25.5
2018-11-09,6.7,17.6,27.0,30.4,25.0
2018-11-10,2.7,20.9,27.1,30.5,24.8
2018-11-11,9.3,18.1,26.6,29.9,24.5
2018-11-12,19.3,16.3,26.1,28.0,25.1
2018-11-13,15.2,15.5,25.6,28.7,24.7
2018-11-14,4.5,9.7,26.6,29.6,24.4
2018-11-15,18.1,8.7,26.3,29.0,24.5
2018-11-16,1.0,13.7,27.1,31.4,24.5
2018-11-17,0.7,19.1,26.9,30.3,23.6
2018-11-18,0.0,18.6,27.5,31.0,24.9
2018-11-19,1.0,23.1,25.3,27.0,23.8
2018-11-20,0.0,14.0,25.4,28.2,22.7
2018-11-21,0.8,13.0,26.4,29.5,24.2
2018-11-22,2.4,11.4,26.6,28.9,24.9
2018-11-23,0.7,10.5,27.0,30.9,24.2
2018-11-24,1.8,13.8,27.2,30.8,24.9
2018-11-25,0.0,17.0,27.5,31.7,23.9
2018-11-26,0.2,17.3,27.4,30.7,25.1
2018-11-27,2.3,15.9,27.0,30.5,24.5
2018-11-28,2.8,15.6,26.9,30.4,24.1
2018-11-29,0.5,18.7,27.6,31.2,25.1
2018-11-30,0.5,21.3,27.5,30.8,25.0
2018-12-01,12.7,15.6,26.6,29.9,24.7
2018-12-02,5.3,12.7,26.4,30.0,24.3
2018-12-03,0.6,14.6,27.2,31.3,24.3
2018-12-04,3.6,12.6,26.9,30.1,24.7
2018-12-05,2.7,16.7,26.9,30.4,25.0
2018-12-06,5.6,15.5,27.0,30.2,25.3
2018-12-07,1.4,14.6,27.3,30.7,24.9
2018-12-08,5.4,16.1,27.0,29.8,25.3
2018-12-09,5.2,14.2,26.6,28.9,25.1
2018-12-10,1.7,18.6,27.4,31.5,24.5
2018-12-11,1.5,21.6,27.5,31.8,24.9
2018-12-12,2.0,16.3,27.1,30.6,25.1
2018-12-13,2.6,18.4,27.3,31.7,24.3
2018-12-14,2.4,19.5,27.4,30.4,25.4
2018-12-15,1.6,17.3,27.8,31.8,25.0
2018-12-16,1.8,16.5,27.0,29.9,25.2
2018-12-17,0.9,19.8,26.9,30.1,24.7
2018-12-18,1.1,19.6,27.1,31.1,23.4
2018-12-19,9.7,21.8,26.7,29.4,24.8
2018-12-20,24.1,13.3,25.2,26.1,24.2
2018-12-21,7.5,17.0,26.4,29.9,24.5
2018-12-22,3.0,12.6,26.7,30.0,24.6
2018-12-23,16.2,8.0,26.0,29.1,24.3
2018-12-24,13.4,14.0,26.0,28.7,24.3
2018-12-25,7.7,13.2,26.5,30.7,24.2
2018-12-26,0.2,11.9,27.3,31.0,24.7
2018-12-27,0.0,14.7,26.6,29.2,24.2
2018-12-28,0.2,12.2,25.5,28.1,22.5
2018-12-29,6.2,10.3,27.0,29.8,24.2
2018-12-30,25.3,9.8,26.2,29.7,24.4
2018-12-31,2.0,14.7,26.7,30.1,24.1
2019-01-01,2.5,20.5,27.3,31.8,24.9
2019-01-02,4.2,21.7,27.0,30.4,24.7
2019-01-03,23.4,23.4,26.9,30.6,24.1
2019-01-04,2.0,19.8,27.0,31.0,24.9
2019-01-05,2.7,18.5,26.6,30.1,24.3
2019-01-06,5.8,21.4,26.2,28.8,24.9
2019-01-07,0.0,22.7,26.6,30.5,24.1
2019-01-08,0.2,24.5,26.4,30.3,23.6
2019-01-09,0.2,20.1,26.6,31.0,23.6
2019-01-10,2.5,22.2,26.4,29.1,24.6
2019-01-11,30.1,16.5,24.4,25.3,23.7
2019-01-12,9.6,17.4,25.1,26.9,23.8
2019-01-13,5.5,19.1,26.4,29.7,23.9
2019-01-14,2.0,24.1,26.7,29.5,24.6
2019-01-15,0.5,25.5,26.5,30.8,24.1
2019-01-16,1.9,23.1,26.0,29.3,23.6
2019-01-17,0.3,21.6,26.5,30.0,24.1
2019-01-18,0.0,24.1,26.2,29.5,24.1
2019-01-19,1.3,21.0,26.3,30.0,24.1
2019-01-20,15.1,18.9,24.6,25.7,23.5
2019-01-21,0.9,10.7,26.3,30.0,23.4
2019-01-22,9.4,12.9,26.5,29.7,24.7
2019-01-23,16.5,13.8,26.5,29.9,24.5
2019-01-24,35.6,7.9,26.0,29.1,24.3
2019-01-25,1.3,19.1,27.3,31.4,24.3
2019-01-26,58.4,27.3,25.3,26.2,24.1
2019-01-27,4.6,27.9,24.0,26.9,22.8
2019-01-28,0.0,25.6,25.5,28.8,22.7
2019-01-29,2.0,24.4,25.6,28.3,23.7
2019-01-30,9.0,20.4,24.5,27.3,23.1
2019-01-31,10.7,21.6,25.9,29.5,23.5
2019-02-01,0.3,24.7,26.3,29.5,24.2
2019-02-02,0.3,25.6,26.3,31.2,23.1
2019-02-03,3.0,19.5,26.0,29.1,24.1
2019-02-04,6.4,21.6,25.5,27.7,24.0
2019-02-05,7.8,17.9,25.9,29.2,23.5
2019-02-06,0.0,21.0,26.3,29.7,23.8
2019-02-07,0.4,19.6,26.3,30.9,22.5
2019-02-08,0.2,20.9,26.9,31.7,23.9
2019-02-09,1.1,16.2,26.4,30.2,23.8
2019-02-10,1.6,20.0,26.1,30.1,22.9
2019-02-11,1.3,25.7,26.2,29.0,23.9
2019-02-12,0.0,23.1,25.9,30.0,23.0
2019-02-13,2.7,23.5,25.9,29.8,23.3
2019-02-14,0.0,16.9,25.4,30.6,21.7
2019-02-15,0.0,12.7,25.3,29.0,21.8
2019-02-16,36.5,18.1,25.0,27.5,23.3
2019-02-17,0.2,17.6,26.1,30.0,23.3
2019-02-18,0.2,18.1,26.2,30.6,23.0
2019-02-19,3.0,20.6,26.3,29.8,23.9
2019-02-20,0.1,23.7,26.7,31.4,23.2
2019-02-21,0.1,23.1,26.7,30.8,23.7
2019-02-22,0.0,19.5,26.7,31.7,22.9
2019-02-23,0.2,22.2,27.0,32.3,22.9
2019-02-24,0.7,22.1,27.1,31.3,24.2
2019-02-25,0.0,20.7,26.7,31.8,23.7
2019-02-26,0.0,20.8,26.4,31.6,23.6
2019-02-27,0.0,21.7,26.2,30.9,22.4
2019-02-28,0.5,21.4,26.2,32.2,21.7
2019-03-01,3.6,20.8,27.5,32.1,24.0
2019-03-02,0.1,23.8,27.7,31.7,24.6
2019-03-03,0.7,17.4,27.1,31.4,23.8
2019-03-04,2.5,16.6,27.3,32.6,24.3
2019-03-05,23.8,17.3,26.4,30.5,24.6
2019-03-06,0.9,20.6,27.1,31.2,23.5
2019-03-07,38.9,17.6,26.4,30.2,24.1
2019-03-08,0.0,17.1,27.0,32.0,23.7
2019-03-09,1.6,21.3,26.9,31.6,24.3
2019-03-10,0.0,16.2,26.2,30.6,23.1
2019-03-11,0.1,17.7,27.1,31.7,24.5
2019-03-12,1.3,16.2,26.6,31.5,23.2
2019-03-13,0.7,19.5,27.2,32.3,23.7
2019-03-14,11.7,21.3,25.6,29.5,23.9
2019-03-15,2.0,18.2,26.8,31.0,23.6
2019-03-16,0.0,23.0,27.5,32.0,24.2
2019-03-17,6.9,20.3,26.4,29.9,24.5
2019-03-18,9.9,22.7,26.0,28.6,24.3
2019-03-19,37.7,15.5,25.3,27.6,23.9
2019-03-20,16.6,14.0,25.5,28.3,24.1
2019-03-21,0.1,15.7,27.0,31.8,23.9
2019-03-22,0.0,16.6,26.7,32.0,24.0
2019-03-23,0.0,18.0,27.1,32.0,24.5
2019-03-24,2.3,21.4,27.0,31.2,24.5
2019-03-25,0.0,20.7,27.1,31.4,24.3
2019-03-26,0.0,19.4,27.2,32.1,23.6
2019-03-27,41.9,15.2,26.4,30.4,24.4
2019-03-28,16.4,18.4,26.2,30.2,24.3
2019-03-29,1.4,17.7,26.5,30.5,24.4
2019-03-30,0.2,18.4,26.8,31.8,23.7
2019-03-31,0.0,20.2,27.0,32.1,23.7
2019-04-01,1.3,20.6,27.0,31.5,23.8
2019-04-02,1.7,17.7,26.9,30.7,24.0
2019-04-03,1.4,20.3,27.3,31.8,24.9
2019-04-04,1.8,18.1,27.4,32.9,24.8
2019-04-05,0.2,20.9,27.3,31.0,24.3
2019-04-06,15.7,14.8,27.3,31.9,25.2
2019-04-07,0.3,19.9,27.9,31.2,25.0
2019-04-08,11.6,17.4,27.0,29.7,25.7
2019-04-09,10.7,13.4,26.6,28.9,25.3
2019-04-10,5.3,12.6,26.5,29.2,24.9
2019-04-11,0.4,12.2,27.0,29.7,24.3
2019-04-12,4.9,11.9,27.1,30.7,24.6
2019-04-13,3.0,14.8,27.5,31.8,24.8
2019-04-14,0.8,15.8,26.8,31.4,23.3
2019-04-15,1.6,15.5,27.2,32.3,23.4
2019-04-16,1.0,15.1,27.0,31.1,24.3
2019-04-17,0.0,14.8,26.7,30.6,23.4
2019-04-18,0.6,13.3,26.9,29.6,24.7
2019-04-19,2.4,15.8,27.3,31.3,24.1
2019-04-20,2.4,14.2,27.7,32.2,24.4
2019-04-21,58.5,15.9,26.5,30.9,25.0
2019-04-22,5.2,18.4,27.4,30.7,24.9
2019-04-23,2.3,15.2,27.4,30.6,25.2
2019-04-24,4.0,19.2,27.8,32.3,24.2
2019-04-25,102.5,19.2,27.2,31.9,25.0
2019-04-26,3.8,13.6,26.9,30.4,24.6
2019-04-27,0.4,22.3,27.9,33.0,24.5
2019-04-28,6.6,15.0,27.4,32.4,24.7
2019-04-29,0.8,17.1,27.7,32.3,24.1
2019-04-30,4.8,15.1,27.2,31.4,24.6
2019-05-01,35.0,7.9,26.0,28.1,24.2
2019-05-02,86.0,14.1,26.2,28.3,24.0
2019-05-03,9.1,11.2,26.0,28.6,24.2
2019-05-04,0.5,10.1,26.8,29.7,24.3
2019-05-05,1.4,12.2,27.1,29.9,24.8
2019-05-06,0.3,11.1,27.6,30.5,25.3
2019-05-07,0.3,11.3,27.5,30.0,25.0
2019-05-08,0.2,10.1,28.1,30.6,25.1
2019-05-09,1.3,10.6,27.5,29.9,25.6
2019-05-10,0.9,12.3,27.2,30.1,25.2
2019-05-11,0.7,12.4,27.4,30.3,24.8
2019-05-12,3.9,10.4,27.2,30.4,24.8
2019-05-13,80.0,11.8,26.9,30.4,24.5
2019-05-14,12.4,12.2,26.9,29.7,24.1
2019-05-15,0.4,10.5,27.8,29.8,25.3
2019-05-16,0.5,13.7,27.9,30.9,25.3
2019-05-17,3.0,10.3,26.6,28.4,25.2
2019-05-18,0.8,11.5,26.9,29.4,24.9
2019-05-19,0.7,11.3,27.4,30.5,25.0
2019-05-20,6.2,11.4,27.4,30.1,24.6
2019-05-21,0.7,11.6,27.8,30.6,25.5
2019-05-22,1.7,11.8,27.4,29.8,25.3
2019-05-23,2.0,12.6,27.3,30.4,25.2
2019-05-24,5.3,12.1,27.2,29.8,24.6
2019-05-25,1.0,11.8,27.5,30.2,25.1
2019-05-26,2.0,15.2,27.6,30.0,25.8
2019-05-27,1.9,11.5,27.4,29.9,25.1
2019-05-28,7.0,10.7,27.2,30.0,24.5
2019-05-29,4.3,13.0,27.7,31.2,24.7
2019-05-30,26.0,12.6,25.9,28.7,23.9
2019-05-31,26.2,13.4,26.9,30.1,25.0
2019-06-01,24.4,12.9,26.9,30.2,25.2
2019-06-02,33.2,11.8,26.2,29.8,24.9
2019-06-03,53.6,14.5,26.2,29.6,24.5
2019-06-04,25.8,10.2,26.7,30.0,24.9
2019-06-05,16.5,8.7,26.5,30.0,24.1
2019-06-06,2.1,9.4,27.3,30.4,24.5
2019-06-07,20.4,9.6,27.1,29.9,24.9
2019-06-08,24.2,11.2,26.9,30.0,24.9
2019-06-09,2.9,9.5,27.1,29.3,25.2
2019-06-10,2.1,16.6,27.3,30.4,25.5
2019-06-11,0.2,12.3,27.3,29.1,25.3
2019-06-12,20.1,10.8,27.5,29.4,26.0
2019-06-13,3.0,13.1,27.4,30.1,25.4
2019-06-14,5.7,17.1,26.4,28.3,25.3
2019-06-15,0.3,9.4,27.0,30.0,24.8
2019-06-16,1.5,10.4,26.8,28.4,24.6
2019-06-17,29.3,14.8,26.8,30.5,24.5
2019-06-18,6.4,10.9,26.7,29.8,24.5
2019-06-19,2.4,11.2,26.9,29.5,24.4
2019-06-20,2.9,17.1,27.1,29.5,25.0
2019-06-21,0.4,10.8,26.6,28.3,24.6
2019-06-22,0.5,12.5,27.0,29.2,24.7
2019-06-23,1.9,11.4,26.8,29.1,25.3
2019-06-24,1.0,11.2,26.1,28.9,24.5
2019-06-25,0.3,10.5,26.9,30.0,24.4
2019-06-26,3.1,13.2,26.7,28.5,25.1
2019-06-27,1.0,8.1,26.4,28.2,24.7
2019-06-28,0.1,11.6,26.5,28.6,24.7
2019-06-29,7.2,10.7,25.6,27.1,24.3
2019-06-30,2.4,12.4,26.8,29.1,24.7
2019-07-01,1.1,13.1,27.2,28.7,25.0
2019-07-02,24.0,9.7,26.1,29.2,24.3
2019-07-03,20.4,9.0,25.7,29.1,24.0
2019-07-04,28.7,9.9,25.2,26.2,24.0
2019-07-05,5.4,13.8,26.0,28.2,24.3
2019-07-06,0.9,18.8,26.5,28.1,24.6
2019-07-07,2.1,16.1,27.1,29.6,25.1
2019-07-08,2.2,15.0,26.7,29.3,24.5
2019-07-09,0.9,11.6,25.9,28.2,24.2
2019-07-10,3.9,8.3,26.3,28.7,24.1
2019-07-11,3.0,12.7,26.1,28.6,24.2
2019-07-12,1.0,14.8,25.6,27.8,23.7
2019-07-13,5.6,8.0,24.8,26.9,23.5
2019-07-14,14.9,12.2,24.3,26.1,23.1
2019-07-15,5.8,17.7,25.3,27.8,22.4
2019-07-16,1.1,31.4,26.4,28.4,24.4
2019-07-17,0.0,24.5,27.3,29.5,25.6
2019-07-18,0.0,16.5,26.5,28.6,23.3
2019-07-19,1.7,13.7,27.1,29.1,25.2
2019-07-20,2.5,11.3,27.1,29.2,24.5
2019-07-21,1.5,13.0,27.3,29.7,24.7
2019-07-22,9.8,11.8,26.3,28.3,24.9
2019-07-23,7.1,13.5,25.9,28.8,24.2
2019-07-24,17.9,18.1,25.4,26.4,24.3
2019-07-25,0.6,12.6,26.1,29.3,23.7
2019-07-26,0.0,13.1,26.5,29.4,24.4
2019-07-27,0.0,11.7,26.4,28.8,24.4
2019-07-28,9.4,14.8,25.8,28.4,23.9
2019-07-29,6.7,6.9,25.2,27.1,23.7
2019-07-30,0.9,11.7,25.8,28.7,23.6
2019-07-31,1.5,9.6,24.6,25.5,23.8
2019-08-01,0.0,9.2,25.4,27.2,23.5
2019-08-02,0.0,9.2,25.5,28.2,23.3
2019-08-03,0.9,13.4,26.1,28.2,24.2
2019-08-04,0.6,25.2,27.0,29.4,25.5
2019-08-05,1.3,29.9,27.1,29.5,25.5
2019-08-06,0.4,28.1,26.9,29.0,25.2
2019-08-07,0.0,28.0,27.6,29.9,25.6
2019-08-08,0.0,27.2,27.8,30.0,25.9
2019-08-09,0.0,25.0,27.4,29.5,25.7
2019-08-10,0.0,15.0,27.4,29.4,25.2
2019-08-11,0.0,15.4,27.0,29.6,24.6
2019-08-12,0.0,15.3,26.9,29.6,24.0
2019-08-13,0.0,16.7,27.4,29.6,25.8
2019-08-14,0.1,16.5,26.9,29.5,24.4
2019-08-15,0.4,17.3,27.1,29.1,25.6
2019-08-16,0.0,13.6,27.0,29.7,24.5
2019-08-17,6.0,13.0,26.5,29.6,24.5
2019-08-18,9.8,13.0,26.3,29.8,23.7
2019-08-19,0.6,13.8,26.7,29.7,24.7
2019-08-20,3.1,19.3,26.0,29.1,23.5
2019-08-21,5.0,11.0,25.4,27.8,24.2
2019-08-22,1.1,17.0,26.5,30.1,23.3
2019-08-23,0.1,20.0,26.7,29.5,24.2
2019-08-24,0.1,13.3,27.1,30.2,24.6
2019-08-25,4.5,10.8,27.1,29.8,24.9
2019-08-26,0.0,10.0,26.3,28.9,23.6
2019-08-27,0.5,19.7,26.5,28.9,24.3
2019-08-28,1.4,21.6,26.9,29.5,25.8
2019-08-29,0.0,14.1,26.9,29.2,25.0
2019-08-30,5.7,12.1,26.3,29.2,24.5
2019-08-31,3.0,11.1,25.6,27.9,24.1
2019-09-01,22.2,16.2,24.9,26.4,23.4
2019-09-02,1.2,16.7,25.8,28.7,23.1
2019-09-03,7.4,12.3,25.5,28.0,23.9
2019-09-04,0.0,12.2,26.4,28.4,23.7
2019-09-05,0.8,10.5,26.8,28.6,25.6
2019-09-06,0.0,11.4,26.5,28.0,25.2
2019-09-07,0.0,14.7,26.6,29.1,24.3
2019-09-08,0.0,10.8,26.9,29.3,24.0
2019-09-09,0.0,11.0,27.3,30.5,25.3
2019-09-10,0.2,9.5,26.8,29.1,24.4
2019-09-11,0.0,13.2,27.7,30.3,25.0
2019-09-12,0.1,30.2,27.6,30.6,25.0
2019-09-13,0.9,34.2,27.3,29.1,25.9
2019-09-14,0.1,30.2,27.6,29.3,26.3
2019-09-15,0.3,13.7,26.9,29.4,24.7
2019-09-16,0.2,17.0,27.0,29.3,24.6
2019-09-17,0.6,23.1,27.4,29.1,25.9
2019-09-18,0.0,17.0,27.2,28.9,24.8
2019-09-19,0.0,17.2,26.8,29.1,25.0
2019-09-20,0.0,14.8,27.2,29.4,24.7
2019-09-21,0.0,15.2,27.5,29.4,25.9
2019-09-22,2.0,14.5,27.6,30.1,24.9
2019-09-23,2.1,11.1,27.2,29.5,24.3
2019-09-24,1.7,13.4,27.5,30.7,24.6
2019-09-25,4.9,13.7,27.1,30.3,24.0
2019-09-26,4.7,13.8,26.6,29.1,24.0
2019-09-27,0.5,13.4,27.0,29.6,23.9
2019-09-28,3.8,14.1,27.2,29.9,24.7
2019-09-29,0.6,15.1,27.4,30.7,25.1
2019-09-30,0.3,15.5,27.1,29.4,24.7
2019-10-01,12.2,14.3,26.5,29.0,24.0
2019-10-02,8.1,13.4,26.5,29.2,24.3
2019-10-03,17.7,12.7,26.8,30.1,24.4
2019-10-04,38.1,14.7,26.7,30.5,24.0
2019-10-05,11.7,11.2,26.6,30.1,23.6
2019-10-06,100.8,14.1,26.8,30.5,24.1
2019-10-07,9.8,15.1,26.8,30.0,24.5
2019-10-08,1.4,10.4,26.3,28.8,24.1
2019-10-09,0.5,13.1,27.0,29.8,24.6
2019-10-10,0.0,11.4,27.1,30.8,24.9
2019-10-11,1.7,11.5,26.8,29.9,24.9
2019-10-12,3.8,12.4,26.5,29.6,24.4
2019-10-13,2.1,13.4,26.1,29.4,24.2
2019-10-14,5.9,8.7,26.5,29.8,24.6
2019-10-15,7.6,12.3,26.4,29.2,24.3
2019-10-16,11.6,14.1,26.5,29.6,23.9
2019-10-17,0.6,11.5,26.8,29.2,24.8
2019-10-18,1.9,12.0,27.2,30.1,24.6
2019-10-19,4.0,13.6,27.0,29.3,24.7
2019-10-20,24.2,13.0,26.9,30.4,24.3
2019-10-21,5.7,12.4,26.8,29.3,24.2
2019-10-22,4.3,13.3,26.9,29.4,24.4
2019-10-23,16.8,11.3,26.5,28.8,24.4
2019-10-24,15.7,12.1,26.7,29.4,24.2
2019-10-25,13.1,12.3,27.0,31.5,24.7
2019-10-26,12.0,13.7,26.7,30.7,24.8
2019-10-27,5.1,12.1,26.1,28.4,24.8
2019-10-28,15.6,13.9,26.6,29.1,24.6
2019-10-29,14.3,13.1,26.2,28.6,24.1
2019-10-30,15.3,12.1,26.2,30.1,23.8
2019-10-31,5.1,12.6,26.5,30.1,24.5
2019-11-01,0.9,11.0,26.7,29.9,24.7
2019-11-02,0.0,8.9,26.7,29.0,24.6
2019-11-03,0.0,10.1,26.9,29.6,25.1
2019-11-04,0.0,8.4,26.9,29.5,25.2
2019-11-05,0.0,9.2,26.4,28.2,24.4
2019-11-06,0.0,9.7,27.1,29.8,24.0
2019-11-07,0.0,7.1,27.0,29.7,24.7
2019-11-08,0.5,12.6,27.6,30.7,25.4
2019-11-09,4.6,11.8,27.3,30.0,24.7
2019-11-10,0.0,8.6,26.8,30.0,24.0
2019-11-11,0.0,12.0,27.2,30.9,23.8
2019-11-12,3.2,15.5,27.2,31.2,25.2
2019-11-13,2.5,10.8,26.6,29.6,24.0
2019-11-14,0.0,11.8,27.1,29.9,24.6
2019-11-15,0.0,13.6,27.6,31.2,25.0
2019-11-16,0.0,10.9,27.5,31.3,23.9
2019-11-17,0.1,12.2,28.0,32.2,24.9
2019-11-18,2.3,13.7,27.5,30.9,24.3
2019-11-19,8.5,13.0,26.9,30.2,24.8
2019-11-20,1.3,10.1,26.8,30.3,24.5
2019-11-21,3.2,11.2,27.0,30.1,24.5
2019-11-22,16.7,12.6,26.7,30.1,24.1
2019-11-23,22.9,11.6,26.8,31.5,24.6
2019-11-24,3.2,14.8,27.0,30.9,24.4
2019-11-25,13.4,11.9,26.9,30.8,24.2
2019-11-26,10.7,11.5,26.9,30.9,24.2
2019-11-27,22.4,13.8,26.6,30.6,24.6
2019-11-28,2.0,15.7,27.7,31.5,24.5
2019-11-29,5.8,19.9,27.4,31.5,25.1
2019-11-30,0.0,21.8,27.7,31.4,25.1
2019-12-01,0.1,16.6,26.9,31.1,23.7
2019-12-02,0.0,9.2,26.8,30.3,24.0
2019-12-03,0.1,11.5,26.6,30.1,22.0
2019-12-04,0.8,10.8,27.7,31.2,25.1
2019-12-05,12.8,11.8,26.7,29.5,24.4
2019-12-06,4.4,10.5,26.9,29.7,24.4
2019-12-07,0.2,13.2,27.0,30.1,24.3
2019-12-08,7.4,16.6,27.5,32.2,25.3
2019-12-09,8.0,13.3,27.0,30.5,24.5
2019-12-10,15.9,16.2,26.4,30.5,24.7
2019-12-11,1.5,17.9,27.4,31.8,24.7
2019-12-12,7.6,18.8,26.7,30.2,24.4
2019-12-13,14.5,18.0,26.3,30.6,24.1
2019-12-14,8.5,17.7,26.4,28.9,25.0
2019-12-15,19.3,18.2,26.5,30.9,24.7
2019-12-16,9.4,16.6,26.1,28.5,24.5
2019-12-17,26.2,18.4,25.9,28.3,24.4
2019-12-18,1.9,16.9,26.6,30.3,24.3
2019-12-19,0.9,20.2,26.6,30.3,23.7
2019-12-20,2.9,17.4,26.4,30.2,24.8
2019-12-21,14.0,19.2,25.4,27.3,24.3
2019-12-22,4.7,18.4,26.3,29.4,24.6
2019-12-23,0.0,15.2,27.0,31.6,23.6
2019-12-24,0.0,10.9,26.2,28.8,23.7
2019-12-25,1.7,12.4,26.2,27.9,24.8
2019-12-26,1.8,10.9,26.5,28.9,24.3
2019-12-27,5.1,10.2,26.4,28.7,24.3
2019-12-28,2.5,14.2,26.5,29.4,24.7
2019-12-29,3.4,16.6,26.5,29.2,23.9
2019-12-30,0.5,20.9,27.3,31.2,24.6
2019-12-31,1.3,23.3,27.4,31.0,25.1
2020-01-01,0.7,21.3,27.2,30.6,24.6
2020-01-02,35.3,22.3,26.0,28.9,24.3
2020-01-03,12.6,19.2,25.4,27.7,23.2
2020-01-04,1.6,19.5,26.5,29.2,24.0
2020-01-05,2.0,20.0,26.6,30.2,24.2
2020-01-06,3.1,18.9,26.4,29.3,24.1
2020-01-07,11.1,15.0,25.9,28.9,24.3
2020-01-08,6.7,22.3,26.3,29.9,24.6
2020-01-09,8.8,14.9,25.8,29.6,24.1
2020-01-10,0.3,21.6,26.9,30.4,24.2
2020-01-11,1.1,16.6,27.2,30.2,24.6
2020-01-12,0.8,14.6,26.7,29.9,24.2
2020-01-13,0.8,14.5,26.9,30.9,24.0
2020-01-14,0.3,13.0,27.1,30.4,24.9
2020-01-15,2.0,13.4,27.7,32.6,24.1
2020-01-16,16.0,12.1,26.7,30.8,24.1
2020-01-17,25.7,15.6,26.6,30.8,24.1
2020-01-18,0.0,13.6,26.2,30.7,22.4
2020-01-19,0.1,14.9,26.4,31.6,22.7
2020-01-20,2.8,17.5,26.3,29.2,24.5
2020-01-21,0.0,27.0,26.5,30.1,24.0
2020-01-22,0.6,21.6,26.3,29.9,23.4
2020-01-23,7.1,15.9,26.5,30.1,23.9
2020-01-24,6.2,13.1,26.9,30.2,25.0
2020-01-25,9.4,10.7,26.3,28.6,24.5
2020-01-26,8.0,10.8,26.4,28.6,25.0
2020-01-27,3.7,10.9,26.6,29.2,24.5
2020-01-28,5.7,9.8,26.5,29.1,24.2
2020-01-29,4.9,13.4,26.5,29.4,24.7
2020-01-30,4.1,12.2,26.9,30.9,24.9
2020-01-31,1.4,15.5,27.1,31.6,24.5
2020-02-01,0.3,25.2,27.1,30.9,24.7
2020-02-02,0.0,27.4,26.7,30.1,24.6
2020-02-03,0.0,27.0,26.7,30.4,24.0
2020-02-04,0.0,21.5,26.7,31.0,23.4
2020-02-05,1.2,16.6,27.3,32.4,22.8
2020-02-06,8.6,15.5,26.9,30.3,24.8
2020-02-07,4.2,14.4,26.9,29.4,25.3
2020-02-08,11.9,13.1,26.2,29.0,24.6
2020-02-09,0.0,20.9,27.1,31.8,22.8
2020-02-10,0.4,21.7,26.8,30.5,24.7
2020-02-11,0.1,25.9,26.6,29.7,24.2
2020-02-12,0.6,23.4,26.9,31.3,23.9
2020-02-13,7.8,13.9,25.8,27.5,25.0
2020-02-14,10.2,17.5,26.2,29.8,24.4
2020-02-15,0.5,17.7,27.0,31.7,24.5
2020-02-16,1.4,17.7,26.5,29.6,23.6
2020-02-17,5.6,15.4,26.1,29.4,24.2
2020-02-18,0.2,23.4,26.7,30.1,24.1
2020-02-19,0.7,24.5,26.7,30.6,24.0
2020-02-20,0.0,27.4,27.1,31.6,23.7
2020-02-21,1.2,21.6,26.6,30.4,23.5
2020-02-22,0.0,23.0,27.2,31.4,24.5
2020-02-23,0.0,25.2,27.5,31.8,24.5
2020-02-24,1.8,19.3,27.1,30.2,24.8
2020-02-25,5.1,18.0,26.6,30.0,24.7
2020-02-26,1.1,17.3,27.3,33.0,24.1
2020-02-27,3.0,21.2,27.2,31.7,24.2
2020-02-28,4.3,15.7,26.9,30.7,24.5
2020-02-29,6.6,22.1,26.6,29.3,25.1
2020-03-01,3.4,21.3,27.2,31.6,24.8
2020-03-02,3.0,15.9,26.4,29.2,24.8
2020-03-03,0.5,22.2,27.3,32.7,23.5
2020-03-04,0.3,21.2,28.0,32.3,24.7
2020-03-05,11.6,17.3,26.7,30.2,24.7
2020-03-06,19.1,14.5,26.0,28.4,24.3
2020-03-07,2.8,15.3,26.3,28.3,24.7
2020-03-08,1.8,12.0,26.4,29.2,23.8
2020-03-09,1.0,18.4,26.8,31.8,24.1
2020-03-10,0.0,17.0,26.8,32.0,23.4
2020-03-11,0.0,23.8,27.2,32.9,23.1
2020-03-12,0.7,21.4,27.8,33.1,25.2
2020-03-13,1.2,18.4,27.4,32.0,23.5
2020-03-14,0.2,21.0,27.6,33.0,24.5
2020-03-15,0.0,22.4,27.8,33.4,23.6
2020-03-16,1.1,22.7,27.8,31.6,24.5
2020-03-17,29.1,17.1,27.0,31.7,24.5
2020-03-18,6.4,12.2,26.1,29.5,24.0
2020-03-19,0.4,14.5,26.7,31.1,23.8
2020-03-20,0.2,16.1,27.7,32.8,23.9
2020-03-21,24.2,16.6,27.0,30.4,25.1
2020-03-22,7.5,13.8,26.8,30.7,24.7
2020-03-23,7.5,17.8,26.6,31.0,23.9
2020-03-24,15.8,17.4,26.3,29.5,24.8
2020-03-25,0.0,26.4,27.7,32.4,24.6
2020-03-26,17.0,13.4,27.2,31.7,25.0
2020-03-27,6.0,16.7,27.4,32.2,25.0
2020-03-28,1.5,15.3,27.0,29.6,25.0
2020-03-29,0.1,15.5,27.5,32.7,24.5
2020-03-30,15.1,13.7,26.8,31.4,24.7
2020-03-31,0.0,17.3,27.2,32.3,24.4
2020-04-01,0.3,15.5,27.1,32.0,23.7
2020-04-02,2.6,16.6,27.8,32.3,24.8
2020-04-03,7.5,18.0,26.9,31.6,24.3
2020-04-04,0.0,19.3,27.4,32.4,24.6
2020-04-05,1.7,17.0,27.4,31.5,24.7
2020-04-06,0.2,16.1,27.7,32.2,24.6
2020-04-07,0.1,16.8,27.2,31.4,24.4
2020-04-08,0.7,12.8,27.6,32.0,23.7
2020-04-09,9.4,10.9,27.1,30.6,24.5
2020-04-10,17.7,17.2,27.6,32.7,24.6
2020-04-11,0.0,18.5,27.7,32.8,23.8
2020-04-12,0.3,15.8,27.4,32.0,23.6
2020-04-13,0.4,13.1,27.3,29.9,24.4
2020-04-14,3.0,16.9,27.7,32.0,24.3
2020-04-15,0.3,15.2,27.7,31.0,25.2
2020-04-16,2.0,15.6,28.2,33.4,25.3
2020-04-17,6.5,12.8,27.6,31.2,25.4
2020-04-18,7.4,16.1,27.9,32.5,24.3
2020-04-19,3.1,19.1,27.3,30.3,25.5
2020-04-20,54.4,13.8,26.4,30.6,24.3
2020-04-21,5.8,16.3,27.1,30.1,24.3
2020-04-22,1.2,15.1,27.8,31.7,24.8
2020-04-23,3.7,17.6,27.8,33.2,24.7
2020-04-24,5.0,15.5,27.8,31.8,25.0
2020-04-25,4.0,15.5,27.8,31.5,25.1
2020-04-26,3.7,16.2,27.4,31.4,25.3
2020-04-27,1.4,14.5,27.8,31.4,25.3
2020-04-28,0.2,16.1,27.9,32.5,25.0
2020-04-29,1.9,14.0,27.6,32.1,24.9
2020-04-30,6.4,15.5,27.0,29.7,25.6
2020-05-01,0.8,18.4,27.2,31.3,24.9
2020-05-02,3.6,14.0,26.7,29.8,24.6
2020-05-03,6.8,10.1,25.4,26.1,24.8
2020-05-04,0.1,17.0,27.6,31.2,24.6
2020-05-05,0.6,12.4,27.9,31.1,25.0
2020-05-06,7.2,13.4,27.6,30.3,25.6
2020-05-07,8.4,13.3,27.8,30.9,25.3
2020-05-08,8.9,11.8,27.7,30.5,25.6
2020-05-09,4.5,16.2,28.3,33.1,25.5
2020-05-10,14.2,15.5,26.8,30.5,25.3
2020-05-11,7.0,14.3,27.1,30.3,24.7
2020-05-12,2.6,9.7,26.4,27.9,24.9
2020-05-13,0.6,10.4,27.1,29.9,25.0
2020-05-14,9.1,19.2,27.1,29.3,25.8
2020-05-15,4.0,14.1,27.5,29.6,25.5
2020-05-16,8.4,10.5,27.4,29.7,25.8
2020-05-17,14.0,10.9,27.4,29.2,25.6
2020-05-18,18.8,13.0,27.3,29.4,24.9
2020-05-19,18.9,12.7,27.3,29.7,25.6
2020-05-20,8.0,8.4,27.5,29.7,25.1
2020-05-21,1.4,12.3,27.3,30.8,24.8
2020-05-22,2.6,13.3,27.2,29.9,25.2
2020-05-23,10.1,13.4,27.3,29.9,24.6
2020-05-24,0.2,13.2,28.0,31.2,25.1
2020-05-25,7.3,12.2,27.8,31.1,25.3
2020-05-26,6.8,10.9,27.6,30.4,25.5
2020-05-27,10.9,13.9,27.5,30.5,25.3
2020-05-28,6.3,11.9,27.1,29.6,25.1
2020-05-29,30.3,14.1,27.2,31.0,24.9
2020-05-30,10.5,13.0,26.9,30.7,23.7
2020-05-31,20.9,9.0,26.6,29.4,24.7
2020-06-01,17.6,12.1,26.5,28.9,24.8
2020-06-02,32.9,6.0,26.2,29.7,24.1
2020-06-03,15.7,10.8,27.1,29.9,24.7
2020-06-04,12.9,12.7,26.8,29.7,24.5
2020-06-05,6.8,12.3,27.3,30.6,24.2
2020-06-06,55.6,12.2,26.9,29.6,24.7
2020-06-07,77.1,9.5,25.8,27.9,24.6
2020-06-08,17.4,12.5,26.6,29.5,24.3
2020-06-09,1.6,14.3,26.6,29.1,24.6
2020-06-10,0.6,13.8,26.1,28.5,24.2
2020-06-11,5.2,10.9,26.2,28.2,24.5
2020-06-12,10.7,6.5,25.7,27.4,24.7
2020-06-13,26.2,9.8,26.9,30.3,24.4
2020-06-14,31.4,14.0,25.9,27.4,24.4
2020-06-15,5.9,11.9,27.0,30.8,24.4
2020-06-16,2.5,16.4,27.0,30.1,24.7
2020-06-17,5.3,12.7,27.0,29.5,24.7
2020-06-18,2.9,10.5,26.5,28.0,25.3
2020-06-19,35.4,11.7,27.0,29.9,25.0
2020-06-20,8.4,7.9,26.8,30.3,24.8
2020-06-21,12.3,11.6,26.8,29.5,24.9
2020-06-22,10.4,11.5,26.5,29.0,23.9
2020-06-23,9.0,12.0,27.0,29.6,24.8
2020-06-24,13.7,11.9,26.6,30.1,24.9
2020-06-25,12.1,13.4,26.2,28.2,24.6
2020-06-26,4.9,12.9,26.1,28.0,24.8
2020-06-27,16.8,4.8,25.2,26.1,24.4
2020-06-28,5.3,12.2,26.5,29.6,24.3
2020-06-29,19.0,10.1,26.3,28.8,24.2
2020-06-30,8.3,10.8,26.6,29.4,23.6
2020-07-01,23.6,10.8,26.2,29.6,23.5
2020-07-02,12.1,18.0,26.0,28.4,24.4
2020-07-03,6.0,15.3,26.2,28.5,24.2
2020-07-04,1.8,11.7,26.7,29.4,24.2
2020-07-05,12.5,9.3,26.9,30.7,23.9
2020-07-06,14.9,11.0,26.4,28.6,24.6
2020-07-07,10.4,13.4,26.2,28.4,24.6
2020-07-08,3.6,13.0,27.0,29.4,24.9
2020-07-09,2.1,12.7,27.0,29.2,24.7
2020-07-10,17.3,11.6,26.4,28.2,24.7
2020-07-11,11.9,12.0,26.5,29.0,24.3
2020-07-12,4.2,12.3,26.6,29.0,24.4
2020-07-13,2.3,12.1,26.9,29.9,24.0
2020-07-14,20.0,13.7,26.7,29.8,24.3
2020-07-15,31.5,12.2,26.0,28.8,24.2
2020-07-16,1.4,11.9,26.7,29.7,23.8
2020-07-17,7.0,11.8,26.9,30.0,23.7
2020-07-18,3.8,15.5,27.3,31.5,24.9
2020-07-19,2.2,10.2,26.9,29.4,24.7
2020-07-20,12.1,12.6,26.9,29.9,24.3
2020-07-21,1.4,13.1,27.2,29.6,24.2
2020-07-22,22.0,14.2,26.7,30.0,24.4
2020-07-23,14.0,10.6,26.3,28.9,24.1
2020-07-24,5.4,14.3,26.7,29.8,24.0
2020-07-25,1.5,13.8,26.6,29.2,24.2
2020-07-26,5.6,16.0,26.2,27.8,24.8
2020-07-27,3.5,14.4,26.1,28.7,23.8
2020-07-28,1.8,13.5,26.7,29.7,23.4
2020-07-29,8.6,14.5,26.6,29.0,24.9
2020-07-30,48.8,17.7,26.2,28.2,24.7
2020-07-31,9.7,13.4,26.6,28.5,24.9
2020-08-01,14.6,11.0,26.3,29.2,24.1
2020-08-02,2.5,18.1,26.5,29.5,24.2
2020-08-03,8.2,16.7,25.6,27.9,24.0
2020-08-04,26.3,14.8,26.2,29.8,24.3
2020-08-05,10.2,22.1,27.0,29.5,25.3
2020-08-06,1.4,19.1,26.1,27.9,24.5
2020-08-07,1.3,10.3,26.2,28.0,24.4
2020-08-08,3.1,15.6,26.7,29.4,25.0
2020-08-09,0.9,13.0,27.0,28.9,25.7
2020-08-10,8.1,10.4,26.7,28.3,25.6
2020-08-11,33.8,11.8,26.9,29.3,24.7
2020-08-12,16.1,14.4,26.1,28.9,24.4
2020-08-13,2.3,10.1,25.8,27.7,24.4
2020-08-14,0.8,14.3,26.3,29.0,23.9
2020-08-15,0.0,13.1,26.8,29.4,24.9
2020-08-16,0.0,13.6,26.9,29.4,24.9
2020-08-17,2.6,7.6,26.1,28.0,24.6
2020-08-18,1.9,13.4,26.5,30.0,24.0
2020-08-19,1.2,10.7,25.6,27.4,24.1
2020-08-20,1.7,14.8,26.4,28.7,24.5
2020-08-21,2.9,10.9,26.8,29.5,24.2
2020-08-22,13.1,10.6,25.8,27.6,23.5
2020-08-23,0.2,12.6,26.9,29.8,23.9
2020-08-24,0.5,11.7,27.3,30.1,24.2
2020-08-25,0.0,12.1,27.3,30.4,23.7
2020-08-26,0.1,16.9,27.4,30.3,24.5
2020-08-27,2.0,17.1,26.6,28.5,24.5
2020-08-28,0.1,11.8,27.3,30.4,24.9
2020-08-29,0.7,13.9,27.1,30.3,24.8
2020-08-30,0.5,12.0,26.9,29.8,25.0
2020-08-31,2.9,14.7,27.4,30.7,24.9
2020-09-01,4.0,13.9,27.3,29.7,25.2
2020-09-02,11.6,10.8,26.7,29.7,24.4
2020-09-03,2.1,13.7,27.3,30.3,24.6
2020-09-04,5.4,12.9,27.6,30.1,24.9
2020-09-05,0.9,13.8,27.8,31.0,24.3
2020-09-06,2.9,12.9,27.8,30.6,25.0
2020-09-07,20.0,11.0,26.6,30.1,24.7
2020-09-08,3.7,12.2,27.2,30.1,23.9
2020-09-09,3.4,13.4,26.6,29.1,24.5
2020-09-10,0.6,10.2,27.6,31.1,24.5
2020-09-11,2.2,13.7,27.7,30.3,25.0
2020-09-12,5.9,11.6,27.4,30.1,24.4
2020-09-13,17.3,12.3,26.9,31.7,24.5
2020-09-14,25.0,12.6,25.8,27.4,24.8
2020-09-15,15.7,26.2,26.7,27.9,25.5
2020-09-16,7.9,19.6,26.1,27.2,24.8
2020-09-17,0.7,8.1,25.1,26.3,24.0
2020-09-18,0.9,7.9,26.4,28.6,24.1
2020-09-19,1.8,12.3,27.5,32.1,24.1
2020-09-20,0.8,12.8,27.4,30.1,24.3
2020-09-21,0.3,16.6,27.6,30.1,25.2
2020-09-22,0.0,11.3,27.7,30.6,25.4
2020-09-23,2.1,9.0,27.8,30.3,26.0
2020-09-24,0.1,10.7,27.2,30.0,25.6
2020-09-25,0.2,10.5,27.3,30.2,24.3
2020-09-26,6.7,14.0,26.3,28.2,25.0
2020-09-27,6.1,10.0,26.2,28.5,24.0
2020-09-28,11.9,11.5,26.8,30.8,24.2
2020-09-29,11.7,9.8,26.2,29.3,23.7
2020-09-30,6.6,11.9,26.5,29.6,23.1
2020-10-01,0.7,16.2,26.8,30.0,24.1
2020-10-02,0.0,10.1,27.0,30.1,24.5
2020-10-03,0.8,11.6,27.5,30.3,25.4
2020-10-04,0.6,13.6,26.9,30.5,24.4
2020-10-05,0.3,11.1,26.6,29.2,24.3
2020-10-06,2.8,9.7,26.5,29.3,24.9
2020-10-07,9.9,9.9,25.7,26.5,24.7
2020-10-08,0.2,8.2,26.6,29.3,24.4
2020-10-09,1.1,10.2,27.1,29.9,24.6
2020-10-10,2.6,13.4,27.2,29.9,24.8
2020-10-11,6.9,12.6,27.1,30.7,25.0
2020-10-12,20.6,9.4,27.0,31.7,24.5
2020-10-13,33.2,9.1,25.1,25.8,24.5
2020-10-14,9.7,16.6,25.3,27.1,23.9
2020-10-15,0.4,9.8,26.5,30.0,23.6
2020-10-16,15.6,11.8,26.5,29.3,24.8
2020-10-17,36.9,11.4,26.3,29.2,24.0
2020-10-18,33.0,12.6,26.5,30.5,23.5
2020-10-19,8.7,11.0,26.5,29.0,25.0
2020-10-20,1.5,24.5,26.8,28.7,25.2
2020-10-21,0.0,16.2,26.7,30.0,23.6
2020-10-22,1.5,7.9,26.6,27.9,25.3
2020-10-23,1.6,10.2,26.5,28.9,25.1
2020-10-24,4.7,12.8,25.8,27.7,24.2
2020-10-25,0.8,8.4,25.6,28.0,23.9
2020-10-26,0.1,10.2,25.8,28.0,23.2
2020-10-27,1.9,7.0,26.1,28.0,25.0
2020-10-28,6.3,14.1,26.2,28.6,24.5
2020-10-29,12.5,14.8,26.7,31.8,24.0
2020-10-30,11.4,11.5,26.5,30.5,24.1
2020-10-31,10.8,17.2,26.5,29.2,24.3
2020-11-01,1.3,22.1,26.3,29.0,24.0
2020-11-02,0.3,7.9,26.4,29.7,23.5
2020-11-03,0.0,11.6,26.8,29.4,24.8
2020-11-04,0.1,13.0,26.9,29.4,25.0
2020-11-05,14.0,11.7,26.1,29.6,24.6
2020-11-06,2.6,18.3,27.0,30.4,24.6
2020-11-07,6.1,10.1,25.5,27.1,24.4
2020-11-08,0.4,11.0,26.2,28.6,23.7
2020-11-09,0.6,17.7,26.5,29.5,24.0
2020-11-10,6.0,9.7,26.1,28.2,24.3
2020-11-11,0.8,9.2,26.3,28.7,23.5
2020-11-12,9.4,9.8,26.3,28.3,24.6
2020-11-13,4.3,11.5,27.4,31.6,24.4
2020-11-14,4.2,16.1,27.3,30.4,25.2
2020-11-15,21.0,12.1,26.6,29.7,25.3
2020-11-16,6.2,17.1,26.8,30.8,24.9
2020-11-17,12.5,12.4,26.4,29.7,24.4
2020-11-18,12.6,14.1,26.7,30.9,24.4
2020-11-19,5.7,12.3,26.7,29.8,24.6
2020-11-20,5.2,9.4,27.2,30.8,24.6
2020-11-21,39.0,14.9,26.7,30.2,24.3
2020-11-22,8.1,17.0,26.9,30.6,24.6
2020-11-23,4.4,14.8,27.0,30.3,25.0
2020-11-24,8.5,15.8,26.5,30.0,24.9
2020-11-25,0.6,15.9,26.6,29.0,24.8
2020-11-26,11.1,18.4,26.9,31.1,24.8
2020-11-27,3.2,16.0,26.0,28.2,24.5
2020-11-28,9.5,15.1,26.6,30.1,24.6
2020-11-29,3.2,13.4,26.9,30.8,24.4
2020-11-30,67.7,11.3,26.8,30.3,24.2
2020-12-01,18.0,10.0,26.5,29.2,24.1
2020-12-02,0.7,10.2,26.7,29.1,24.6
2020-12-03,0.1,10.5,27.0,29.1,25.1
2020-12-04,0.0,11.0,27.1,30.3,24.9
2020-12-05,7.5,9.3,26.7,29.9,24.3
2020-12-06,5.2,10.9,25.8,28.1,24.0
2020-12-07,17.9,12.0,26.3,29.5,23.8
2020-12-08,8.0,9.3,26.6,29.6,24.2
2020-12-09,1.0,10.1,26.9,29.7,24.5
2020-12-10,0.4,11.3,27.0,30.4,24.3
2020-12-11,5.2,10.6,27.0,30.8,24.2
2020-12-12,13.5,12.6,27.1,31.7,24.7
2020-12-13,17.1,11.8,26.5,30.4,24.6
2020-12-14,7.0,13.9,26.1,29.2,24.0
2020-12-15,9.9,13.2,26.2,29.6,24.5
2020-12-16,0.9,17.9,26.7,29.7,24.1
2020-12-17,12.7,23.4,26.2,28.4,24.5
2020-12-18,73.7,15.5,24.9,26.3,23.7
2020-12-19,1.5,7.3,26.3,29.2,23.5
2020-12-20,17.6,8.2,26.1,28.8,24.6
2020-12-21,6.4,16.3,26.3,29.5,24.8
2020-12-22,0.9,13.5,26.6,30.5,23.9
2020-12-23,7.6,16.7,26.5,30.1,24.3
2020-12-24,7.8,15.5,26.6,30.7,24.3
2020-12-25,13.0,15.6,25.5,27.3,24.3
2020-12-26,2.8,11.0,25.6,27.6,24.0
2020-12-27,0.9,9.0,26.5,28.6,24.4
2020-12-28,5.2,8.6,26.2,28.3,24.6
2020-12-29,13.4,12.3,26.4,29.9,24.3
2020-12-30,12.6,12.3,26.8,31.0,23.9
2020-12-31,14.0,11.2,26.1,28.3,24.5
2021-01-01,10.0,16.9,25.8,28.1,24.4
2021-01-02,4.0,16.0,26.2,29.1,24.2
2021-01-03,11.3,9.5,25.6,28.6,24.6
2021-01-04,25.1,14.7,25.5,28.0,24.4
2021-01-05,15.5,15.9,25.9,29.3,24.1
2021-01-06,7.6,13.4,25.5,27.8,23.9
2021-01-07,12.9,14.9,25.3,26.9,23.9
2021-01-08,0.4,12.6,26.1,28.9,23.9
2021-01-09,6.1,9.8,26.3,28.9,24.1
2021-01-10,8.8,10.5,26.3,30.1,24.2
2021-01-11,43.2,15.1,25.2,25.9,24.6
2021-01-12,16.1,11.2,25.5,28.3,24.2
2021-01-13,11.3,16.8,26.4,30.4,24.2
2021-01-14,13.6,10.8,26.4,29.2,24.2
2021-01-15,13.9,12.3,26.1,29.8,24.1
2021-01-16,20.1,13.4,26.1,29.2,24.1
2021-01-17,16.7,18.2,25.6,28.2,24.5
2021-01-18,29.5,18.7,24.2,24.8,23.4
2021-01-19,3.7,12.3,25.5,27.6,23.1
2021-01-20,7.7,13.0,26.5,29.1,24.4
2021-01-21,14.5,8.3,26.0,28.5,23.6
2021-01-22,8.0,12.4,26.3,29.5,24.6
2021-01-23,3.9,12.2,25.9,28.9,23.9
2021-01-24,1.7,19.0,26.4,30.6,23.5
2021-01-25,2.2,16.6,26.5,29.9,24.2
2021-01-26,0.6,18.1,26.9,30.4,24.4
2021-01-27,1.0,15.0,26.9,30.8,24.5
2021-01-28,1.3,19.0,26.6,30.7,23.3
2021-01-29,12.6,23.0,25.8,28.1,24.1
2021-01-30,2.7,23.1,25.8,28.8,23.8
2021-01-31,5.1,23.5,26.1,29.2,24.0
2021-02-01,18.5,15.1,25.7,28.5,23.9
2021-02-02,1.5,12.6,26.0,29.6,23.6
2021-02-03,0.2,21.3,26.7,30.2,24.2
2021-02-04,12.7,15.7,26.1,29.4,24.4
2021-02-05,5.3,18.4,26.3,29.6,24.2
2021-02-06,0.5,18.9,26.9,31.0,24.1
2021-02-07,22.8,15.9,26.3,29.9,24.7
2021-02-08,12.8,17.9,25.2,27.5,24.1
2021-02-09,0.6,13.8,26.1,29.1,23.6
2021-02-10,2.1,9.8,26.6,29.0,24.4
2021-02-11,1.2,11.5,26.3,29.1,24.1
2021-02-12,3.5,12.5,26.1,29.1,23.7
2021-02-13,17.9,13.1,25.9,29.3,23.7
2021-02-14,3.9,12.0,26.3,29.2,24.4
2021-02-15,19.6,10.7,26.0,30.2,24.0
2021-02-16,7.6,15.1,26.3,29.7,24.0
2021-02-17,0.0,20.6,26.8,31.2,23.9
2021-02-18,0.1,25.7,26.1,29.5,23.6
2021-02-19,0.6,30.0,25.6,29.0,23.6
2021-02-20,3.9,22.8,24.4,27.2,22.0
2021-02-21,2.9,13.3,24.5,27.3,22.7
2021-02-22,0.0,12.0,26.3,28.6,23.2
2021-02-23,4.8,13.3,26.8,29.3,24.6
2021-02-24,3.6,12.6,26.4,29.9,24.0
2021-02-25,0.2,12.3,26.4,30.3,23.5
2021-02-26,3.5,13.7,26.5,30.1,23.6
2021-02-27,7.9,11.5,26.6,30.0,23.8
2021-02-28,7.7,14.1,26.8,30.6,24.4
2021-03-01,4.5,14.4,26.9,31.1,24.5
2021-03-02,9.9,15.7,26.1,29.7,24.3
2021-03-03,0.0,18.9,27.1,31.5,24.1
2021-03-04,1.6,18.4,27.1,30.7,24.4
2021-03-05,0.3,17.6,27.4,31.7,24.8
2021-03-06,1.8,18.2,26.7,30.3,24.1
2021-03-07,2.0,19.1,26.6,30.4,23.8
2021-03-08,2.2,15.3,26.5,30.4,23.3
2021-03-09,8.8,19.0,26.4,30.5,24.4
2021-03-10,20.4,17.3,25.2,27.3,24.0
2021-03-11,16.0,12.3,25.1,27.7,23.9
2021-03-12,1.6,16.6,25.6,27.3,23.9
2021-03-13,3.3,12.6,26.1,28.4,24.1
2021-03-14,3.6,10.4,26.1,28.5,23.9
2021-03-15,2.9,11.0,26.4,29.4,23.8
2021-03-16,35.6,11.4,26.1,29.2,23.5
2021-03-17,4.0,13.6,27.0,31.1,23.9
2021-03-18,1.2,13.7,27.4,30.8,24.9
2021-03-19,2.7,15.0,27.3,30.9,24.4
2021-03-20,6.7,15.9,26.7,30.1,24.7
2021-03-21,32.5,12.3,26.2,28.7,24.5
2021-03-22,2.6,19.2,27.0,30.8,24.0
2021-03-23,2.3,17.2,27.2,31.0,24.9
2021-03-24,23.1,14.8,25.9,28.7,24.6
2021-03-25,1.3,14.2,27.0,31.4,23.8
2021-03-26,0.6,15.6,27.2,31.7,24.6
2021-03-27,7.9,15.5,26.0,27.9,24.0
2021-03-28,3.3,16.2,26.8,30.0,24.8
2021-03-29,7.1,19.5,27.2,30.1,25.2
2021-03-30,11.2,14.4,26.4,29.0,24.9
2021-03-31,29.3,14.4,25.8,27.3,24.7
2021-04-01,15.7,9.8,26.7,29.7,24.3
2021-04-02,20.4,10.6,26.6,29.7,25.0
2021-04-03,7.9,14.4,27.4,32.3,24.4
2021-04-04,0.9,16.7,27.7,31.8,24.0
2021-04-05,1.4,17.1,27.7,32.1,25.2
2021-04-06,0.3,16.9,28.0,32.0,24.5
2021-04-07,3.3,16.9,27.6,32.3,24.6
2021-04-08,26.3,14.2,26.6,30.2,24.4
2021-04-09,9.1,10.5,26.3,29.9,24.2
2021-04-10,24.2,13.4,26.6,31.7,24.1
2021-04-11,43.0,14.6,26.6,30.8,24.0
2021-04-12,5.4,13.0,26.7,31.0,24.5
2021-04-13,5.6,12.0,26.6,30.2,24.2
2021-04-14,3.9,9.6,26.4,29.6,23.9
2021-04-15,0.4,14.1,26.4,29.2,24.1
2021-04-16,1.2,12.7,26.7,30.1,24.7
2021-04-17,0.2,10.0,26.0,27.4,24.9
2021-04-18,0.2,14.8,27.3,30.6,24.4
2021-04-19,0.3,14.0,26.9,29.9,23.4
2021-04-20,0.4,8.4,27.6,30.6,24.4
2021-04-21,0.0,11.8,27.2,29.7,24.9
2021-04-22,1.0,13.3,26.8,29.1,24.9
2021-04-23,0.5,13.0,26.8,29.0,25.1
2021-04-24,0.0,10.7,27.5,30.2,25.4
2021-04-25,0.3,11.5,27.3,30.7,25.2
2021-04-26,1.7,11.6,26.2,29.3,24.1
2021-04-27,27.7,12.8,25.3,26.3,24.3
2021-04-28,1.0,12.3,27.0,30.9,24.2
2021-04-29,3.1,11.7,27.3,30.9,24.8
2021-04-30,9.5,10.6,26.9,29.5,24.4
2021-05-01,22.8,12.3,27.0,31.4,24.3
2021-05-02,10.7,11.3,26.3,29.1,24.6
2021-05-03,7.8,14.8,27.0,29.8,24.9
2021-05-04,5.8,13.7,27.1,30.8,24.5
2021-05-05,1.6,13.9,27.4,30.3,24.9
2021-05-06,14.5,15.5,27.2,31.3,25.1
2021-05-07,11.5,15.8,26.9,30.5,24.8
2021-05-08,25.9,11.4,26.6,30.4,24.5
2021-05-09,35.4,9.4,26.8,31.3,24.5
2021-05-10,4.2,11.7,26.2,28.6,23.8
2021-05-11,3.6,11.4,26.6,28.9,24.8
2021-05-12,33.8,10.8,26.3,29.0,24.9
2021-05-13,14.6,17.3,26.9,31.2,24.3
2021-05-14,33.7,18.9,26.2,27.8,25.0
2021-05-15,14.4,16.0,26.7,30.0,24.4
2021-05-16,8.7,14.4,27.3,31.2,25.0
2021-05-17,25.3,14.1,26.7,30.4,24.9
2021-05-18,16.4,12.6,26.2,28.2,24.9
2021-05-19,26.2,11.3,26.3,27.4,25.4
2021-05-20,8.3,11.2,27.1,29.8,24.7
2021-05-21,10.7,9.8,26.0,28.7,24.3
2021-05-22,50.1,9.0,26.5,29.1,24.5
2021-05-23,63.9,11.9,26.6,30.9,24.5
2021-05-24,6.9,14.8,26.9,30.0,24.2
2021-05-25,16.5,13.8,26.4,29.2,24.2
2021-05-26,8.0,12.6,26.7,29.7,24.6
2021-05-27,0.1,13.4,27.3,29.9,24.9
2021-05-28,0.3,8.8,27.6,29.8,25.4
2021-05-29,54.8,13.2,27.1,29.5,25.3
2021-05-30,27.0,12.5,26.2,28.3,24.7
2021-05-31,19.2,7.8,25.1,26.2,24.5
2021-06-01,9.6,11.0,25.1,26.7,24.3
2021-06-02,0.6,10.8,26.9,29.2,24.8
2021-06-03,0.1,10.9,27.2,29.7,25.2
2021-06-04,4.5,13.9,26.9,29.8,24.6
2021-06-05,0.9,17.5,26.7,29.0,24.8
2021-06-06,18.6,10.5,25.8,27.2,24.8
2021-06-07,4.2,11.1,26.4,29.0,24.3
2021-06-08,0.7,10.6,26.5,28.8,25.0
2021-06-09,0.3,9.4,26.4,28.9,24.4
2021-06-10,0.8,11.6,26.3,28.8,24.0
2021-06-11,7.3,11.8,26.1,28.4,23.9
2021-06-12,21.7,11.2,25.9,28.4,24.1
2021-06-13,6.0,12.3,26.7,28.7,24.8
2021-06-14,7.4,13.9,26.7,29.3,24.3
2021-06-15,14.3,10.8,26.6,29.1,24.6
2021-06-16,36.8,11.9,26.2,28.7,24.1
2021-06-17,7.9,11.2,26.7,29.4,24.5
2021-06-18,0.0,12.3,27.1,29.8,24.1
2021-06-19,0.1,12.1,26.8,28.9,24.6
2021-06-20,3.4,12.1,26.4,28.9,24.8
2021-06-21,0.1,11.7,26.7,29.0,24.3
2021-06-22,0.0,9.4,26.9,29.7,24.9
2021-06-23,0.4,12.3,27.1,29.9,24.3
2021-06-24,4.8,10.0,27.0,29.0,25.2
2021-06-25,7.1,13.3,26.5,28.8,24.0
2021-06-26,11.4,12.8,26.3,29.4,23.6
2021-06-27,11.0,10.8,25.9,28.2,23.9
2021-06-28,0.6,12.3,26.7,29.1,23.6
2021-06-29,3.1,13.2,27.0,30.1,24.0
2021-06-30,28.0,12.6,26.3,28.9,24.2
2021-07-01,16.7,11.3,26.4,29.4,23.9
2021-07-02,8.8,13.0,26.6,30.0,24.0
2021-07-03,0.4,11.9,25.9,27.7,24.1
2021-07-04,1.2,10.8,25.6,26.9,24.2
2021-07-05,0.4,9.4,26.3,28.8,23.8
2021-07-06,18.1,8.9,26.5,30.6,24.2
2021-07-07,5.6,12.9,26.4,29.6,24.3
2021-07-08,32.0,12.2,26.4,30.1,24.3
2021-07-09,37.9,9.0,25.2,26.7,23.9
2021-07-10,5.3,10.6,26.8,29.5,24.5
2021-07-11,15.4,12.3,26.8,30.9,23.9
2021-07-12,22.2,11.4,26.9,29.6,24.5
2021-07-13,8.3,11.5,26.0,27.5,24.8
2021-07-14,2.9,12.8,26.7,29.3,24.3
2021-07-15,1.5,14.1,26.9,29.2,25.3
2021-07-16,4.9,11.2,26.4,28.6,24.6
2021-07-17,0.8,10.7,26.5,29.1,24.7
2021-07-18,0.0,11.6,26.8,28.9,24.4
2021-07-19,0.7,10.2,26.6,28.7,24.8
2021-07-20,0.3,9.2,26.8,29.3,24.3
2021-07-21,0.2,14.6,26.7,29.6,24.3
2021-07-22,0.7,12.7,27.0,30.4,24.1
2021-07-23,0.1,13.6,27.3,31.0,24.2
2021-07-24,2.6,15.5,27.4,29.3,25.0
2021-07-25,0.1,14.2,27.2,30.6,24.0
2021-07-26,0.3,11.2,26.8,29.2,24.6
2021-07-27,0.2,17.9,27.2,29.9,24.2
2021-07-28,0.4,17.7,27.2,29.7,24.7
2021-07-29,0.0,15.3,27.2,29.9,25.2
2021-07-30,0.2,14.4,27.0,29.7,25.0
2021-07-31,3.9,13.0,26.9,29.5,24.9
2021-08-01,0.3,13.4,27.0,29.7,24.7
2021-08-02,0.3,15.9,27.0,29.1,24.5
2021-08-03,1.2,16.5,27.3,29.8,25.5
2021-08-04,0.3,14.6,27.9,30.9,25.4
2021-08-05,0.6,14.1,27.6,30.4,25.3
2021-08-06,3.0,11.4,27.1,28.8,25.1
2021-08-07,8.4,14.8,26.9,30.1,24.6
2021-08-08,11.4,7.6,25.4,26.4,24.4
2021-08-09,0.7,8.2,26.7,29.2,24.6
2021-08-10,1.0,14.8,26.4,29.0,24.0
2021-08-11,1.4,14.1,27.3,29.9,25.1
2021-08-12,7.5,12.1,27.2,30.5,24.3
2021-08-13,7.8,11.6,26.9,29.5,24.9
2021-08-14,9.1,16.3,26.9,29.6,25.1
2021-08-15,7.4,11.3,27.0,29.5,24.9
2021-08-16,13.4,11.1,26.5,28.6,24.6
2021-08-17,5.2,14.0,26.8,29.3,24.8
2021-08-18,1.8,13.5,27.4,30.0,24.8
2021-08-19,4.8,13.0,26.9,29.3,24.6
2021-08-20,20.2,12.8,26.6,30.0,23.9
2021-08-21,10.3,11.3,25.8,27.6,24.3
2021-08-22,1.2,12.0,26.4,28.8,23.8
2021-08-23,5.3,13.9,26.8,29.5,24.1
2021-08-24,14.8,13.8,26.5,29.6,24.3
2021-08-25,4.2,11.6,26.3,29.2,24.2
2021-08-26,8.0,10.5,26.2,28.5,23.9
2021-08-27,18.2,12.1,26.5,29.4,24.5
2021-08-28,13.6,11.2,26.1,28.2,24.5
2021-08-29,9.3,16.7,26.5,29.3,24.1
2021-08-30,13.3,11.7,26.4,29.9,24.4
2021-08-31,0.4,14.1,27.3,31.1,24.7
2021-09-01,8.9,13.6,26.9,29.5,24.0
2021-09-02,11.5,13.0,26.9,29.7,24.5
2021-09-03,5.5,11.6,27.0,30.1,24.2
2021-09-04,5.4,12.7,27.1,30.4,24.4
2021-09-05,10.8,10.8,26.8,31.2,24.0
2021-09-06,18.9,7.6,24.7,25.6,24.0
2021-09-07,0.3,8.9,26.6,29.3,24.3
2021-09-08,2.4,7.0,26.5,28.7,24.6
2021-09-09,1.0,14.8,26.4,28.8,24.6
2021-09-10,0.4,8.6,26.4,28.7,24.4
2021-09-11,15.3,12.7,26.5,29.5,24.8
2021-09-12,10.4,9.4,26.5,28.6,25.1
2021-09-13,2.7,14.7,26.4,29.3,24.0
2021-09-14,20.6,10.1,25.7,27.9,24.0
2021-09-15,3.6,12.3,26.8,30.6,24.3
2021-09-16,0.9,13.8,26.5,29.0,24.1
2021-09-17,2.9,11.7,26.3,28.7,24.3
2021-09-18,4.6,10.0,26.0,28.8,23.8
2021-09-19,20.3,7.7,25.4,27.7,23.9
2021-09-20,23.4,10.6,25.5,27.8,23.7
2021-09-21,4.3,14.1,26.4,29.0,24.4
2021-09-22,5.4,10.3,26.6,29.7,24.3
2021-09-23,29.0,12.3,26.6,30.9,23.4
2021-09-24,10.4,12.3,26.9,30.6,24.2
2021-09-25,7.0,10.6,26.0,27.8,24.0
2021-09-26,3.2,14.2,26.4,29.6,24.0
2021-09-27,1.0,11.6,26.9,29.1,24.4
2021-09-28,1.6,12.2,27.0,30.5,24.6
2021-09-29,0.0,10.2,27.4,30.1,25.1
2021-09-30,6.3,12.4,27.7,30.2,25.4
2021-10-01,5.7,12.8,27.2,30.2,24.7
2021-10-02,18.9,13.0,27.0,30.3,24.5
2021-10-03,14.6,14.0,26.0,29.1,24.1
2021-10-04,35.5,13.0,25.5,27.4,24.1
2021-10-05,1.9,9.4,26.7,29.4,24.5
2021-10-06,0.0,8.8,27.0,29.1,24.8
2021-10-07,0.0,12.1,27.3,30.3,25.0
2021-10-08,0.0,13.2,26.9,29.6,24.6
2021-10-09,1.4,8.4,26.0,27.2,24.8
2021-10-10,1.0,14.3,27.1,29.2,25.6
2021-10-11,1.2,27.2,27.2,30.1,24.9
2021-10-12,1.3,16.6,26.8,29.2,24.6
2021-10-13,0.1,11.2,27.4,30.1,24.5
2021-10-14,8.1,13.0,27.8,31.1,25.1
2021-10-15,1.6,13.7,26.1,29.6,23.9
2021-10-16,1.5,10.8,27.3,30.4,24.4
2021-10-17,6.7,13.8,27.3,31.1,24.8
2021-10-18,49.0,11.9,26.8,31.3,24.2
2021-10-19,13.7,13.3,26.6,29.6,23.9
2021-10-20,8.1,10.8,26.5,29.8,24.2
2021-10-21,18.7,12.3,26.4,31.2,23.3
2021-10-22,15.8,12.6,26.4,30.3,24.0
2021-10-23,3.2,20.0,26.2,28.8,24.7
2021-10-24,0.0,9.2,26.5,29.0,24.1
2021-10-25,25.7,13.3,26.7,30.5,24.2
2021-10-26,8.4,13.9,26.5,30.2,23.8
2021-10-27,10.0,14.3,26.5,29.6,24.3
2021-10-28,1.2,13.3,27.0,29.9,24.1
2021-10-29,12.4,12.7,26.4,30.8,24.3
2021-10-30,3.4,12.9,27.4,31.9,24.2
2021-10-31,16.2,19.1,26.0,29.1,24.4
2021-11-01,9.8,17.7,26.7,30.5,24.7
2021-11-02,11.4,17.7,26.5,30.3,23.7
2021-11-03,5.6,12.8,26.8,30.3,24.3
2021-11-04,16.8,11.5,26.6,30.0,23.9
2021-11-05,5.0,10.9,27.2,30.7,24.6
2021-11-06,8.8,14.0,26.9,31.5,23.8
2021-11-07,11.8,13.0,26.4,29.7,24.0
2021-11-08,13.0,12.3,26.8,30.8,24.4
2021-11-09,12.5,13.9,25.9,27.7,24.6
2021-11-10,8.6,15.9,26.1,29.8,24.1
2021-11-11,30.4,15.1,26.5,30.5,24.6
2021-11-12,15.7,13.7,26.4,29.6,24.6
2021-11-13,10.2,13.5,26.2,30.4,24.4
2021-11-14,33.1,13.0,26.1,30.1,24.0
2021-11-15,19.5,11.9,25.6,30.0,23.4
2021-11-16,5.2,10.2,25.6,27.9,23.5
2021-11-17,7.3,15.8,26.2,28.9,23.9
2021-11-18,0.8,11.3,26.2,29.6,24.1
2021-11-19,0.5,10.8,26.3,29.6,23.7
2021-11-20,19.9,12.3,26.6,30.0,23.8
2021-11-21,35.6,11.3,26.3,29.5,23.5
2021-11-22,27.2,13.8,26.2,30.3,23.4
2021-11-23,0.3,22.3,27.5,31.3,24.9
2021-11-24,13.9,16.6,26.5,29.3,24.5
2021-11-25,16.1,12.1,25.7,27.8,24.4
2021-11-26,17.4,10.1,26.2,29.4,24.3
2021-11-27,8.8,14.4,26.1,28.8,24.3
2021-11-28,23.4,14.2,25.9,29.6,23.5
2021-11-29,10.7,13.2,26.0,29.6,23.6
2021-11-30,9.4,12.8,26.1,29.9,23.7
2021-12-01,2.3,11.5,26.8,30.3,24.2
2021-12-02,3.3,15.9,26.8,29.9,24.3
2021-12-03,10.3,19.9,25.5,28.3,24.0
2021-12-04,1.5,18.5,26.8,30.7,24.4
2021-12-05,0.6,20.4,26.4,30.6,23.9
2021-12-06,0.1,17.0,26.6,30.6,23.6
2021-12-07,6.9,20.7,25.7,28.9,24.3
2021-12-08,4.0,16.0,26.6,31.3,24.5
2021-12-09,0.2,28.9,27.0,32.1,23.8
2021-12-10,21.3,15.5,25.9,28.8,23.8
2021-12-11,9.1,14.2,26.4,30.4,24.0
2021-12-12,4.5,16.3,26.5,30.6,24.5
2021-12-13,2.4,16.9,27.0,30.6,24.2
2021-12-14,3.3,21.9,25.8,27.2,24.7
2021-12-15,9.8,18.4,26.1,30.1,23.1
2021-12-16,37.5,23.1,24.4,26.4,23.2
2021-12-17,1.0,19.4,26.8,29.3,24.9
2021-12-18,3.8,17.3,26.7,30.8,23.5
2021-12-19,6.9,12.3,26.7,30.9,24.5
2021-12-20,2.9,18.0,27.3,31.3,24.3
2021-12-21,3.2,17.7,26.2,28.2,24.8
2021-12-22,4.1,15.0,25.7,27.8,24.5
2021-12-23,1.1,17.8,26.5,29.7,23.9
2021-12-24,5.3,20.2,26.2,28.7,24.7
2021-12-25,1.9,22.2,26.3,29.5,23.9
2021-12-26,0.5,20.2,27.2,30.6,24.7
2021-12-27,1.4,21.1,26.4,28.7,25.1
2021-12-28,1.5,20.5,26.1,29.5,24.4
2021-12-29,0.5,23.8,26.1,28.8,24.2
2021-12-30,1.0,22.9,27.0,29.6,25.2
2021-12-31,4.8,17.3,25.9,27.1,25.0
2022-01-01,6.8,25.2,26.1,29.7,23.9
2022-01-02,1.7,21.0,26.4,29.2,24.7
2022-01-03,1.1,19.7,26.1,29.5,24.2
2022-01-04,0.5,25.0,26.7,29.7,24.3
2022-01-05,0.3,22.0,27.1,30.5,24.8
2022-01-06,0.3,23.2,27.6,31.5,24.9
2022-01-07,0.0,19.5,27.7,31.5,24.8
2022-01-08,13.4,14.9,26.6,31.8,23.3
2022-01-09,3.2,11.2,26.6,30.8,23.7
2022-01-10,4.1,12.4,26.4,30.3,23.9
2022-01-11,3.4,12.8,26.8,31.6,22.8
2022-01-12,0.4,21.1,27.5,31.8,24.2
2022-01-13,24.6,26.0,25.9,29.6,24.2
2022-01-14,19.9,27.4,25.8,28.7,23.8
2022-01-15,1.8,26.6,25.3,28.0,23.6
2022-01-16,19.6,20.9,24.8,27.7,23.4
2022-01-17,5.4,21.1,25.0,28.8,23.4
2022-01-18,1.8,25.6,26.4,30.4,23.7
2022-01-19,13.6,15.1,26.1,30.1,23.5
2022-01-20,11.6,13.0,25.9,30.7,23.2
2022-01-21,0.3,17.1,27.1,31.3,23.7
2022-01-22,0.5,17.4,26.8,30.4,24.4
2022-01-23,26.6,17.3,26.2,29.9,24.2
2022-01-24,6.8,19.1,25.7,28.7,24.2
2022-01-25,18.2,18.0,25.6,27.8,23.4
2022-01-26,9.4,16.3,25.6,28.2,24.1
2022-01-27,11.6,14.8,25.3,27.9,24.0
2022-01-28,10.2,14.1,25.8,29.6,23.5
2022-01-29,0.7,11.9,26.4,30.3,23.3
2022-01-30,3.2,11.0,26.2,29.6,23.1
2022-01-31,0.5,18.0,26.5,30.6,23.5
2022-02-01,2.1,19.5,26.9,31.0,24.6
2022-02-02,0.6,18.4,26.3,29.0,24.0
2022-02-03,2.5,18.0,26.2,28.6,24.8
2022-02-04,19.3,15.0,24.7,26.2,23.6
2022-02-05,1.7,23.6,26.6,30.0,24.0
2022-02-06,1.4,23.2,26.8,30.1,24.5
2022-02-07,0.6,21.0,27.1,30.9,24.3
2022-02-08,14.6,16.5,25.8,28.6,24.1
2022-02-09,14.1,15.8,25.7,29.1,23.8
2022-02-10,3.3,23.6,25.9,28.9,24.0
2022-02-11,7.5,14.4,26.3,30.6,23.4
2022-02-12,5.5,14.8,25.7,29.0,23.4
2022-02-13,6.9,12.7,25.7,28.7,24.0
2022-02-14,3.0,12.8,26.1,30.3,22.8
2022-02-15,0.4,19.6,26.2,29.6,24.1
2022-02-16,0.0,22.4,27.0,30.9,24.0
2022-02-17,0.0,21.6,27.1,31.3,24.5
2022-02-18,3.1,20.0,26.8,30.9,24.7
2022-02-19,40.7,16.4,25.0,27.6,23.9
2022-02-20,21.0,17.1,24.8,28.3,22.6
2022-02-21,1.5,18.6,25.7,29.8,22.3
2022-02-22,3.5,15.2,25.8,28.5,23.8
2022-02-23,1.3,18.6,26.5,30.2,23.5
2022-02-24,10.1,23.4,26.1,29.4,24.1
2022-02-25,8.0,23.9,25.1,28.3,23.4
2022-02-26,4.9,23.7,25.8,28.9,23.8
2022-02-27,12.0,18.4,25.6,29.1,23.8
2022-02-28,24.7,20.5,26.2,31.0,23.6
2022-03-01,2.8,17.7,26.0,29.2,23.5
2022-03-02,2.1,16.9,26.3,29.6,24.3
2022-03-03,9.0,13.8,26.0,28.9,23.9
2022-03-04,1.6,17.0,27.1,31.9,24.0
2022-03-05,17.9,15.8,26.1,31.0,24.0
2022-03-06,18.3,18.1,25.6,29.7,23.8
2022-03-07,10.9,16.0,25.9,30.3,23.4
2022-03-08,20.3,12.3,25.8,29.6,23.6
2022-03-09,25.3,12.2,25.4,28.6,23.9
2022-03-10,2.0,13.2,26.0,28.8,23.9
2022-03-11,6.7,12.2,26.6,29.6,23.7
2022-03-12,10.3,11.8,26.7,30.5,24.1
2022-03-13,29.6,13.1,26.5,30.6,24.6
2022-03-14,7.4,11.7,26.5,30.3,24.1
2022-03-15,5.6,13.8,26.3,29.5,23.9
2022-03-16,3.9,14.0,26.3,30.1,23.6
2022-03-17,14.1,12.0,25.6,27.4,24.0
2022-03-18,2.9,12.3,26.7,29.8,23.6
2022-03-19,12.5,13.2,26.8,30.9,23.7
2022-03-20,30.3,13.7,26.1,29.9,24.7
2022-03-21,12.2,10.9,25.9,29.4,23.8
2022-03-22,14.2,16.1,26.6,31.6,23.8
2022-03-23,0.3,16.3,27.3,30.9,24.8
2022-03-24,7.4,16.0,26.3,30.4,24.3
2022-03-25,1.2,15.6,26.3,30.2,23.6
2022-03-26,33.0,17.7,25.9,29.0,23.9
2022-03-27,57.1,16.8,24.8,27.8,23.5
2022-03-28,13.2,12.4,25.9,28.9,23.2
2022-03-29,16.9,9.4,26.5,30.1,23.9
2022-03-30,8.7,18.4,26.8,32.0,23.6
2022-03-31,19.5,15.2,26.5,31.8,23.5
2022-04-01,9.5,17.3,26.3,29.8,24.0
2022-04-02,36.5,15.2,25.8,29.8,24.1
2022-04-03,42.0,13.2,25.5,28.3,23.9
2022-04-04,13.9,17.7,26.2,30.7,23.6
2022-04-05,45.0,18.0,25.3,28.8,23.3
2022-04-06,31.3,18.1,25.5,27.6,24.2
2022-04-07,4.6,9.9,25.3,27.7,24.0
2022-04-08,0.9,10.3,25.8,27.8,24.3
2022-04-09,1.7,6.6,25.5,27.0,24.2
2022-04-10,1.7,11.8,26.5,28.9,24.7
2022-04-11,1.3,11.5,26.5,28.9,24.6
2022-04-12,0.7,11.3,27.1,29.6,24.9
2022-04-13,0.7,16.1,26.7,29.4,24.7
2022-04-14,0.1,14.8,26.3,29.7,23.6
2022-04-15,0.0,10.3,26.9,29.5,23.7
2022-04-16,1.9,13.8,27.1,29.9,24.1
2022-04-17,11.5,11.8,26.0,28.6,23.8
2022-04-18,7.8,14.8,26.3,30.0,23.8
2022-04-19,3.9,13.3,26.3,29.9,24.6
2022-04-20,19.0,12.9,26.6,29.7,24.5
2022-04-21,30.4,14.8,26.3,30.4,24.6
2022-04-22,13.9,14.2,27.0,30.3,24.1
2022-04-23,7.0,12.0,26.4,29.7,24.7
2022-04-24,19.6,13.7,26.9,31.1,24.6
2022-04-25,19.6,11.9,26.6,30.8,24.4
2022-04-26,45.6,13.4,25.7,28.7,24.0
2022-04-27,20.8,15.2,25.9,28.2,24.5
2022-04-28,10.5,11.4,25.9,27.7,24.9
2022-04-29,12.3,11.4,26.8,30.6,24.5
2022-04-30,3.7,16.2,26.6,30.1,23.7
2022-05-01,4.9,17.7,26.3,28.8,24.1
2022-05-02,14.8,17.0,26.1,28.6,24.7
2022-05-03,20.2,20.7,25.5,28.3,24.3
2022-05-04,7.2,12.5,26.2,29.6,24.1
2022-05-05,6.9,9.4,26.2,29.4,24.3
2022-05-06,4.0,13.7,27.1,31.6,24.6
2022-05-07,22.2,18.2,26.9,30.6,24.8
2022-05-08,17.7,15.9,26.5,30.0,24.9
2022-05-09,14.5,15.7,26.0,27.4,25.0
2022-05-10,49.0,15.5,26.3,30.6,24.2
2022-05-11,17.5,12.5,26.6,31.0,24.0
2022-05-12,16.9,11.7,26.9,30.8,24.1
2022-05-13,8.8,10.5,26.6,29.3,24.0
2022-05-14,19.3,10.9,25.9,27.8,24.7
2022-05-15,8.1,11.2,26.0,28.4,24.2
2022-05-16,3.4,13.0,27.0,29.6,24.1
2022-05-17,7.8,11.6,27.2,29.6,24.4
2022-05-18,31.3,12.0,26.4,29.4,23.9
2022-05-19,19.8,13.0,26.1,29.2,23.9
2022-05-20,15.3,10.8,26.9,30.1,24.6
2022-05-21,11.5,13.6,26.6,30.4,24.0
2022-05-22,16.4,16.3,25.9,28.4,23.9
2022-05-23,15.9,10.3,26.6,29.3,24.1
2022-05-24,14.0,8.7,26.7,29.5,23.5
2022-05-25,1.5,10.8,26.6,28.8,25.4
2022-05-26,32.2,18.5,25.4,27.7,23.7
2022-05-27,0.7,13.2,26.2,29.0,23.7
2022-05-28,0.1,11.8,26.1,27.9,24.1
2022-05-29,22.0,13.3,26.6,30.7,24.2
2022-05-30,1.4,10.0,25.8,28.4,23.4
2022-05-31,0.2,10.2,26.7,29.0,23.9
2022-06-01,7.6,14.6,27.2,29.4,25.1
2022-06-02,8.6,11.7,26.7,29.1,24.1
2022-06-03,16.5,11.7,26.3,30.8,23.3
2022-06-04,12.0,11.3,26.4,30.2,23.6
2022-06-05,1.8,14.5,26.2,28.6,23.8
2022-06-06,1.3,13.0,26.9,29.5,23.7
2022-06-07,29.5,16.0,26.6,29.5,23.8
2022-06-08,7.9,12.0,26.2,29.2,23.8
2022-06-09,2.0,10.7,26.7,29.7,23.7
2022-06-10,0.1,13.4,27.2,29.4,24.5
2022-06-11,0.7,9.7,27.1,30.3,24.0
2022-06-12,17.2,11.4,27.2,31.3,24.3
2022-06-13,16.1,11.3,26.5,29.8,24.1
2022-06-14,3.6,12.1,26.5,29.0,23.8
2022-06-15,1.0,11.8,26.9,30.1,23.9
2022-06-16,20.3,12.0,26.2,29.4,23.3
2022-06-17,17.3,11.4,26.5,30.9,23.8
2022-06-18,15.0,12.2,26.4,30.0,23.7
2022-06-19,8.7,12.9,26.7,30.3,23.8
2022-06-20,10.7,13.3,26.3,28.9,24.0
2022-06-21,12.4,13.8,25.9,28.1,24.2
2022-06-22,8.8,7.9,26.2,28.9,24.1
2022-06-23,4.5,22.1,26.4,29.4,23.4
2022-06-24,1.6,11.6,27.0,30.6,23.6
2022-06-25,12.5,8.4,26.2,29.0,23.4
2022-06-26,19.8,13.7,26.0,29.0,22.9
2022-06-27,17.2,13.4,26.4,29.0,24.1
2022-06-28,11.5,15.3,26.1,28.6,24.3
2022-06-29,13.7,13.8,26.3,29.6,24.1
2022-06-30,0.0,16.2,27.1,29.7,24.1
2022-07-01,33.1,14.4,26.9,29.5,24.1
2022-07-02,27.8,12.9,25.9,28.3,23.5
2022-07-03,4.6,12.9,26.8,30.4,24.6
2022-07-04,1.1,12.4,26.8,30.1,23.9
2022-07-05,4.6,13.7,26.0,29.0,24.2
2022-07-06,0.3,10.7,26.3,29.2,23.9
2022-07-07,3.9,12.2,26.0,29.0,24.1
2022-07-08,7.5,11.2,25.3,27.9,23.7
2022-07-09,14.6,11.9,25.2,27.0,23.7
2022-07-10,12.1,11.9,25.7,28.4,23.1
2022-07-11,0.7,12.1,26.6,28.6,24.4
2022-07-12,1.0,12.0,26.4,29.5,24.4
2022-07-13,38.8,11.5,25.9,30.1,23.5
2022-07-14,50.0,13.8,26.1,29.6,24.1
2022-07-15,16.6,14.2,26.1,29.2,23.8
2022-07-16,6.7,9.8,26.2,28.8,24.6
2022-07-17,2.2,11.2,26.2,28.8,24.0
2022-07-18,1.3,11.7,25.4,26.7,24.1
2022-07-19,4.9,9.5,26.2,29.6,24.1
2022-07-20,11.5,15.5,26.5,29.8,23.5
2022-07-21,22.1,18.7,26.3,30.0,23.6
2022-07-22,8.7,14.4,26.2,29.0,23.3
2022-07-23,6.3,15.3,26.6,29.9,24.0
2022-07-24,0.5,15.1,26.3,29.1,24.1
2022-07-25,0.9,14.1,26.7,29.4,24.1
2022-07-26,31.1,17.7,26.7,29.4,24.5
2022-07-27,12.0,13.0,26.4,28.8,23.7
2022-07-28,0.0,14.3,27.0,29.8,24.1
2022-07-29,1.4,15.0,26.8,29.9,23.9
2022-07-30,3.4,17.6,26.5,29.7,24.2
2022-07-31,2.7,9.9,26.1,28.0,23.9
2022-08-01,18.5,10.9,26.5,29.4,24.0
2022-08-02,29.7,8.5,25.9,29.5,23.5
2022-08-03,16.1,13.0,26.9,30.3,24.2
2022-08-04,6.8,16.8,26.7,29.7,24.1
2022-08-05,6.4,14.6,25.9,27.5,24.7
2022-08-06,1.3,13.4,26.9,29.6,24.2
2022-08-07,2.9,10.7,26.0,29.2,23.8
2022-08-08,28.1,12.4,25.1,28.5,23.3
2022-08-09,4.5,14.1,26.0,30.8,23.6
2022-08-10,1.6,9.4,26.0,29.0,23.9
2022-08-11,9.1,11.7,26.8,30.0,24.1
2022-08-12,0.1,9.5,26.8,29.9,23.8
2022-08-13,2.4,10.7,25.6,27.0,24.1
2022-08-14,4.1,15.0,26.1,28.1,24.6
2022-08-15,2.5,17.7,26.1,28.4,24.1
2022-08-16,3.7,10.7,26.8,29.2,24.6
2022-08-17,28.1,14.3,25.6,29.4,23.6
2022-08-18,6.1,11.0,24.8,26.3,23.8
2022-08-19,0.0,11.4,26.2,28.4,23.7
2022-08-20,2.4,15.4,26.8,29.8,24.2
2022-08-21,0.3,15.6,27.0,30.0,24.2
2022-08-22,1.6,17.7,26.6,29.4,24.8
2022-08-23,6.0,16.0,25.7,28.3,23.9
2022-08-24,8.0,13.4,26.6,29.1,24.4
2022-08-25,16.4,11.2,26.3,29.2,23.7
2022-08-26,10.5,12.4,26.7,29.7,24.0
2022-08-27,0.2,13.7,26.9,29.7,23.2
2022-08-28,1.6,12.7,27.5,30.1,24.4
2022-08-29,47.7,12.3,26.3,30.1,23.9
2022-08-30,17.3,10.3,26.5,30.3,23.7
2022-08-31,3.2,22.4,26.8,29.4,24.0
2022-09-01,5.9,14.8,26.8,29.6,24.8
2022-09-02,0.3,16.9,27.6,29.6,24.7
2022-09-03,12.6,12.7,27.1,29.7,24.2
2022-09-04,29.3,14.8,26.1,28.5,24.1
2022-09-05,25.2,14.4,26.3,28.3,24.1
2022-09-06,38.3,15.0,25.3,27.1,24.1
2022-09-07,4.3,10.6,26.4,29.6,24.1
2022-09-08,27.6,12.6,26.5,29.7,23.6
2022-09-09,0.3,13.8,26.8,29.8,23.6
2022-09-10,1.7,14.7,26.9,29.9,23.6
2022-09-11,0.3,12.4,26.8,30.3,23.4
2022-09-12,0.0,20.7,27.1,30.7,23.4
2022-09-13,6.6,14.8,27.2,30.5,24.6
2022-09-14,1.0,15.7,26.9,30.0,24.1
2022-09-15,2.8,23.4,26.0,28.8,24.4
2022-09-16,0.0,9.7,27.3,30.2,24.7
2022-09-17,0.0,13.7,27.9,30.6,25.1
2022-09-18,1.8,14.0,27.7,30.5,24.4
2022-09-19,0.3,13.8,27.4,29.8,24.1
2022-09-20,0.6,17.3,27.7,30.5,25.2
2022-09-21,3.5,13.6,27.4,30.4,24.1
2022-09-22,1.1,11.6,27.4,30.6,24.1
2022-09-23,0.1,20.0,27.3,29.7,25.4
2022-09-24,0.0,12.2,27.4,31.2,23.7
2022-09-25,1.3,17.4,27.2,30.4,24.5
2022-09-26,0.1,10.5,27.4,29.9,24.7
2022-09-27,0.5,15.0,27.4,30.2,24.9
2022-09-28,6.8,9.2,26.5,29.4,25.0
2022-09-29,4.1,13.3,26.7,30.9,24.6
2022-09-30,19.0,13.0,27.0,31.2,24.1
2022-10-01,25.0,12.1,26.4,30.4,24.1
2022-10-02,9.7,11.9,26.4,29.8,24.3
2022-10-03,0.8,12.0,26.5,28.8,23.8
2022-10-04,11.9,11.1,26.7,30.9,24.4
2022-10-05,22.4,13.7,26.3,28.7,24.8
2022-10-06,7.2,12.6,26.9,30.8,24.4
2022-10-07,5.5,14.4,27.1,30.6,24.1
2022-10-08,27.3,11.4,26.9,30.1,23.8
2022-10-09,6.3,13.3,27.0,30.2,24.4
2022-10-10,0.4,13.0,26.9,30.5,24.3
2022-10-11,1.2,13.4,26.1,29.2,23.4
2022-10-12,1.9,13.1,26.6,29.8,23.8
2022-10-13,0.3,13.0,26.9,30.9,24.0
2022-10-14,0.0,11.5,26.8,30.0,24.3
2022-10-15,0.0,12.9,26.8,30.1,23.7
2022-10-16,1.4,13.4,26.7,29.4,24.6
2022-10-17,1.0,12.5,27.0,30.1,24.9
2022-10-18,7.3,12.5,26.5,29.4,24.3
2022-10-19,4.0,11.3,26.5,28.5,24.1
2022-10-20,14.7,15.3,26.8,28.0,25.4
2022-10-21,45.5,9.1,26.9,31.0,24.8
2022-10-22,36.8,16.9,26.5,31.1,24.6
2022-10-23,27.2,15.5,26.0,30.3,24.2
2022-10-24,1.0,14.1,26.3,30.3,23.9
2022-10-25,21.4,12.3,25.4,27.8,23.8
2022-10-26,1.7,12.5,25.5,28.5,23.3
2022-10-27,1.5,11.3,25.8,28.0,23.6
2022-10-28,16.1,31.1,25.6,27.1,23.2
2022-10-29,1.0,28.8,27.1,28.5,25.7
2022-10-30,1.6,19.8,27.2,29.5,23.8
2022-10-31,0.1,10.7,27.7,29.5,26.3
2022-11-01,5.4,19.6,26.9,29.4,24.8
2022-11-02,9.1,19.5,26.9,30.8,24.8
2022-11-03,3.4,19.5,26.2,28.0,24.0
2022-11-04,21.9,11.6,26.3,30.6,24.0
2022-11-05,15.7,13.8,26.7,31.1,24.2
2022-11-06,7.9,12.6,26.6,29.8,23.8
2022-11-07,21.3,15.2,26.4,30.4,23.9
2022-11-08,20.1,10.1,26.2,30.9,23.1
2022-11-09,36.7,10.8,26.1,29.7,23.6
2022-11-10,17.5,12.3,26.3,30.5,23.9
2022-11-11,4.5,13.6,26.7,30.1,24.5
2022-11-12,12.6,14.8,26.5,30.4,24.5
2022-11-13,14.1,16.2,26.2,30.3,23.7
2022-11-14,10.9,13.4,26.8,31.1,23.9
2022-11-15,12.5,13.3,26.8,31.3,24.2
2022-11-16,21.9,16.9,26.3,30.5,24.2
2022-11-17,38.0,11.2,25.4,27.9,24.2
2022-11-18,21.1,16.2,26.0,29.3,24.1
2022-11-19,4.6,11.0,26.1,28.4,24.4
2022-11-20,7.5,12.6,26.1,28.5,24.5
2022-11-21,29.5,13.0,26.2,30.2,24.0
2022-11-22,24.7,15.1,26.1,30.9,23.4
2022-11-23,27.7,13.7,26.0,30.1,23.3
2022-11-24,19.5,15.2,26.3,29.6,24.1
2022-11-25,18.6,11.5,25.9,29.2,23.7
2022-11-26,1.9,15.8,26.3,30.8,22.9
2022-11-27,0.5,16.6,27.1,30.7,24.0
2022-11-28,15.3,14.3,26.7,30.8,24.3
2022-11-29,15.2,15.9,26.6,29.4,24.7
2022-11-30,3.8,21.3,25.9,28.7,23.7
2022-12-01,13.0,14.9,25.6,29.0,24.1
2022-12-02,5.7,17.3,25.7,28.9,23.9
2022-12-03,1.1,14.9,26.9,31.2,23.5
2022-12-04,17.3,15.0,25.9,28.8,23.0
2022-12-05,5.3,21.5,25.3,26.7,23.6
2022-12-06,4.7,18.0,26.4,30.0,23.5
2022-12-07,16.2,17.2,26.2,30.0,23.5
2022-12-08,16.8,11.7,25.6,28.9,23.6
2022-12-09,1.7,10.8,25.0,27.6,23.1
2022-12-10,0.2,7.5,25.9,28.5,23.6
2022-12-11,0.0,9.2,26.2,29.5,22.9
2022-12-12,1.1,9.0,26.9,30.1,24.0
2022-12-13,38.1,9.8,26.2,29.9,24.3
2022-12-14,25.8,14.8,26.2,28.6,24.8
2022-12-15,1.7,16.5,26.5,29.6,24.3
2022-12-16,1.4,15.7,26.9,30.8,24.1
2022-12-17,5.8,15.5,26.7,30.0,24.6
2022-12-18,3.4,21.8,26.1,29.0,24.1
2022-12-19,4.4,16.4,25.5,27.4,23.9
2022-12-20,13.4,14.9,25.6,29.6,23.7
2022-12-21,0.8,10.0,25.8,28.8,23.4
2022-12-22,0.5,14.4,26.1,28.7,23.9
2022-12-23,8.6,11.1,26.5,29.9,23.8
2022-12-24,5.7,10.0,25.9,28.9,23.8
2022-12-25,6.7,18.4,25.9,29.2,23.8
2022-12-26,2.3,19.6,25.9,28.1,24.5
2022-12-27,11.6,17.4,25.6,29.5,23.7
2022-12-28,20.3,13.5,26.0,29.6,24.0
2022-12-29,9.4,12.3,26.0,29.2,23.3
2022-12-30,7.5,9.0,26.2,29.4,23.7
2022-12-31,9.2,16.6,25.7,29.9,23.4
2023-01-01,1.8,19.9,25.6,28.2,23.2
2023-01-02,36.8,17.6,25.3,27.9,24.1
2023-01-03,31.8,13.7,25.3,29.3,23.4
2023-01-04,11.3,13.1,25.4,27.6,23.7
2023-01-05,19.4,16.4,25.6,29.4,24.0
2023-01-06,0.0,24.8,26.8,30.9,23.4
2023-01-07,11.8,21.9,25.0,25.7,24.0
2023-01-08,3.7,21.6,25.0,27.1,23.3
2023-01-09,10.1,18.4,25.5,28.7,23.3
2023-01-10,3.6,15.2,25.1,27.9,23.4
2023-01-11,4.2,13.7,25.0,27.0,23.1
2023-01-12,16.7,16.0,25.3,28.1,23.4
2023-01-13,20.1,13.0,25.7,30.3,23.9
2023-01-14,13.3,12.8,25.4,28.2,23.6
2023-01-15,0.7,11.2,26.1,30.2,24.0
2023-01-16,4.2,17.1,26.1,29.3,23.7
2023-01-17,3.7,13.0,26.1,29.8,24.1
2023-01-18,22.2,13.0,25.8,29.1,23.5
2023-01-19,8.7,16.7,26.2,30.3,24.0
2023-01-20,0.4,21.7,26.6,29.5,24.2
2023-01-21,23.2,16.1,25.1,28.3,23.0
2023-01-22,21.9,26.1,24.4,26.2,23.3
2023-01-23,14.4,15.8,25.2,27.4,24.1
2023-01-24,18.0,20.9,25.5,29.5,23.5
2023-01-25,8.2,24.6,25.1,27.0,23.8
2023-01-26,29.2,14.0,25.2,28.8,23.0
2023-01-27,6.2,11.8,25.8,29.1,23.4
2023-01-28,2.3,12.8,26.5,31.1,23.0
2023-01-29,30.5,21.3,25.7,27.5,24.5
2023-01-30,8.9,13.8,25.5,28.7,23.9
2023-01-31,4.6,15.8,25.8,28.8,24.0
2023-02-01,3.6,16.2,26.7,30.5,23.7
2023-02-02,2.3,15.3,26.4,30.2,24.3
2023-02-03,2.4,20.9,27.0,30.7,24.5
2023-02-04,4.9,18.2,25.9,29.4,23.7
2023-02-05,19.6,16.0,25.8,30.3,23.0
2023-02-06,4.6,16.3,25.9,30.5,22.9
2023-02-07,3.2,19.4,26.1,29.6,24.3
2023-02-08,9.2,22.3,25.6,29.1,24.0
2023-02-09,14.8,19.2,25.4,29.7,23.1
2023-02-10,1.3,16.6,26.2,29.9,23.4
2023-02-11,1.7,17.3,26.7,30.1,24.3
2023-02-12,0.3,24.5,27.0,30.3,24.5
2023-02-13,13.0,16.0,25.4,28.0,23.8
2023-02-14,30.6,10.2,24.5,26.6,23.0
2023-02-15,40.0,17.6,25.2,28.7,22.8
2023-02-16,1.3,24.0,26.2,29.7,24.3
2023-02-17,4.0,26.0,25.5,27.9,23.8
2023-02-18,23.9,10.9,25.2,27.3,23.3
2023-02-19,0.3,15.7,26.2,28.8,23.5
2023-02-20,5.0,16.9,26.3,28.2,24.3
2023-02-21,22.6,16.6,25.6,29.1,23.6
2023-02-22,12.6,16.6,25.9,29.8,23.4
2023-02-23,9.3,13.3,26.5,31.0,24.1
2023-02-24,2.3,16.9,26.3,30.6,23.8
2023-02-25,24.0,19.2,26.1,30.6,23.2
2023-02-26,0.2,23.4,26.8,30.4,24.6
2023-02-27,3.5,16.4,26.4,28.5,24.6
2023-02-28,1.1,18.7,26.2,28.9,24.3
2023-03-01,12.2,14.5,26.0,30.3,24.0
2023-03-02,1.6,23.6,26.3,29.8,24.1
2023-03-03,0.0,24.5,26.5,30.5,23.2
2023-03-04,12.4,17.8,25.7,28.4,23.7
2023-03-05,3.5,20.2,26.6,31.5,23.7
2023-03-06,3.6,17.9,26.5,31.3,23.3
2023-03-07,3.6,21.8,26.1,28.5,24.1
2023-03-08,2.4,18.4,27.2,31.8,24.5
2023-03-09,3.8,19.1,26.4,31.2,24.2
2023-03-10,0.0,19.8,27.5,31.6,23.9
2023-03-11,24.8,19.1,26.9,32.5,23.6
2023-03-12,11.7,22.4,26.5,31.1,23.8
2023-03-13,24.5,19.4,25.8,30.4,23.6
2023-03-14,14.2,18.0,24.8,26.3,23.4
2023-03-15,0.3,13.0,26.4,30.6,23.6
2023-03-16,7.0,17.7,26.5,30.9,24.1
2023-03-17,8.4,16.2,26.6,30.9,23.9
2023-03-18,3.6,18.4,26.3,30.2,23.7
2023-03-19,18.3,14.6,26.4,30.8,24.4
2023-03-20,2.0,19.5,27.5,32.3,24.5
2023-03-21,0.2,15.2,27.3,32.0,23.8
2023-03-22,7.7,19.2,26.6,30.3,24.3
2023-03-23,0.0,14.0,26.8,31.1,23.2
2023-03-24,34.3,12.6,26.4,30.1,24.5
2023-03-25,4.2,20.4,26.9,30.9,24.2
2023-03-26,7.5,16.0,26.9,31.1,24.6
2023-03-27,12.5,19.1,26.2,30.0,24.7
2023-03-28,11.4,18.1,26.5,29.5,24.0
2023-03-29,21.4,14.9,25.4,29.1,23.7
2023-03-30,6.3,16.9,26.0,29.8,23.9
2023-03-31,8.2,13.7,26.1,29.1,24.3
2023-04-01,39.8,15.6,25.6,30.0,23.8
2023-04-02,26.0,7.8,25.8,29.4,23.8
2023-04-03,8.3,13.0,26.4,30.7,23.4
2023-04-04,4.6,16.8,27.2,31.3,24.3
2023-04-05,23.3,15.6,25.3,29.4,22.7
2023-04-06,7.5,14.8,26.6,30.8,22.7
2023-04-07,10.3,13.7,26.2,29.7,23.5
2023-04-08,1.5,13.8,26.4,31.6,24.0
2023-04-09,18.4,16.2,26.3,30.4,24.3
2023-04-10,0.6,15.6,26.9,29.9,23.9
2023-04-11,0.1,14.1,26.5,29.2,24.4
2023-04-12,0.5,13.0,26.9,29.7,24.7
2023-04-13,0.2,11.3,27.0,29.3,24.6
2023-04-14,3.2,11.1,26.9,29.2,24.6
2023-04-15,0.4,11.2,26.5,29.4,24.0
2023-04-16,11.9,11.2,26.8,30.0,24.0
2023-04-17,20.7,10.5,26.5,29.0,23.8
2023-04-18,7.0,19.7,26.8,30.5,23.4
2023-04-19,4.0,11.8,27.5,32.1,23.8
2023-04-20,8.1,11.3,26.7,29.7,23.7
2023-04-21,12.5,13.8,26.8,30.1,24.1
2023-04-22,14.9,15.9,26.9,31.0,24.4
2023-04-23,17.7,13.3,27.0,31.8,24.3
2023-04-24,7.6,10.5,27.1,30.3,24.9
2023-04-25,1.1,12.8,27.9,32.5,24.2
2023-04-26,3.5,11.8,27.7,31.8,24.6
2023-04-27,5.6,16.7,27.4,31.1,24.8
2023-04-28,0.9,14.0,28.2,32.3,25.3
2023-04-29,2.7,17.3,27.6,32.0,25.6
2023-04-30,16.9,15.8,26.8,31.0,25.2
2023-05-01,16.0,19.0,27.7,31.8,24.8
2023-05-02,6.4,17.8,26.9,30.0,25.2
2023-05-03,0.5,14.8,26.8,29.2,24.8
2023-05-04,0.7,11.4,27.1,30.9,24.2
2023-05-05,7.7,11.9,26.9,30.8,24.8
2023-05-06,5.1,11.7,26.7,30.4,24.2
2023-05-07,1.8,15.2,27.3,30.9,24.5
2023-05-08,4.9,13.0,27.9,32.3,25.1
2023-05-09,6.3,14.6,28.0,33.1,25.0
2023-05-10,10.2,13.7,28.1,32.6,24.8
2023-05-11,3.3,15.2,27.3,30.6,24.2
2023-05-12,7.2,15.1,27.8,30.8,25.6
2023-05-13,8.3,12.2,27.8,32.0,25.0
2023-05-14,4.5,16.6,26.8,30.8,24.6
2023-05-15,8.3,11.8,26.6,30.2,23.9
2023-05-16,6.0,13.3,27.4,31.6,24.2
2023-05-17,4.8,15.6,27.5,30.9,24.2
2023-05-18,2.4,17.7,27.3,31.0,24.1
2023-05-19,3.5,13.7,26.3,29.0,24.6
2023-05-20,3.3,10.2,26.1,28.5,24.2
2023-05-21,2.9,14.7,26.6,29.4,24.6
2023-05-22,0.5,16.6,26.8,29.9,24.3
2023-05-23,1.0,14.3,26.6,29.9,24.4
2023-05-24,5.4,11.3,26.0,28.7,24.3
2023-05-25,4.2,10.0,26.4,29.6,24.8
2023-05-26,0.9,12.7,26.6,29.1,24.9
2023-05-27,0.0,9.8,27.1,29.9,24.1
2023-05-28,0.2,12.2,27.7,30.4,25.6
2023-05-29,1.9,17.3,27.3,29.6,25.7
2023-05-30,0.4,18.2,28.1,30.3,25.6
2023-05-31,0.3,19.4,27.6,29.9,25.6
2023-06-01,0.2,12.7,27.1,30.0,24.8
2023-06-02,0.1,12.9,27.9,31.8,25.4
2023-06-03,2.3,15.1,27.6,30.7,25.1
2023-06-04,9.5,18.7,27.1,30.8,24.8
2023-06-05,11.0,12.7,26.5,29.9,24.5
2023-06-06,3.6,10.6,26.4,29.4,24.4
2023-06-07,4.9,10.2,26.7,29.3,24.5
2023-06-08,3.9,12.2,26.5,29.3,25.0
2023-06-09,0.8,10.5,26.8,29.7,24.4
2023-06-10,0.2,10.5,26.9,30.2,24.3
2023-06-11,3.4,14.8,27.4,30.3,24.7
2023-06-12,0.4,12.3,27.4,30.3,24.3
2023-06-13,28.4,13.9,26.4,29.4,24.1
2023-06-14,17.6,13.3,26.4,29.4,24.8
2023-06-15,0.2,12.0,26.6,28.9,24.2
2023-06-16,3.0,14.8,25.9,27.4,24.7
2023-06-17,12.7,12.0,26.5,29.6,24.1
2023-06-18,32.3,12.2,26.6,30.6,24.7
2023-06-19,23.8,11.6,26.3,30.2,24.0
2023-06-20,26.7,12.6,26.0,29.8,23.6
2023-06-21,7.4,19.5,25.5,28.1,23.2
2023-06-22,10.0,8.1,26.1,28.1,24.2
2023-06-23,1.2,10.3,26.5,29.5,24.1
2023-06-24,1.3,13.3,26.5,29.1,24.5
2023-06-25,0.3,12.2,26.2,28.8,23.7
2023-06-26,1.7,12.7,26.3,28.3,24.1
2023-06-27,15.9,14.2,26.9,29.3,24.6
2023-06-28,6.6,13.7,26.6,30.2,24.2
2023-06-29,4.3,14.5,26.3,29.5,23.5
2023-06-30,11.8,9.7,27.1,30.9,23.9
2023-07-01,4.9,11.5,27.3,31.0,24.3
2023-07-02,7.5,11.0,26.7,30.4,24.3
2023-07-03,36.2,12.1,25.8,28.4,23.9
2023-07-04,36.1,13.0,25.8,28.8,23.6
2023-07-05,5.5,9.2,26.7,30.8,23.6
2023-07-06,19.4,11.5,26.7,30.0,24.3
2023-07-07,26.7,10.0,26.5,29.9,23.7
2023-07-08,32.5,13.4,26.1,29.6,23.3
2023-07-09,0.1,15.1,25.9,29.5,23.6
2023-07-10,0.3,13.7,26.7,30.1,23.5
2023-07-11,0.7,10.5,26.7,29.7,24.7
2023-07-12,1.4,10.5,25.2,27.4,23.4
2023-07-13,1.4,13.6,25.9,29.3,23.3
2023-07-14,0.0,15.7,26.6,30.3,23.6
2023-07-15,0.8,16.8,26.6,29.2,24.4
2023-07-16,0.9,8.3,26.4,30.0,22.5
2023-07-17,1.2,13.0,26.7,29.2,25.3
2023-07-18,12.1,7.6,25.1,26.4,24.2
2023-07-19,1.3,13.7,25.2,26.4,23.8
2023-07-20,0.7,13.3,26.6,30.3,24.0
2023-07-21,0.5,13.6,26.6,29.4,23.8
2023-07-22,2.6,11.5,25.5,27.9,22.9
2023-07-23,0.0,8.0,27.5,30.5,25.3
2023-07-24,0.1,22.7,27.5,30.4,26.0
2023-07-25,0.8,31.0,27.4,30.3,25.0
2023-07-26,1.7,14.6,26.9,28.8,24.9
2023-07-27,0.8,13.3,27.2,29.8,25.4
2023-07-28,7.0,13.1,25.8,28.8,23.7
2023-07-29,2.1,10.8,26.6,28.8,24.9
2023-07-30,1.6,16.7,26.8,30.1,23.7
2023-07-31,0.0,17.6,27.0,30.5,23.5
2023-08-01,0.1,15.9,27.8,31.2,24.7
2023-08-02,0.0,16.6,27.9,31.2,24.9
2023-08-03,0.9,16.6,27.7,31.3,25.3
2023-08-04,0.9,13.2,27.6,31.2,25.0
2023-08-05,0.4,14.5,27.3,31.5,24.1
2023-08-06,0.0,13.0,27.3,29.9,24.9
2023-08-07,0.0,13.0,28.1,32.0,24.7
2023-08-08,0.0,13.7,28.4,33.4,25.5
2023-08-09,0.0,15.4,27.7,31.8,25.4
2023-08-10,0.0,15.3,27.1,31.6,24.7
2023-08-11,0.3,10.7,26.0,28.4,24.2
2023-08-12,4.5,12.4,26.0,29.5,23.7
2023-08-13,0.6,13.0,26.2,29.9,23.4
2023-08-14,1.2,10.5,26.4,30.0,23.5
2023-08-15,1.0,14.8,27.0,31.2,24.5
2023-08-16,3.8,13.5,25.9,29.3,23.5
2023-08-17,2.7,9.7,25.2,28.3,22.7
2023-08-18,3.3,14.8,25.9,29.9,23.8
2023-08-19,7.8,13.0,25.5,28.7,23.5
2023-08-20,5.6,10.4,25.6,28.9,23.6
2023-08-21,7.4,11.4,25.7,28.5,24.0
2023-08-22,1.0,14.0,25.9,29.1,23.3
2023-08-23,16.3,13.8,25.9,28.7,23.5
2023-08-24,10.3,14.0,26.3,29.9,22.9
2023-08-25,0.0,12.5,26.4,29.9,22.9
2023-08-26,0.5,11.0,26.5,29.8,24.3
2023-08-27,0.9,17.0,26.4,29.2,23.5
2023-08-28,0.2,26.6,27.4,31.0,24.4
2023-08-29,1.2,17.6,27.5,31.1,24.7
2023-08-30,0.2,15.6,27.3,30.8,24.2
2023-08-31,0.5,15.8,27.4,31.1,24.7
2023-09-01,0.1,18.2,27.5,31.3,24.3
2023-09-02,0.0,16.2,27.8,31.5,24.6
2023-09-03,0.0,15.3,27.9,31.4,25.4
2023-09-04,1.3,19.1,27.9,31.8,25.0
2023-09-05,11.2,15.0,27.7,31.2,24.5
2023-09-06,59.5,11.4,26.2,30.2,24.0
2023-09-07,13.8,15.5,26.4,30.2,23.2
2023-09-08,0.0,18.0,26.9,31.2,24.4
2023-09-09,1.2,12.5,26.8,29.3,23.7
2023-09-10,1.9,14.4,26.4,29.6,24.7
2023-09-11,0.8,14.0,26.8,30.3,24.4
2023-09-12,1.7,16.5,26.0,30.0,24.0
2023-09-13,6.4,15.1,25.6,29.1,23.6
2023-09-14,1.3,11.7,25.7,29.5,23.0
2023-09-15,3.0,8.7,25.7,27.8,23.8
2023-09-16,29.5,13.6,25.7,30.1,23.8
2023-09-17,21.6,11.0,25.7,30.1,23.8
2023-09-18,14.1,12.0,25.5,27.5,23.1
2023-09-19,1.2,12.3,26.8,30.5,23.5
2023-09-20,1.8,10.5,26.3,29.0,24.6
2023-09-21,2.8,13.9,25.6,27.8,23.5
2023-09-22,4.0,14.7,26.0,29.4,23.8
2023-09-23,0.2,9.2,26.6,30.1,23.7
2023-09-24,0.3,14.8,26.8,30.3,24.1
2023-09-25,0.0,12.7,26.7,29.3,24.6
2023-09-26,3.7,10.0,26.0,29.0,23.7
2023-09-27,1.4,11.3,26.2,28.5,24.1
2023-09-28,0.2,12.4,26.9,30.3,24.5
2023-09-29,0.0,13.3,27.2,31.0,24.4
2023-09-30,0.3,10.5,27.1,29.9,24.5
2023-10-01,0.2,17.0,27.2,31.4,24.0
2023-10-02,0.0,13.9,27.5,31.2,24.6
2023-10-03,1.9,11.8,27.7,31.4,24.8
2023-10-04,0.4,14.4,27.6,32.1,24.8
2023-10-05,0.3,14.0,27.6,32.4,23.9
2023-10-06,2.6,13.0,27.6,32.0,24.9
2023-10-07,12.1,11.6,26.8,31.6,24.3
2023-10-08,29.1,8.4,26.7,31.5,24.0
2023-10-09,3.2,11.5,26.5,30.2,23.5
2023-10-10,2.9,7.7,26.0,28.5,24.2
2023-10-11,1.8,11.2,25.9,29.2,23.7
2023-10-12,1.2,14.3,27.0,31.3,24.3
2023-10-13,5.0,8.6,26.0,28.1,24.7
2023-10-14,0.0,10.3,27.4,29.9,25.0
2023-10-15,8.2,10.6,27.8,31.3,24.4
2023-10-16,0.2,15.3,26.8,31.1,23.6
2023-10-17,0.8,9.7,27.1,31.1,24.6
2023-10-18,11.4,9.7,27.0,31.9,23.8
2023-10-19,7.1,12.6,26.6,30.0,23.9
2023-10-20,2.6,12.0,27.2,30.8,24.5
2023-10-21,9.2,7.9,26.5,31.3,24.1
2023-10-22,8.8,10.7,26.5,31.4,23.6
2023-10-23,1.2,12.8,27.0,31.1,23.6
2023-10-24,20.6,13.7,26.6,31.0,23.7
2023-10-25,2.3,12.8,26.6,31.8,23.7
2023-10-26,1.7,8.8,26.4,29.8,23.7
2023-10-27,17.7,15.9,26.6,32.1,24.0
2023-10-28,3.6,12.3,27.2,32.1,23.6
2023-10-29,7.7,9.6,26.2,30.7,23.2
2023-10-30,17.3,14.1,26.4,30.8,23.2
2023-10-31,0.0,11.8,27.3,30.5,23.6
2023-11-01,13.9,12.3,27.3,30.9,24.1
2023-11-02,1.6,11.6,27.1,31.0,23.7
2023-11-03,8.8,13.6,26.5,31.5,23.5
2023-11-04,1.7,12.5,27.0,31.2,24.4
2023-11-05,13.8,11.7,26.8,31.3,24.4
2023-11-06,2.0,10.8,27.5,32.0,23.5
2023-11-07,19.2,16.9,26.7,30.9,24.3
2023-11-08,10.1,15.4,26.2,29.1,23.9
2023-11-09,22.0,11.4,26.5,30.5,24.0
2023-11-10,6.5,15.5,26.8,31.2,24.6
2023-11-11,10.5,14.9,26.6,31.8,23.9
2023-11-12,0.6,8.7,27.2,31.8,23.4
2023-11-13,8.3,16.3,27.6,32.2,24.7
2023-11-14,13.0,12.5,27.8,33.2,23.9
2023-11-15,0.0,16.2,28.0,31.6,25.0
2023-11-16,10.7,16.6,26.2,28.0,24.7
2023-11-17,12.1,12.3,26.8,30.1,24.3
2023-11-18,33.0,9.7,26.6,30.6,24.9
2023-11-19,1.1,13.1,27.1,30.8,25.0
2023-11-20,2.6,14.8,26.9,31.0,24.1
2023-11-21,2.1,15.1,26.7,30.0,24.8
2023-11-22,12.2,14.5,26.7,29.7,24.6
2023-11-23,11.9,9.6,26.1,30.3,23.6
2023-11-24,14.6,20.8,26.1,30.6,23.1
2023-11-25,35.7,12.4,25.8,30.2,22.8
2023-11-26,0.6,20.2,27.6,31.6,24.3
2023-11-27,10.5,12.5,26.6,31.0,24.3
2023-11-28,13.2,13.1,26.3,29.6,23.8
2023-11-29,17.0,15.2,26.5,29.4,24.8
2023-11-30,18.7,18.8,26.7,29.8,24.4
2023-12-01,7.4,18.1,27.1,30.9,25.3
2023-12-02,28.1,19.2,26.7,31.5,24.3
2023-12-03,7.9,14.5,26.3,29.9,24.3
2023-12-04,5.4,15.1,26.9,31.3,24.1
2023-12-05,6.0,9.7,26.8,30.6,24.6
2023-12-06,10.8,20.9,26.7,29.8,24.2
2023-12-07,9.2,20.5,26.8,29.8,24.4
2023-12-08,12.5,16.6,26.5,30.6,23.6
2023-12-09,7.4,12.1,26.2,30.7,23.6
2023-12-10,4.5,15.3,26.8,31.1,23.5
2023-12-11,0.4,16.9,27.5,31.0,24.4
2023-12-12,1.1,15.1,27.3,31.5,23.7
2023-12-13,2.0,20.2,26.9,29.6,24.6
2023-12-14,4.3,18.4,27.3,30.8,25.2
2023-12-15,13.3,16.0,26.7,31.1,24.2
2023-12-16,0.0,20.7,27.6,32.4,23.5
2023-12-17,5.0,20.3,26.8,29.3,24.7
2023-12-18,13.1,14.1,26.1,28.0,25.2
2023-12-19,28.2,10.1,25.9,28.1,24.5
2023-12-20,12.2,13.5,26.8,31.6,24.0
2023-12-21,0.4,14.4,27.0,31.6,23.5
2023-12-22,3.7,16.9,26.6,30.2,24.3
2023-12-23,2.2,19.2,27.2,30.7,24.7
2023-12-24,5.4,20.5,27.0,30.1,24.1
2023-12-25,1.5,19.0,26.5,28.7,25.0
2023-12-26,2.2,17.0,27.0,30.4,25.2
2023-12-27,3.6,13.0,26.8,30.9,24.5
2023-12-28,1.8,18.5,27.4,31.1,24.5
2023-12-29,8.2,15.1,27.1,31.8,24.8
2023-12-30,1.4,11.3,26.7,30.4,24.2
2023-12-31,3.1,16.9,27.2,31.8,23.8
2024-01-01,6.8,22.0,27.1,30.8,24.8
2024-01-02,12.8,20.2,26.3,28.3,24.3
2024-01-03,6.3,15.9,27.1,29.9,24.7
2024-01-04,3.4,14.2,26.9,31.7,24.2
2024-01-05,0.0,13.0,27.7,32.5,23.3
2024-01-06,2.6,18.4,26.8,29.2,25.2
2024-01-07,2.1,17.0,27.1,31.2,24.6
2024-01-08,8.1,18.1,26.8,30.4,25.1
2024-01-09,3.5,14.6,26.0,28.9,24.1
2024-01-10,1.9,14.1,26.6,31.2,24.4
2024-01-11,1.4,20.7,27.7,31.7,24.5
2024-01-12,1.3,19.0,27.3,30.2,25.7
2024-01-13,1.2,19.1,27.1,30.3,24.9
2024-01-14,0.4,23.1,27.2,30.5,24.8
2024-01-15,30.0,23.5,26.6,30.7,24.7
2024-01-16,126.1,27.3,25.2,27.4,23.9
2024-01-17,16.9,26.0,26.0,29.6,24.4
2024-01-18,20.0,16.7,25.1,26.4,24.4
2024-01-19,2.1,19.8,26.7,29.5,24.4
2024-01-20,0.3,18.8,27.0,30.6,24.4
2024-01-21,0.1,20.4,27.6,31.7,24.4
2024-01-22,2.6,17.5,27.0,30.8,24.4
2024-01-23,0.6,17.5,27.0,30.2,24.4
2024-01-24,1.0,20.6,27.1,31.8,24.2
2024-01-25,0.3,23.5,27.0,31.0,24.6
2024-01-26,0.8,26.1,26.3,30.1,24.1
2024-01-27,0.0,30.3,25.9,29.4,23.3
2024-01-28,0.0,27.4,26.1,29.5,23.9
2024-01-29,13.0,21.7,25.4,26.4,24.7
2024-01-30,58.5,17.7,25.1,27.6,23.8
2024-01-31,73.7,18.1,24.8,25.6,24.1
2024-02-01,27.8,19.5,25.4,27.9,24.2
2024-02-02,33.5,16.6,25.2,28.9,23.7
2024-02-03,6.7,20.0,26.6,31.5,24.1
2024-02-04,11.7,17.4,26.3,29.8,24.4
2024-02-05,4.2,19.8,26.8,31.0,24.0
2024-02-06,3.0,9.0,25.6,28.0,23.9
2024-02-07,16.3,14.3,25.6,29.3,23.0
2024-02-08,1.9,12.4,25.9,28.4,23.6
2024-02-09,1.9,14.6,26.3,30.6,23.8
2024-02-10,1.5,23.2,27.2,31.4,24.0
2024-02-11,0.5,32.8,26.5,29.4,24.5
2024-02-12,0.0,25.2,27.1,31.4,24.5
2024-02-13,0.0,22.4,27.2,31.3,24.5
2024-02-14,6.3,18.2,27.3,32.3,24.3
2024-02-15,0.0,16.8,26.7,31.9,23.2
2024-02-16,14.2,12.4,26.1,30.4,23.8
2024-02-17,0.0,21.7,27.1,31.6,23.7
2024-02-18,3.6,17.6,26.7,29.7,25.1
2024-02-19,3.0,20.6,27.0,31.7,24.1
2024-02-20,0.4,15.3,27.1,32.6,23.6
2024-02-21,22.2,15.2,26.1,31.0,22.6
2024-02-22,7.0,15.1,26.4,30.0,24.1
2024-02-23,78.8,10.2,25.3,28.3,23.9
2024-02-24,5.8,16.2,26.6,30.5,23.8
2024-02-25,1.7,18.5,27.1,31.6,23.2
2024-02-26,0.1,24.9,27.2,31.8,24.0
2024-02-27,12.1,26.9,26.7,30.4,24.2
2024-02-28,9.0,29.2,26.2,29.2,24.4
2024-02-29,3.8,21.2,26.3,30.7,24.2
2024-03-01,2.3,17.8,27.0,31.1,24.7
2024-03-02,3.5,23.0,27.4,31.6,24.6
2024-03-03,0.0,20.0,27.1,32.0,23.9
2024-03-04,1.4,16.5,27.2,32.8,23.1
2024-03-05,1.7,18.0,27.7,32.5,24.4
2024-03-06,2.4,14.0,27.4,32.2,24.6
2024-03-07,0.0,21.9,27.8,33.1,24.3
2024-03-08,3.0,20.6,26.8,32.0,23.3
2024-03-09,0.0,23.0,28.0,33.4,24.3
2024-03-10,0.0,22.5,27.8,32.8,24.6
2024-03-11,0.0,20.5,27.7,33.6,23.7
2024-03-12,14.2,15.3,26.4,30.6,24.5
2024-03-13,0.4,23.8,27.3,31.6,24.4
2024-03-14,1.0,22.3,27.4,32.0,23.9
2024-03-15,2.6,16.1,27.2,31.7,24.1
2024-03-16,0.1,21.6,27.8,32.9,24.1
2024-03-17,0.0,22.4,27.8,32.4,24.8
2024-03-18,0.0,18.3,27.3,33.4,23.6
2024-03-19,0.2,15.9,27.7,32.8,24.3
2024-03-20,2.9,16.7,27.9,33.4,25.0
2024-03-21,2.2,20.6,27.6,32.9,24.7
2024-03-22,2.8,16.4,28.1,33.1,25.1
2024-03-23,1.0,18.1,28.1,33.2,24.5
2024-03-24,6.2,18.6,27.3,31.9,25.0
2024-03-25,0.5,18.9,27.9,33.9,24.7
2024-03-26,7.0,14.3,27.3,31.5,24.5
2024-03-27,2.1,13.0,27.0,31.2,24.2
2024-03-28,3.7,15.2,27.3,32.4,24.4
2024-03-29,10.1,13.8,26.2,28.7,24.6
2024-03-30,1.4,14.1,27.8,32.8,23.9
2024-03-31,1.7,16.6,27.3,30.6,24.7
2024-04-01,0.8,17.2,27.9,34.4,23.8
2024-04-02,3.6,15.2,27.3,32.6,23.8
2024-04-03,0.0,18.4,28.0,33.5,24.3
2024-04-04,1.0,16.8,28.3,32.3,25.5
2024-04-05,0.7,19.8,28.2,32.0,26.1
2024-04-06,6.6,14.4,27.2,30.4,25.5
2024-04-07,0.4,16.6,27.9,34.0,24.6
2024-04-08,1.9,13.8,27.1,33.1,22.3
2024-04-09,5.8,14.6,27.5,33.1,23.6
2024-04-10,4.5,16.0,27.2,32.3,24.4
2024-04-11,0.8,16.3,27.5,33.1,23.9
2024-04-12,0.8,15.9,27.7,33.0,24.1
2024-04-13,3.8,17.3,27.7,32.9,24.4
2024-04-14,1.1,14.9,27.6,33.0,23.8
2024-04-15,3.2,18.0,28.4,33.4,25.1
2024-04-16,8.8,15.2,27.8,32.5,24.5
2024-04-17,2.3,17.2,28.5,34.7,24.6
2024-04-18,0.4,18.0,28.7,33.9,25.3
2024-04-19,9.7,15.5,28.6,34.1,24.2
2024-04-20,0.5,16.9,29.3,35.5,24.7
2024-04-21,6.2,16.3,27.9,30.8,26.4
2024-04-22,27.7,14.4,28.1,32.9,25.3
2024-04-23,26.8,10.9,27.0,30.2,25.2
2024-04-24,11.0,14.5,27.5,32.3,25.1
2024-04-25,0.7,17.2,28.5,33.2,24.9
2024-04-26,27.8,14.1,27.6,31.4,24.6
2024-04-27,11.3,12.1,26.9,30.9,24.7
2024-04-28,1.8,14.8,27.7,31.7,24.8
2024-04-29,23.5,18.1,27.4,32.0,24.6
2024-04-30,29.5,13.2,26.2,28.9,24.5
2024-05-01,5.3,13.1,27.3,31.0,24.3
2024-05-02,1.0,15.2,28.5,34.0,25.3
2024-05-03,0.3,14.8,28.6,33.9,24.2
2024-05-04,6.8,18.6,27.0,30.5,24.6
2024-05-05,4.9,13.7,27.9,33.3,24.7
2024-05-06,17.0,12.7,27.3,32.0,23.7
2024-05-07,2.8,15.2,27.4,32.6,23.8
2024-05-08,6.6,12.4,27.5,32.5,23.6
2024-05-09,10.5,12.2,27.5,31.3,24.8
2024-05-10,19.0,11.2,27.2,32.1,24.6
2024-05-11,9.3,12.6,27.5,32.2,24.7
2024-05-12,49.7,10.1,26.3,29.1,24.2
2024-05-13,45.4,13.0,27.1,32.0,24.6
2024-05-14,36.3,11.6,27.2,31.5,23.6
2024-05-15,1.4,13.1,27.8,31.5,24.3
2024-05-16,3.4,16.8,27.6,31.3,24.2
2024-05-17,0.4,14.2,28.6,33.2,24.6
2024-05-18,0.9,16.3,28.4,32.0,25.0
2024-05-19,2.2,13.7,27.7,30.4,24.8
2024-05-20,6.9,12.0,27.5,31.1,24.4
2024-05-21,22.1,12.7,27.2,31.2,24.1
2024-05-22,39.0,12.0,27.2,31.5,24.4
2024-05-23,10.8,7.9,28.3,33.9,24.3
2024-05-24,7.5,10.7,26.7,28.8,25.2
2024-05-25,2.2,14.6,27.8,31.6,24.7
2024-05-26,48.2,14.4,27.2,30.9,25.0
2024-05-27,4.6,14.8,27.7,30.5,24.6
2024-05-28,5.0,15.6,28.2,30.6,26.1
2024-05-29,0.4,12.0,28.1,31.0,24.8
2024-05-30,5.1,11.5,27.8,31.1,24.9
2024-05-31,29.9,10.9,27.7,32.2,24.8
2024-06-01,4.7,13.3,27.7,31.3,25.0
2024-06-02,18.0,15.1,27.1,30.2,24.5
2024-06-03,12.8,14.4,27.6,31.5,25.2
2024-06-04,3.2,11.9,26.7,29.1,24.3
2024-06-05,2.6,12.5,28.1,31.6,25.2
2024-06-06,3.1,18.4,27.3,30.6,25.0
2024-06-07,6.4,11.9,27.2,30.6,25.2
2024-06-08,6.1,12.8,27.1,30.7,24.3
2024-06-09,8.3,14.5,27.3,31.5,24.0
2024-06-10,18.3,6.7,26.7,30.0,24.1
2024-06-11,17.1,11.9,26.9,30.7,24.1
2024-06-12,0.4,11.9,27.3,30.1,24.9
2024-06-13,18.1,10.6,25.6,27.1,24.5
2024-06-14,0.0,13.6,26.5,30.2,23.8
2024-06-15,4.2,13.9,26.8,30.3,24.8
2024-06-16,22.1,13.0,25.9,29.7,23.7
2024-06-17,0.0,12.3,26.8,30.6,23.9
2024-06-18,0.8,15.6,27.2,30.8,24.5
2024-06-19,17.0,8.6,25.7,28.2,24.2
2024-06-20,12.4,8.3,24.7,26.1,23.6
2024-06-21,1.5,11.6,26.5,28.9,23.6
2024-06-22,4.4,13.5,26.6,29.1,24.5
2024-06-23,16.7,11.9,26.5,29.4,24.5
2024-06-24,49.4,10.1,26.3,29.9,23.7
2024-06-25,38.4,14.8,26.7,30.8,23.7
2024-06-26,17.4,9.3,25.3,27.5,23.1
2024-06-27,7.5,13.2,26.8,30.8,24.0
2024-06-28,6.7,15.8,27.3,30.8,24.6
2024-06-29,16.0,13.1,26.9,31.0,24.3
2024-06-30,35.7,8.0,26.1,29.9,23.8
2024-07-01,2.3,8.6,26.0,28.4,23.7
2024-07-02,26.1,11.7,26.5,29.7,24.1
2024-07-03,12.3,10.5,26.2,29.5,23.5
2024-07-04,16.8,9.7,26.0,29.4,24.1
2024-07-05,0.1,15.3,26.7,30.1,23.9
2024-07-06,3.8,14.4,27.2,30.8,24.5
2024-07-07,11.6,11.3,27.0,30.5,24.0
2024-07-08,6.9,8.5,25.6,27.2,24.1
2024-07-09,0.5,16.6,26.6,29.9,23.9
2024-07-10,4.1,12.2,27.1,30.5,24.8
2024-07-11,15.5,15.5,26.0,29.7,23.6
2024-07-12,9.1,13.3,25.1,28.4,23.6
2024-07-13,0.4,15.1,25.0,28.3,22.3
2024-07-14,8.5,9.8,25.2,27.3,24.0
2024-07-15,17.9,8.3,25.1,28.3,23.4
2024-07-16,6.6,11.5,25.0,28.5,23.6
2024-07-17,7.4,10.7,24.6,27.3,22.2
2024-07-18,12.9,11.5,24.9,27.1,22.6
2024-07-19,6.1,13.0,25.0,26.6,23.4
2024-07-20,0.9,15.2,26.3,28.8,24.4
2024-07-21,6.3,14.1,26.1,29.4,23.9
2024-07-22,1.1,12.3,26.4,28.8,25.1
2024-07-23,0.1,12.3,26.4,28.8,23.7
2024-07-24,1.2,14.8,26.4,28.3,24.5
2024-07-25,0.0,12.4,26.7,28.8,24.1
2024-07-26,2.5,10.6,27.2,29.9,24.9
2024-07-27,5.8,8.4,26.1,28.9,24.3
2024-07-28,0.7,15.4,26.3,28.9,24.0
2024-07-29,1.4,9.4,26.6,30.2,23.9
2024-07-30,3.1,12.3,27.0,30.1,23.9
2024-07-31,6.5,19.1,27.1,30.0,24.1
2024-08-01,6.8,14.8,26.7,29.9,24.7
2024-08-02,0.5,12.0,26.7,29.7,23.9
2024-08-03,0.1,13.9,26.9,30.3,24.3
2024-08-04,0.2,17.6,26.6,29.8,24.5
2024-08-05,0.5,16.2,27.0,30.4,24.3
2024-08-06,0.5,15.9,27.3,30.3,24.7
2024-08-07,6.0,16.3,27.4,29.8,24.8
2024-08-08,6.8,14.7,26.9,29.6,24.3
2024-08-09,10.6,16.0,26.0,29.5,24.0
2024-08-10,4.8,11.1,26.9,30.2,24.0
2024-08-11,1.2,14.4,27.3,30.5,23.9
2024-08-12,6.3,15.8,27.2,30.5,24.5
2024-08-13,24.7,12.4,26.5,29.8,24.4
2024-08-14,1.4,17.0,26.8,29.5,23.7
2024-08-15,1.9,16.6,27.2,30.7,24.5
2024-08-16,3.1,12.6,27.3,30.1,24.4
2024-08-17,40.4,12.6,26.6,31.1,23.8
2024-08-18,7.2,13.7,27.0,29.9,24.2
2024-08-19,9.4,16.7,26.6,30.0,24.0
2024-08-20,19.9,13.7,26.4,29.2,24.0
2024-08-21,8.6,10.8,27.0,31.5,24.4
2024-08-22,48.0,11.9,26.5,30.8,24.5
2024-08-23,1.7,17.0,26.7,30.5,23.8
2024-08-24,0.1,11.0,26.3,29.8,24.5
2024-08-25,0.6,20.7,26.6,30.8,23.7
2024-08-26,0.3,12.6,26.6,30.1,24.7
2024-08-27,4.0,15.3,26.8,29.7,24.9
2024-08-28,0.2,13.6,27.1,31.0,24.2
2024-08-29,10.3,8.4,25.9,27.2,24.8
2024-08-30,3.9,13.9,26.6,29.0,24.7
2024-08-31,3.1,9.8,25.8,26.7,24.8
2024-09-01,1.7,19.4,25.9,29.2,23.8
2024-09-02,0.5,15.8,26.8,30.5,23.6
2024-09-03,2.2,15.2,27.5,30.4,25.3
2024-09-04,0.0,16.9,27.2,30.7,25.5
2024-09-05,1.2,13.2,27.2,31.1,24.8
2024-09-06,4.8,14.1,27.1,30.4,24.1
2024-09-07,28.3,11.2,27.7,31.0,24.7
2024-09-08,18.9,12.9,27.4,30.7,24.7
2024-09-09,3.9,13.6,26.9,30.2,24.7
2024-09-10,0.6,12.3,26.3,29.6,23.4
2024-09-11,0.8,12.3,26.2,29.4,24.2
2024-09-12,4.2,8.0,25.2,26.4,24.1
2024-09-13,1.9,9.0,26.2,29.2,23.7
2024-09-14,0.4,29.5,27.7,30.8,25.7
2024-09-15,2.2,19.1,27.1,30.2,25.0
2024-09-16,0.5,12.6,26.9,30.1,23.9
2024-09-17,0.8,24.9,26.8,31.7,24.4
2024-09-18,0.0,18.5,27.3,30.4,24.2
2024-09-19,5.4,14.1,26.9,29.1,25.5
2024-09-20,2.0,10.4,26.3,28.0,24.4
2024-09-21,12.9,10.8,26.9,29.9,24.5
2024-09-22,5.2,11.4,26.6,28.9,24.4
2024-09-23,11.6,11.5,27.6,32.2,24.7
2024-09-24,24.8,7.3,26.2,30.8,24.0
2024-09-25,10.1,9.5,26.8,30.4,24.2
2024-09-26,0.2,18.9,26.4,30.3,23.7
2024-09-27,0.4,12.8,26.8,30.7,22.9
2024-09-28,1.8,17.3,27.3,30.5,24.2
2024-09-29,0.4,16.8,27.8,30.6,24.6
2024-09-30,11.0,17.2,27.0,29.8,24.9
2024-10-01,24.1,10.3,26.5,30.3,24.5
2024-10-02,28.7,10.9,27.2,32.4,24.2
2024-10-03,17.3,12.4,26.2,29.5,23.6
2024-10-04,2.2,13.5,27.1,30.3,23.6
2024-10-05,0.0,12.4,26.7,30.2,23.6
2024-10-06,0.0,15.5,27.6,31.1,24.7
2024-10-07,1.5,15.8,27.7,31.1,25.0
2024-10-08,3.7,15.1,27.5,31.1,24.8
2024-10-09,0.0,11.9,27.8,31.2,24.8
2024-10-10,4.5,13.2,27.7,31.5,24.6
2024-10-11,10.1,13.5,27.4,30.9,24.2
2024-10-12,2.3,13.9,27.2,30.5,24.0
2024-10-13,3.5,11.5,27.7,30.8,25.0
2024-10-14,24.7,14.2,27.2,31.3,24.3
2024-10-15,15.9,13.4,26.6,30.0,23.8
2024-10-16,1.6,13.2,27.0,30.8,23.9
2024-10-17,4.6,12.6,27.0,30.1,24.8
2024-10-18,20.8,12.9,27.0,31.0,23.9
2024-10-19,0.2,14.1,27.0,29.7,24.6
2024-10-20,0.0,12.8,26.5,31.0,24.4
2024-10-21,0.6,9.7,26.4,29.1,24.5
2024-10-22,0.7,12.3,27.1,29.8,25.4
2024-10-23,0.4,24.9,28.1,32.2,24.9
2024-10-24,0.4,22.7,28.3,31.8,24.8
2024-10-25,0.3,11.1,27.9,33.0,24.1
2024-10-26,0.2,10.0,27.1,30.3,24.7
2024-10-27,0.0,9.0,27.2,30.2,23.9
2024-10-28,0.1,10.1,28.4,32.3,25.1
2024-10-29,0.0,8.1,28.7,33.6,25.0
2024-10-30,0.2,13.5,28.0,32.9,24.7
2024-10-31,0.5,11.7,27.9,31.7,25.7
2024-11-01,23.8,13.4,27.1,33.0,23.9
2024-11-02,5.1,12.7,27.0,32.3,23.9
2024-11-03,22.5,10.4,26.8,31.8,24.2
2024-11-04,0.4,15.2,26.2,30.5,23.9
2024-11-05,1.1,16.8,25.8,28.0,23.8
2024-11-06,0.0,13.8,27.3,31.7,24.6
2024-11-07,2.6,12.1,27.3,31.4,25.1
2024-11-08,13.3,12.4,27.0,31.1,23.2
2024-11-09,5.0,11.1,26.8,31.1,23.8
2024-11-10,0.7,13.6,27.0,31.0,24.0
2024-11-11,1.3,13.3,27.4,30.4,24.2
2024-11-12,8.7,11.9,26.9,31.1,23.7
2024-11-13,5.1,11.7,26.9,30.8,24.3
2024-11-14,3.8,14.3,27.3,32.3,24.3
2024-11-15,5.9,14.4,27.2,32.4,24.3
2024-11-16,0.6,12.5,27.5,30.1,25.2
2024-11-17,10.3,13.2,27.1,30.3,24.5
2024-11-18,19.6,17.0,25.8,30.8,23.7
2024-11-19,1.5,18.6,26.3,29.9,24.3
2024-11-20,3.6,19.5,26.8,30.9,24.5
2024-11-21,0.5,17.2,27.9,32.7,23.9
2024-11-22,17.9,14.5,26.8,30.6,23.9
2024-11-23,17.7,19.3,25.9,30.1,23.9
2024-11-24,19.9,19.6,26.4,29.8,24.4
2024-11-25,7.7,20.1,26.6,29.5,24.3
2024-11-26,2.3,16.1,27.5,32.2,24.6
2024-11-27,10.4,18.3,26.3,30.5,24.8
2024-11-28,4.1,19.9,26.4,28.9,24.5
2024-11-29,9.6,16.2,26.5,29.2,24.8
2024-11-30,14.6,14.4,26.5,31.2,24.3
2024-12-01,12.9,8.3,26.2,29.2,24.3
2024-12-02,13.0,9.5,26.4,30.6,24.4
2024-12-03,5.6,13.5,26.6,30.7,23.4
2024-12-04,0.2,14.8,27.9,32.0,24.3
2024-12-05,1.8,14.8,27.9,32.3,24.7
2024-12-06,8.8,12.9,27.2,32.3,23.9
2024-12-07,27.6,11.2,26.2,30.9,23.6
2024-12-08,39.9,14.1,25.6,28.7,24.0
2024-12-09,8.2,10.4,26.8,30.9,24.5
2024-12-10,31.8,15.6,26.1,28.1,24.7
2024-12-11,36.1,13.8,26.4,31.2,24.0
2024-12-12,7.3,17.3,26.4,29.5,24.3
2024-12-13,5.4,14.6,26.4,30.7,23.9
2024-12-14,0.2,21.7,26.9,30.8,24.4
2024-12-15,0.0,21.8,27.0,29.6,24.4
2024-12-16,2.1,18.4,26.2,29.1,24.3
2024-12-17,6.1,15.5,25.4,27.5,24.2
2024-12-18,13.7,13.3,26.0,30.1,23.8
2024-12-19,6.0,11.4,25.7,28.6,23.9
2024-12-20,11.8,13.4,26.0,29.6,23.5
2024-12-21,1.4,9.9,26.9,29.9,24.4
2024-12-22,2.4,17.2,27.0,30.8,24.8
2024-12-23,11.3,13.7,26.7,30.6,24.4
2024-12-24,14.6,10.1,26.3,28.7,24.7
2024-12-25,24.9,16.5,25.7,28.2,24.4
2024-12-26,30.0,17.4,25.8,28.5,24.3
2024-12-27,15.0,12.8,25.3,27.0,23.7
2024-12-28,12.2,9.6,26.0,28.6,23.5
2024-12-29,13.8,13.0,26.2,29.9,24.0
2024-12-30,12.2,10.7,26.2,29.6,24.2
2024-12-31,39.5,12.4,25.9,29.6,24.3
2025-01-01,8.0,8.5,25.9,27.8,24.2
2025-01-02,16.0,11.8,26.1,30.7,24.0
2025-01-03,16.7,8.9,25.7,29.7,23.6
2025-01-04,44.0,11.5,25.7,30.7,23.5
2025-01-05,15.0,16.7,25.8,29.7,23.5
2025-01-06,3.4,11.0,26.1,30.2,23.6
2025-01-07,16.4,10.4,26.3,30.6,23.9
2025-01-08,13.2,9.1,26.3,30.3,23.8
2025-01-09,5.8,13.3,25.9,29.0,24.1
2025-01-10,15.0,14.9,25.8,29.7,24.0
2025-01-11,17.1,15.7,25.7,29.4,24.0
2025-01-12,14.3,12.0,26.0,30.1,23.7
2025-01-13,3.7,17.8,26.3,29.0,24.2
2025-01-14,10.8,16.1,26.0,30.1,23.9
2025-01-15,3.7,17.4,25.8,28.7,24.3
2025-01-16,1.1,16.6,26.9,30.6,24.2
2025-01-17,0.9,18.9,27.3,31.6,24.5
2025-01-18,0.2,22.2,27.3,31.4,23.9
2025-01-19,17.3,15.0,26.5,30.7,23.9
2025-01-20,9.0,9.7,25.8,29.4,23.8
2025-01-21,9.1,15.2,26.2,30.6,23.6
2025-01-22,7.9,14.3,26.6,30.4,23.6
2025-01-23,31.1,13.0,25.8,29.8,23.3
2025-01-24,32.1,13.3,26.1,30.1,23.9
2025-01-25,12.9,17.5,26.0,29.5,24.1
2025-01-26,4.4,19.8,26.3,30.4,23.9
2025-01-27,16.2,21.2,25.4,28.3,24.2
2025-01-28,0.4,20.1,26.8,30.9,23.8
2025-01-29,19.9,19.6,25.7,28.0,24.0
2025-01-30,3.7,14.8,25.7,28.8,23.5
2025-01-31,10.6,15.9,26.2,30.6,23.6
2025-02-01,22.7,15.7,25.9,30.5,22.9
2025-02-02,31.9,13.1,24.7,27.8,23.0
2025-02-03,5.9,15.6,26.3,30.7,22.0
2025-02-04,0.6,16.9,26.7,29.6,25.1
2025-02-05,6.5,17.1,25.7,27.4,24.3
2025-02-06,8.5,14.0,24.7,26.1,23.2
2025-02-07,20.4,16.5,25.6,29.1,24.0
2025-02-08,38.7,15.5,26.1,29.9,24.3
2025-02-09,18.0,16.7,26.5,31.8,24.0
2025-02-10,8.8,20.0,25.7,28.7,24.0
2025-02-11,3.5,17.4,26.8,30.1,24.3
2025-02-12,24.2,15.0,24.9,26.7,23.2
2025-02-13,12.3,13.8,26.1,29.9,23.5
2025-02-14,22.0,14.1,25.7,29.1,23.6
2025-02-15,19.0,10.6,25.5,29.3,23.6
2025-02-16,19.8,10.8,25.4,28.9,23.5
2025-02-17,27.8,11.7,25.9,31.0,23.1
2025-02-18,16.8,16.2,26.1,31.1,22.8
2025-02-19,11.0,14.8,26.0,30.3,23.8
2025-02-20,21.1,16.7,25.7,30.4,23.4
2025-02-21,3.1,15.9,25.4,28.3,23.4
2025-02-22,1.2,14.4,25.9,30.0,23.5
2025-02-23,4.7,16.1,26.4,30.9,23.7
2025-02-24,9.0,20.5,26.2,30.0,23.9
2025-02-25,13.2,20.4,24.8,26.9,23.1
2025-02-26,3.0,16.4,25.7,28.9,23.2
2025-02-27,7.2,24.7,25.9,29.0,23.6
2025-02-28,17.1,17.3,25.1,27.0,23.4
2025-03-01,22.1,15.1,26.2,30.7,24.1
2025-03-02,10.0,15.1,26.2,30.8,23.9
2025-03-03,29.6,15.8,26.5,30.9,24.4
2025-03-04,37.8,12.6,26.0,30.5,24.2
2025-03-05,21.3,12.1,25.9,29.4,23.9
2025-03-06,19.5,11.7,25.9,30.0,23.8
2025-03-07,12.2,19.1,26.1,30.6,23.8
2025-03-08,4.1,14.8,26.7,31.1,23.8
2025-03-09,15.2,13.9,25.3,28.1,23.6
2025-03-10,25.6,16.6,25.6,29.5,23.1
2025-03-11,5.4,17.8,27.0,31.3,23.5
2025-03-12,0.9,16.6,27.5,32.1,24.5
2025-03-13,1.0,18.3,27.4,31.7,23.6
2025-03-14,1.8,16.1,27.3,31.3,24.9
2025-03-15,13.7,17.6,26.9,31.5,23.2
2025-03-16,33.6,11.4,25.5,28.3,23.4
2025-03-17,19.5,14.4,25.9,30.0,23.5
2025-03-18,1.6,19.4,26.9,31.5,23.4
2025-03-19,11.2,16.6,26.7,30.9,24.6
2025-03-20,8.2,14.8,26.8,31.6,24.2
2025-03-21,12.2,14.8,25.8,29.3,24.1
2025-03-22,5.1,16.6,26.7,31.2,23.7
2025-03-23,15.7,12.6,25.6,28.2,23.7
2025-03-24,10.7,14.7,26.2,30.7,23.7
2025-03-25,2.3,13.7,26.9,32.3,23.3
2025-03-26,33.1,16.2,26.3,31.7,23.1
2025-03-27,3.4,17.8,26.9,31.4,23.9
2025-03-28,1.5,13.6,26.7,30.8,24.6
2025-03-29,24.3,10.4,26.6,30.9,24.2
2025-03-30,35.2,11.5,26.0,30.8,23.9
2025-03-31,21.8,18.2,25.6,29.5,23.1
2025-04-01,4.0,14.0,27.2,32.2,23.3
2025-04-02,3.7,11.5,26.7,30.8,23.3
2025-04-03,18.0,15.2,26.7,31.6,23.7
2025-04-04,6.9,16.1,26.7,31.2,24.2
2025-04-05,2.3,12.2,25.9,29.2,23.5
2025-04-06,22.0,12.5,25.9,29.7,24.1
2025-04-07,5.9,10.5,26.3,29.5,23.8
2025-04-08,9.1,13.9,26.4,31.8,23.9
2025-04-09,1.8,14.0,27.4,32.1,23.8
2025-04-10,29.6,14.3,27.4,32.6,23.7
2025-04-11,36.3,14.1,26.0,29.8,23.6
2025-04-12,4.4,9.8,26.2,30.1,23.9
2025-04-13,23.2,12.7,25.8,29.7,23.0
2025-04-14,11.1,15.7,26.2,30.5,23.4
2025-04-15,8.6,11.5,26.5,31.1,23.9
2025-04-16,1.4,12.9,26.9,30.6,24.4
2025-04-17,2.8,14.6,27.2,32.7,23.2
2025-04-18,0.8,14.0,27.4,32.2,24.3
2025-04-19,6.9,16.4,26.6,29.4,23.7
2025-04-20,20.5,16.0,25.8,30.7,23.2
2025-04-21,13.9,16.3,26.6,30.8,24.5
2025-04-22,3.3,13.3,27.4,32.2,24.0
2025-04-23,0.0,16.7,27.6,32.6,24.5
2025-04-24,3.0,10.7,27.0,31.9,23.7
2025-04-25,32.1,14.9,26.5,31.3,23.7
2025-04-26,12.2,16.0,25.7,27.8,24.3
2025-04-27,14.5,15.5,25.9,30.2,24.3
2025-04-28,7.0,13.4,26.2,29.7,24.0
2025-04-29,27.9,12.6,26.2,30.0,24.4
2025-04-30,28.0,13.2,25.5,29.4,23.7
2025-05-01,7.1,10.5,26.8,31.4,24.0
2025-05-02,8.7,9.6,26.0,29.1,24.4
2025-05-03,4.0,13.8,25.5,28.4,23.3
2025-05-04,14.9,10.6,26.4,29.6,23.6
2025-05-05,3.1,8.9,26.9,29.7,24.0
2025-05-06,1.1,8.8,25.9,29.0,23.7
2025-05-07,10.0,9.8,26.1,30.0,23.9
2025-05-08,3.0,11.4,26.9,30.8,24.6
2025-05-09,33.0,11.5,26.4,31.0,24.1
2025-05-10,15.4,12.1,26.3,31.3,23.6
2025-05-11,26.3,12.3,26.5,29.8,23.0
2025-05-12,8.0,17.1,27.3,31.7,23.3
2025-05-13,20.9,12.0,26.7,31.4,24.4
2025-05-14,40.5,16.4,26.1,30.5,24.1
2025-05-15,8.3,12.4,26.6,30.6,24.2
2025-05-16,21.3,13.9,26.3,31.1,24.2
2025-05-17,16.7,15.3,25.8,28.9,24.1
2025-05-18,16.4,8.9,25.8,28.6,24.1
2025-05-19,31.3,10.0,26.4,30.4,24.3
2025-05-20,23.7,10.7,25.8,29.8,23.8
2025-05-21,17.7,12.1,26.0,29.9,24.0
2025-05-22,31.4,14.1,26.2,30.4,24.0
2025-05-23,20.1,11.9,26.0,28.7,24.2
2025-05-24,26.9,14.5,26.0,29.3,24.0
2025-05-25,4.0,10.7,26.2,29.8,24.0
2025-05-26,25.6,9.8,26.7,30.7,23.7
2025-05-27,14.5,10.1,27.0,30.8,24.4
2025-05-28,18.0,10.4,26.7,29.6,24.7
2025-05-29,34.9,13.5,26.5,29.8,24.0
2025-05-30,6.5,10.9,26.8,30.7,23.6
2025-05-31,36.4,13.0,26.1,30.6,22.9
2025-06-01,32.6,8.6,26.7,29.6,25.3
2025-06-02,46.7,13.6,26.6,30.6,24.5
2025-06-03,34.5,10.4,25.8,30.0,23.4
2025-06-04,17.5,11.2,26.4,30.1,23.6
2025-06-05,19.8,10.3,26.8,30.5,24.8
2025-06-06,0.4,12.2,26.3,29.4,24.2
2025-06-07,0.5,13.5,26.0,28.4,24.1
2025-06-08,0.6,12.7,26.8,29.7,24.8
2025-06-09,0.1,8.9,27.0,29.3,24.8
2025-06-10,0.1,12.1,27.0,29.4,24.9
2025-06-11,0.6,6.6,26.5,28.5,24.7
2025-06-12,17.4,10.6,26.6,30.1,24.9
2025-06-13,10.5,14.8,26.4,30.6,24.1
2025-06-14,12.9,12.1,26.5,30.9,23.9
2025-06-15,15.2,7.3,25.0,26.7,23.9
2025-06-16,0.6,13.1,26.5,29.4,23.3
2025-06-17,23.0,11.0,26.2,30.8,24.3
2025-06-18,17.9,15.7,26.3,31.0,23.8
2025-06-19,4.6,9.5,25.7,27.6,23.7
2025-06-20,6.8,7.6,26.5,30.3,23.2
2025-06-21,0.3,14.8,26.1,29.7,23.9
2025-06-22,1.4,9.4,26.0,29.0,23.9
2025-06-23,7.7,8.1,24.9,26.9,23.6
2025-06-24,14.3,9.1,26.6,29.9,24.4
2025-06-25,1.3,11.5,26.1,29.0,23.6
2025-06-26,0.2,9.3,26.0,28.4,24.2
2025-06-27,0.0,14.8,26.5,29.4,23.9
2025-06-28,0.2,11.6,26.9,31.0,24.1
2025-06-29,1.1,12.8,25.3,27.7,23.6
2025-06-30,2.7,10.4,25.1,27.8,23.5
2025-07-01,0.1,11.1,26.8,31.0,23.6
2025-07-02,2.2,13.3,27.3,31.3,25.2
2025-07-03,0.0,12.4,27.1,30.5,24.3
2025-07-04,0.4,12.3,27.0,29.7,24.9
2025-07-05,16.5,13.4,27.5,31.4,24.7
2025-07-06,6.6,9.4,25.2,26.8,23.3
2025-07-07,2.6,12.7,26.6,30.2,24.0
2025-07-08,0.2,11.5,26.5,30.4,23.6
2025-07-09,0.0,13.6,26.0,28.4,23.9
2025-07-10,0.1,9.4,26.7,29.9,24.7
2025-07-11,6.8,10.9,25.6,28.5,23.7
2025-07-12,1.5,12.3,25.9,28.8,23.7
2025-07-13,0.0,9.7,26.7,29.5,24.6
2025-07-14,0.0,11.3,27.2,30.1,24.5
2025-07-15,0.0,9.9,26.8,30.4,24.4
2025-07-16,0.1,14.0,27.1,29.5,25.0
2025-07-17,0.6,9.2,26.8,29.4,24.7
2025-07-18,3.5,25.8,26.6,30.0,23.9
2025-07-19,2.8,20.5,26.4,29.5,24.5
2025-07-20,1.4,14.0,26.2,29.0,23.5
2025-07-21,0.0,14.2,26.8,30.4,24.0
2025-07-22,0.1,10.7,26.2,28.2,24.4
2025-07-23,0.1,12.7,27.5,30.7,24.7
2025-07-24,0.0,17.9,28.7,32.4,25.6
2025-07-25,0.2,18.0,29.1,32.6,26.4
2025-07-26,0.6,20.4,28.5,33.3,25.2
2025-07-27,0.2,19.4,27.8,32.1,24.8
2025-07-28,0.0,14.5,28.0,31.8,24.2
2025-07-29,0.2,19.9,28.8,33.1,24.7
2025-07-30,0.4,18.0,28.7,32.5,25.0
2025-07-31,0.0,14.9,29.0,32.8,25.7
2025-08-01,3.1,16.6,28.7,32.1,25.7
2025-08-02,1.2,14.3,28.2,32.5,24.0
2025-08-03,24.3,13.5,28.5,32.3,25.1
2025-08-04,28.3,12.6,27.3,31.7,24.5
2025-08-05,6.8,16.3,26.8,29.6,24.1
2025-08-06,0.1,15.2,26.2,29.7,24.3
2025-08-07,0.0,12.2,26.3,29.1,23.9
2025-08-08,0.6,8.1,26.6,28.9,24.6
2025-08-09,18.9,11.1,27.0,30.6,24.2
2025-08-10,18.8,13.6,26.2,30.6,23.8
2025-08-11,15.3,12.9,25.7,30.5,23.6
2025-08-12,0.2,13.3,26.1,29.9,23.9
2025-08-13,5.3,13.2,25.6,27.9,23.9
2025-08-14,5.5,9.8,24.8,27.8,23.0
2025-08-15,0.5,11.4,25.5,29.0,22.9
2025-08-16,16.6,12.3,26.3,30.2,23.5
2025-08-17,5.8,10.6,26.7,30.9,24.3
2025-08-18,30.6,14.4,26.1,30.5,23.4
2025-08-19,26.2,10.4,25.1,28.5,23.2
2025-08-20,1.4,10.0,26.1,29.6,23.2
2025-08-21,4.4,19.3,25.9,29.6,23.5
2025-08-22,6.1,13.7,25.7,29.6,23.5
2025-08-23,3.2,13.5,25.2,27.9,22.6
2025-08-24,1.3,8.1,25.2,26.7,23.8
2025-08-25,2.1,9.0,24.9,26.6,23.6
2025-08-26,4.0,11.2,25.6,29.1,22.9
2025-08-27,0.8,11.5,25.9,28.9,23.3
2025-08-28,0.3,10.6,27.0,30.7,24.1
2025-08-29,0.4,15.2,26.1,29.7,24.5
2025-08-30,3.2,8.4,25.1,26.1,24.2
2025-08-31,0.1,11.1,25.6,28.2,23.4
2025-09-01,1.4,14.7,26.9,29.9,24.9
2025-09-02,3.0,17.0,26.6,31.2,23.4
2025-09-03,1.2,12.1,26.5,28.8,24.3
2025-09-04,7.0,11.7,26.9,30.1,24.1
2025-09-05,20.8,13.3,26.6,30.2,24.1
2025-09-06,7.4,10.9,26.7,30.1,24.0
2025-09-07,32.2,11.4,26.2,30.2,24.2
2025-09-08,8.9,12.8,26.3,29.9,23.7
2025-09-09,20.6,11.4,26.7,31.1,23.5
2025-09-10,36.3,13.8,26.3,29.9,23.8
2025-09-11,1.2,11.2,26.6,30.5,23.7
2025-09-12,0.1,8.7,26.7,30.2,24.1
2025-09-13,0.8,12.4,26.6,30.1,25.1
2025-09-14,1.9,15.0,26.4,29.5,24.6
2025-09-15,5.9,17.8,25.9,29.5,23.6
2025-09-16,3.9,11.0,25.8,28.0,24.1
2025-09-17,5.2,15.5,26.8,30.2,24.6
2025-09-18,0.0,16.7,26.4,29.8,23.4
2025-09-19,0.0,10.5,26.7,30.0,23.5
2025-09-20,0.0,15.9,27.2,31.1,24.3
2025-09-21,0.8,9.3,26.7,30.2,23.7
2025-09-22,1.1,13.7,27.3,31.0,24.5
2025-09-23,0.2,11.5,27.2,31.2,24.9
2025-09-24,0.0,11.8,28.0,31.6,24.9
2025-09-25,0.0,10.7,28.0,31.9,24.0
2025-09-26,0.4,10.9,27.7,30.3,25.4
2025-09-27,8.2,15.7,27.7,33.1,23.8
2025-09-28,4.9,12.3,26.8,32.3,23.9
2025-09-29,10.0,15.7,26.5,29.7,24.1
2025-09-30,5.1,15.1,26.8,30.3,24.2
2025-10-01,0.6,8.9,26.6,30.7,23.5
2025-10-02,4.7,13.5,26.7,31.1,23.8
2025-10-03,4.5,15.6,26.5,30.4,23.5
2025-10-04,15.5,12.9,26.5,30.8,23.8
2025-10-05,24.5,14.4,26.6,32.4,23.1
2025-10-06,22.8,12.6,26.3,31.0,23.3
2025-10-07,2.6,14.5,25.4,28.8,23.3
2025-10-08,12.8,9.4,25.1,27.8,23.3
2025-10-09,1.0,12.8,26.0,28.8,23.4
2025-10-10,1.2,10.6,25.9,28.8,24.4
2025-10-11,4.4,11.9,26.1,29.2,23.3
2025-10-12,1.9,8.8,27.5,31.7,24.1
2025-10-13,16.2,9.5,26.3,30.2,24.4
2025-10-14,13.4,14.3,26.6,31.5,24.0
2025-10-15,10.1,14.2,26.4,30.8,23.4
2025-10-16,6.6,13.3,27.2,32.3,24.1
2025-10-17,5.7,17.1,26.9,30.2,24.6
2025-10-18,0.0,14.3,27.0,30.9,24.3
2025-10-19,2.1,13.9,27.5,31.5,24.2
2025-10-20,7.1,10.6,27.9,33.1,24.5
2025-10-21,7.6,12.8,27.0,30.4,24.6
2025-10-22,14.0,11.4,26.7,30.4,24.3
2025-10-23,0.1,11.5,27.3,31.1,24.9
2025-10-24,19.5,12.5,27.1,31.1,24.1
2025-10-25,11.8,11.8,26.2,30.5,23.6
2025-10-26,20.3,9.7,25.4,28.2,24.1
2025-10-27,0.0,12.3,27.2,30.4,24.0
2025-10-28,6.4,17.6,26.6,30.2,24.5
2025-10-29,27.0,12.6,25.5,27.7,23.1
2025-10-30,7.7,12.1,26.6,29.4,24.4
2025-10-31,0.0,11.5,27.1,29.7,24.9
2025-11-01,2.5,14.7,26.9,31.1,24.9
2025-11-02,12.6,10.0,27.0,32.0,23.7
2025-11-03,0.0,10.6,26.5,29.5,23.8
2025-11-04,0.9,23.4,26.2,29.8,24.3
2025-11-05,0.3,12.3,27.0,30.6,23.5
2025-11-06,0.1,17.2,28.2,32.2,25.2
2025-11-07,11.3,17.4,27.6,32.7,24.3
2025-11-08,0.0,15.2,27.7,30.9,24.4
2025-11-09,0.1,17.6,28.9,32.8,25.5
2025-11-10,0.2,13.4,28.4,32.0,24.5
2025-11-11,3.2,15.2,28.1,33.1,25.0
2025-11-12,6.5,11.2,27.2,32.1,24.0
2025-11-13,19.5,13.6,26.7,32.0,24.2
2025-11-14,36.0,11.4,25.7,28.8,24.0
2025-11-15,21.9,14.3,26.5,30.4,24.5
2025-11-16,15.1,15.1,25.8,29.4,24.3
2025-11-17,16.8,14.8,26.6,30.2,24.2
2025-11-18,7.6,15.1,26.0,30.1,23.6
2025-11-19,24.2,14.8,25.7,29.6,24.2
2025-11-20,21.8,14.8,26.3,31.0,23.5
2025-11-21,9.5,15.0,26.7,30.2,24.3
2025-11-22,3.6,14.8,27.4,31.9,24.1
2025-11-23,6.1,17.0,26.4,30.0,24.3
2025-11-24,4.6,9.5,25.4,27.8,23.6
2025-11-25,0.1,15.9,26.9,29.3,24.4
2025-11-26,0.0,10.9,27.6,30.2,25.0
2025-11-27,1.3,9.5,27.0,29.8,25.1
2025-11-28,5.4,15.9,26.9,31.2,24.4
2025-11-29,2.7,11.9,27.1,32.3,24.0
2025-11-30,7.5,15.2,28.3,33.6,24.6
2025-12-01,13.7,18.5,25.7,27.6,24.0
2025-12-02,3.6,14.9,26.8,30.5,24.3
2025-12-03,0.2,16.4,27.7,32.5,24.0
2025-12-04,4.3,18.3,27.4,32.2,23.9
2025-12-05,0.8,13.9,26.6,30.4,24.3
2025-12-06,0.8,20.7,27.0,31.4,24.7
2025-12-07,0.3,8.7,27.5,31.7,24.1
2025-12-08,5.4,15.7,27.6,33.1,24.6
2025-12-09,3.1,17.6,27.7,32.8,23.2
2025-12-10,0.8,16.6,28.5,32.9,24.9
2025-12-11,5.2,13.9,27.6,32.2,24.7
2025-12-12,3.5,16.2,28.3,33.4,25.1
2025-12-13,0.6,17.8,28.4,33.7,24.3
2025-12-14,0.6,21.5,28.2,33.2,25.4
2025-12-15,21.0,16.1,26.5,31.2,24.5
2025-12-16,16.9,14.6,26.6,31.5,24.0
2025-12-17,5.8,12.3,25.9,29.5,24.1
2025-12-18,2.7,15.7,26.3,29.6,24.0
2025-12-19,0.7,18.0,26.6,29.0,24.3
2025-12-20,15.4,13.0,27.0,31.7,24.4
2025-12-21,32.0,12.8,26.1,30.8,24.0
2025-12-22,6.9,13.1,26.6,30.9,23.9
2025-12-23,9.7,13.2,26.3,29.3,24.1
2025-12-24,48.5,15.0,26.6,31.4,24.4
2025-12-25,32.4,10.8,26.1,30.7,23.5
2025-12-26,1.3,15.5,27.1,32.2,23.4
2025-12-27,34.7,15.3,26.7,30.8,24.3
2025-12-28,3.2,14.5,26.4,29.8,23.8
2025-12-29,12.3,10.1,26.9,31.1,24.3
2025-12-30,39.3,12.7,26.2,29.2,23.8
2025-12-31,37.2,12.3,26.1,30.0,23.5
2026-01-01,40.5,8.9,26.5,31.3,23.8
2026-01-02,25.8,14.5,25.3,29.9,23.3
2026-01-03,1.0,15.3,26.4,30.3,23.5
2026-01-04,21.4,14.6,25.8,29.3,23.9
2026-01-05,1.4,11.6,26.6,30.5,23.8
2026-01-06,16.2,9.9,26.7,31.3,23.5
2026-01-07,14.5,12.6,26.4,31.4,23.6
2026-01-08,0.0,17.3,27.2,31.4,23.8
2026-01-09,12.8,14.3,26.8,31.8,23.5
2026-01-10,5.8,16.0,25.7,29.6,23.4
2026-01-11,1.8,21.8,26.7,30.5,23.8
2026-01-12,0.2,20.6,27.4,31.5,24.6
2026-01-13,0.1,16.8,26.5,29.4,24.5
2026-01-14,0.2,20.4,26.5,30.4,24.1
2026-01-15,0.0,13.2,26.5,29.4,23.6
2026-01-16,0.8,12.8,26.6,30.3,24.3
2026-01-17,0.0,12.8,26.3,31.0,22.7
2026-01-18,0.0,12.0,27.1,31.9,22.5
2026-01-19,0.2,12.6,26.8,31.6,24.2
2026-01-20,6.2,12.1,26.6,30.4,22.9
2026-01-21,0.5,19.6,27.2,32.1,23.2
2026-01-22,0.0,24.8,27.0,32.3,23.4
2026-01-23,0.0,24.7,27.0,31.7,23.0
2026-01-24,1.4,22.1,27.1,32.9,23.7
2026-01-25,0.8,19.6,26.2,30.9,23.1
2026-01-26,0.0,17.4,27.6,32.6,23.6
2026-01-27,2.2,12.0,27.5,31.4,24.1
2026-01-28,1.3,23.2,27.4,31.9,24.6
2026-01-29,0.1,25.4,28.0,32.2,25.0
2026-01-30,0.0,21.1,27.1,33.1,23.6
2026-01-31,22.3,18.2,27.5,34.1,22.4
2026-02-01,0.6,13.2,26.3,31.4,23.0
2026-02-02,0.9,21.4,27.2,32.4,23.2
2026-02-03,4.2,18.9,26.0,30.1,24.0
2026-02-04,0.1,20.5,26.6,29.5,24.0
2026-02-05,16.7,15.5,25.1,26.8,23.8
2026-02-06,4.8,17.1,26.6,30.9,23.0
2026-02-07,0.0,15.0,27.3,31.5,23.8
2026-02-08,4.3,13.5,26.5,30.9,23.6
2026-02-09,11.2,12.3,27.1,32.1,24.1
2026-02-10,4.3,16.1,27.0,31.0,23.8
2026-02-11,13.7,18.9,26.9,31.6,23.8
2026-02-12,5.4,18.4,27.0,31.8,24.1
2026-02-13,6.1,16.6,26.0,29.2,23.3
2026-02-14,4.5,21.9,26.9,32.8,22.7
2026-02-15,1.4,14.0,27.2,32.3,23.4
2026-02-16,1.1,19.3,27.6,31.9,24.4
2026-02-17,1.2,21.3,27.8,32.2,24.1
2026-02-18,20.7,22.5,25.2,27.5,23.8
2026-02-19,31.8,19.8,24.5,26.0,23.3
2026-02-20,46.1,15.9,23.8,25.4,22.9
2026-02-21,22.1,18.0,25.9,29.9,23.4
2026-02-22,31.8,10.7,24.6,27.4,23.1
2026-02-23,37.4,13.4,25.2,29.7,23.1
2026-02-24,3.1,11.6,26.4,30.0,23.6
2026-02-25,31.7,19.6,26.3,30.4,23.4
2026-02-26,15.6,17.5,25.6,30.3,23.1
2026-02-27,1.0,19.3,26.8,31.2,23.3
2026-02-28,6.1,18.0,25.9,29.3,24.1
2026-03-01,8.4,13.9,26.6,31.5,23.8
2026-03-02,1.1,12.3,27.0,32.0,23.7
2026-03-03,0.0,22.7,27.0,31.0,24.2
2026-03-04,0.1,20.7,27.1,31.3,23.3
2026-03-05,0.0,18.1,27.4,30.8,24.6
2026-03-06,0.0,22.0,27.9,32.3,24.3
2026-03-07,0.3,18.8,27.9,32.4,24.4
2026-03-08,17.8,13.8,27.0,32.6,24.2
2026-03-09,9.4,21.9,25.9,29.9,23.6
2026-03-10,1.0,19.8,26.2,29.9,23.4
2026-03-11,4.0,21.3,25.8,30.9,23.5
2026-03-12,5.6,18.0,25.9,31.6,22.8
2026-03-13,0.0,24.5,26.2,30.6,23.2
2026-03-14,0.0,27.9,25.8,29.8,22.8
2026-03-15,0.0,27.2,25.6,29.8,21.6
2026-03-16,0.0,19.4,26.5,31.2,21.9
2026-03-17,0.0,17.7,27.2,32.3,23.3
2026-03-18,0.0,15.7,28.2,33.4,23.6
2026-03-19,1.9,17.9,27.7,33.0,24.2
2026-03-20,5.8,16.7,27.1,33.0,23.5
2026-03-21,0.8,17.3,26.5,31.2,23.5
2026-03-22,1.3,17.9,27.4,31.5,23.9
2026-03-23,0.0,15.7,28.0,33.4,23.6
2026-03-24,0.0,16.6,28.4,34.3,23.7
2026-03-25,1.8,13.5,28.7,33.9,24.2
2026-03-26,18.5,16.6,25.9,27.8,23.8
2026-03-27,2.8,12.3,27.4,32.4,23.5
2026-03-28,0.0,20.4,27.8,32.3,24.6
2026-03-29,0.0,19.1,27.6,32.4,23.0
2026-03-30,0.0,19.9,28.1,33.3,24.0
2026-03-31,1.9,17.2,27.7,33.5,22.8
2026-04-01,3.0,15.8,27.9,33.7,23.7
2026-04-02,0.8,19.4,28.9,34.4,24.7
2026-04-03,0.6,18.7,29.2,35.1,25.4
2026-04-04,18.2,10.8,27.9,34.1,23.9
2026-04-05,1.3,15.5,28.3,33.8,24.2
2026-04-06,0.3,16.4,28.7,34.4,24.4
2026-04-07,13.4,14.8,27.6,33.6,23.5
2026-04-08,4.8,15.7,26.9,33.5,22.6
2026-04-09,0.2,14.9,27.2,33.0,23.3
2026-04-10,9.0,13.0,26.9,32.6,23.5
2026-04-11,0.7,11.9,27.5,32.3,23.3
2026-04-12,0.3,14.4,27.4,32.0,24.5
2026-04-13,10.6,16.0,27.4,32.9,23.2
2026-04-14,1.8,13.4,27.7,34.0,23.6
2026-04-15,4.1,18.8,28.2,33.9,24.1
2026-04-16,1.2,16.9,27.4,32.3,23.6
2026-04-17,2.6,15.3,27.0,30.8,23.6
2026-04-18,0.5,15.5,27.8,33.5,23.2
2026-04-19,1.6,18.9,27.7,33.6,24.4
2026-04-20,1.2,18.1,27.6,33.3,23.7
2026-04-21,2.8,15.2,27.9,32.9,24.6
2026-04-22,6.7,15.9,27.6,32.2,24.0
2026-04-23,12.0,14.7,26.7,30.4,22.9
2026-04-24,9.6,14.4,27.1,31.8,23.3
2026-04-25,17.0,19.2,27.7,33.3,24.5
2026-04-26,16.2,15.9,27.6,32.2,24.6
2026-04-27,3.5,14.6,27.6,32.3,24.7
2026-04-28,6.5,15.5,27.4,32.1,24.3
2026-04-29,0.5,17.5,28.4,34.4,23.6
2026-04-30,5.5,18.6,28.1,34.3,24.9
2026-05-01,67.2,15.1,25.9,31.0,24.2
2026-05-02,72.8,10.5,25.8,30.0,23.8
2026-05-03,10.5,11.8,26.6,30.9,23.7
2026-05-04,33.4,13.2,26.2,31.1,23.9
2026-05-05,13.2,11.3,27.6,33.0,23.9
2026-05-06,2.7,14.6,28.1,33.4,25.1
2026-05-07,24.5,11.9,26.5,30.6,24.3
2026-05-08,77.3,14.0,26.6,31.8,23.5
2026-05-09,45.6,12.9,26.3,31.2,23.5
2026-05-10,7.3,19.9,27.1,31.2,24.4
2026-05-11,8.1,12.0,27.7,31.8,24.7
2026-05-12,9.9,13.4,27.6,30.8,24.9
2026-05-13,2.6,11.4,27.8,30.5,25.1
2026-05-14,6.8,14.4,27.4,30.9,24.8
2026-05-15,28.3,11.1,27.3,31.2,24.3
2026-05-16,42.4,11.6,26.6,29.5,24.1
2026-05-17,7.3,12.9,27.2,30.4,24.7
2026-05-18,33.3,9.9,26.4,29.0,24.0
2026-05-19,33.2,12.5,26.5,30.6,23.9
2026-05-20,10.1,12.4,27.6,32.3,23.9
2026-05-21,11.0,11.7,27.2,31.7,24.4
2026-05-22,7.7,16.8,27.1,31.5,24.5
2026-05-23,66.3,8.9,26.2,29.6,24.1
2026-05-24,12.0,11.4,26.8,31.0,24.6
2026-05-25,12.4,11.2,27.1,31.4,24.8
2026-05-26,5.5,14.5,27.1,31.0,23.5
2026-05-27,1.5,13.3,27.2,31.3,25.1
2026-05-28,3.3,13.9,26.8,30.0,24.5
2026-05-29,0.1,11.3,26.5,29.0,24.5
2026-05-30,1.5,11.7,26.7,29.4,23.7
2026-05-31,2.9,15.0,27.3,30.1,25.2
2026-06-01,6.0,10.6,27.1,30.6,24.8
2026-06-02,0.3,9.8,27.4,30.9,24.6
2026-06-03,1.7,9.7,27.1,30.1,24.7
2026-06-04,3.6,13.0,26.4,30.3,24.4
2026-06-05,1.0,10.3,27.3,30.3,24.5
2026-06-06,5.4,12.2,27.7,30.4,24.9
2026-06-07,3.1,15.6,27.7,30.4,24.9
2026-06-08,1.3,16.4,27.9,30.4,24.5
2026-06-09,0.4,15.9,27.9,30.9,24.8
2026-06-10,4.5,15.9,27.9,31.4,25.4
2026-06-11,17.7,13.6,27.3,30.5,24.5
2026-06-12,16.1,11.3,27.0,31.2,24.0
2026-06-13,20.2,12.5,25.9,28.6,24.8
2026-06-14,2.5,11.7,27.1,31.0,23.5
2026-06-15,11.4,12.8,26.6,30.2,23.7
2026-06-16,2.4,12.2,27.4,31.9,23.7
2026-06-17,12.1,12.4,26.6,30.4,23.8
2026-06-18,9.0,13.6,26.7,31.0,23.9
2026-06-19,1.0,16.5,27.2,30.9,24.4
2026-06-20,1.3,14.2,27.2,31.4,23.5
2026-06-21,3.3,12.9,26.3,29.2,23.8
2026-06-22,1.0,17.6,26.8,31.3,23.3
2026-06-23,0.2,19.9,27.7,31.0,25.0
2026-06-24,0.2,13.7,27.1,29.7,24.2
2026-06-25,2.0,14.7,28.1,31.7,25.4
2026-06-26,0.0,9.7,26.9,29.8,24.4
2026-06-27,5.3,12.3,27.0,30.5,24.8
2026-06-28,9.3,11.7,26.8,30.7,24.3
2026-06-29,5.0,13.3,26.6,30.6,24.0
2026-06-30,4.3,9.9,26.0,28.3,24.1
2026-07-01,27.7,10.1,25.8,29.2,23.7
2026-07-02,7.7,9.7,26.5,29.8,24.3
2026-07-03,14.3,10.8,26.6,31.4,24.2
2026-07-04,6.0,15.2,26.7,30.2,23.7
2026-07-05,2.3,13.7,27.0,31.3,24.3
2026-07-06,3.8,13.5,26.7,29.1,24.6
2026-07-07,2.6,14.4,26.4,29.2,24.1
2026-07-08,2.9,9.3,26.2,28.6,24.2
2026-07-09,2.3,15.0,25.9,29.0,22.8
2026-07-10,8.1,25.2,26.3,28.7,24.6
2026-07-11,2.9,15.9,27.0,29.7,24.2
2026-07-12,0.5,13.4,28.0,30.7,25.9
2026-07-13,2.0,10.7,27.3,30.1,25.4
2026-07-14,8.4,11.4,27.1,31.1,24.0
2026-07-15,7.4,13.4,26.8,30.5,23.4
2026-07-16,1.5,14.1,27.8,31.4,25.1
2026-07-17,2.7,13.9,27.0,30.5,24.5
2026-07-18,4.0,13.1,26.5,30.2,23.4
2026-07-19,0.6,14.2,26.8,29.6,24.3
2026-07-20,3.8,14.1,26.1,28.5,24.0
2026-07-21,4.4,12.6,26.0,28.8,24.0
2026-07-22,8.0,24.0,26.2,29.5,23.9
2026-07-23,34.0,19.0,24.5,25.6,23.0
2026-07-24,3.6,18.5,26.4,29.3,23.9
2026-07-25,1.1,11.7,26.7,28.9,24.3
2026-07-26,4.3,12.4,26.8,29.6,24.1
2026-07-27,10.5,11.9,26.0,29.3,23.6
2026-07-28,2.5,10.9,25.2,27.8,23.1
2026-07-29,0.6,12.2,26.6,29.2,24.5
2026-07-30,0.4,13.7,26.2,28.8,24.4
2026-07-31,4.8,10.1,25.1,26.8,23.5
