commodity,week_end,y,naive,arima_fourier,sarimax,xgb,blend50,gated,gated_noGA,gated_P90,shock_L1,shock_L1_P90,sarimax_how,sarimax_converged,arima_how,arima_converged,trigger_t,shock_t
Ampalaya,2024-11-10,107.1610375872422,106.80686292119516,108.02284839240522,108.05162994573803,107.24859803982271,107.65011399278038,108.05162994573803,108.05162994573803,108.05162994573803,0,0,fit,True,fit,True,none,0
Ampalaya,2024-11-17,106.75747369706212,107.1610375872422,107.18822274263755,107.18294786868,107.53876113207825,107.36085450037913,107.18294786868,107.18294786868,107.18294786868,0,0,fit,True,fit,True,none,0
Ampalaya,2024-11-24,105.59462568682018,106.75747369706212,106.04648843879855,106.0498225364712,106.76930142856716,106.40956198251918,106.0498225364712,106.0498225364712,106.0498225364712,0,0,fit,True,fit,True,none,0
Ampalaya,2024-12-01,103.66804009605154,105.59462568682018,104.23647798369691,104.21606312138864,105.64596468355838,104.93101390247351,104.21606312138864,104.21606312138864,104.21606312138864,0,1,fit,True,fit,True,none,0
Ampalaya,2024-12-08,103.20488753716036,103.66804009605154,102.20050683350125,102.20601594175373,103.25406879115805,102.73004236645589,102.20601594175373,102.20601594175373,102.20601594175373,0,0,fit,True,fit,True,none,0
Ampalaya,2024-12-15,104.20339423438897,103.20488753716036,104.07679076897548,104.09052509085258,102.86963704029604,103.48008106557431,104.09052509085258,104.09052509085258,104.09052509085258,0,0,fit,True,fit,True,diesel,1
Ampalaya,2024-12-22,106.6673842559397,104.20339423438897,106.53109622042659,106.52336564336608,104.18975113353123,105.35655838844866,106.52336564336608,106.52336564336608,106.52336564336608,1,1,fit,True,fit,True,none,0
Ampalaya,2024-12-29,110.60629415934176,106.6673842559397,110.31675232600882,110.32275222100243,106.86836137276289,108.59555679688266,110.32275222100243,110.32275222100243,110.32275222100243,0,0,fit,True,fit,True,none,0
Ampalaya,2025-01-05,116.0352091314593,110.60629415934176,114.22788377024926,114.16580468740118,111.53355664436907,112.84968066588513,114.16580468740118,114.16580468740118,114.16580468740118,0,1,fit,True,fit,True,rain,1
Ampalaya,2025-01-12,118.38935759995844,116.0352091314593,121.5514517047904,121.63018439336713,117.40968210719019,119.51993325027865,121.63018439336713,121.63018439336713,121.63018439336713,1,1,fit,True,fit,True,diesel,1
Ampalaya,2025-01-19,117.67775545259092,118.38935759995844,118.61251143371321,118.58505334116776,119.29947910045054,118.94226622080916,118.58505334116776,118.58505334116776,118.58505334116776,1,1,fit,True,fit,True,none,0
Ampalaya,2025-01-26,113.89767740453703,117.67775545259092,114.59193365557114,114.56901050488962,118.23694203038785,116.40297626763873,114.56901050488962,114.56901050488962,114.56901050488962,0,0,fit,True,fit,True,none,0
Ampalaya,2025-02-02,107.03464656114464,113.89767740453703,107.44046955953574,107.4313855622076,113.3491663166426,110.3902759394251,107.4313855622076,107.4313855622076,107.4313855622076,0,0,fit,True,fit,True,none,0
Ampalaya,2025-02-09,102.45148547436504,107.03464656114464,101.0021400986729,101.01099560978678,105.81380336522942,103.4123994875081,101.01099560978678,101.01099560978678,101.01099560978678,0,0,fit,True,fit,True,none,0
Ampalaya,2025-02-16,100.13064161237652,102.45148547436504,100.72793427682946,100.75307235116537,101.61793269659786,101.18550252388161,100.75307235116537,100.75307235116537,100.75307235116537,0,0,fit,True,fit,True,none,0
Ampalaya,2025-02-23,100.06322663698424,100.13064161237652,100.50013301396385,100.4935688129337,100.16419821899707,100.32888351596539,100.4935688129337,100.4935688129337,100.4935688129337,0,0,fit,True,fit,True,none,0
Ampalaya,2025-03-02,102.24898236317608,100.06322663698424,102.31951389645253,102.3515810610893,99.29003852281798,100.82080979195365,102.3515810610893,102.3515810610893,102.3515810610893,0,0,fit,True,fit,True,diesel,1
Ampalaya,2025-03-09,103.83822740334628,102.24898236317608,104.45622699751621,104.35165721446515,102.25566129645381,103.30365925545948,104.35165721446515,104.35165721446515,104.35165721446515,1,1,fit,True,fit,True,rain,1
Ampalaya,2025-03-16,104.83704822786144,103.83822740334628,104.7165560085496,104.74816211449017,104.05649663228152,104.40232937338584,104.74816211449017,104.74816211449017,104.74816211449017,1,1,fit,True,fit,True,none,0
Ampalaya,2025-03-23,105.2492701079644,104.83704822786144,105.052699536935,105.06653519453465,104.91830104120068,104.99241811786766,105.06653519453465,105.06653519453465,105.06653519453465,0,0,fit,True,fit,True,none,0
Ampalaya,2025-03-30,105.07647176574916,105.2492701079644,104.7292432945947,104.79256596210229,104.94687142632378,104.86971869421303,104.79256596210229,104.79256596210229,104.79256596210229,0,0,fit,True,fit,True,none,0
Ampalaya,2025-04-06,104.31799142033069,105.07647176574916,104.96528587642204,104.85819109111563,105.05849639814348,104.95834374462956,104.85819109111563,104.85819109111563,104.85819109111563,0,1,fit,True,fit,True,none,0
Ampalaya,2025-04-13,103.55686232518956,104.31799142033069,103.44265006659393,103.4910334938297,104.23911636293141,103.86507492838055,103.4910334938297,103.4910334938297,103.4910334938297,0,0,fit,True,fit,True,diesel,1
Ampalaya,2025-04-20,102.7901695178337,103.55686232518956,102.85102728868321,102.86125693542891,103.50468374860093,103.18297034201493,102.86125693542891,102.86125693542891,102.86125693542891,1,1,fit,True,fit,True,none,0
Ampalaya,2025-04-27,102.01497672793715,102.7901695178337,102.1005401542504,102.11218284535182,102.67987822308015,102.39603053421598,102.11218284535182,102.11218284535182,102.11218284535182,0,1,fit,True,fit,True,none,0
Ampalaya,2025-05-04,101.2283151320492,102.01497672793715,101.74962915823217,101.7890341002075,101.83660520908683,101.81281965464717,101.7890341002075,101.7890341002075,101.7890341002075,0,0,fit,True,fit,True,diesel,1
Ampalaya,2025-05-11,101.1541936052658,101.2283151320492,100.4888157551701,100.37931206826414,101.18850264170516,100.78390735498465,100.37931206826414,100.37931206826414,100.37931206826414,1,1,fit,True,fit,True,none,0
Ampalaya,2025-05-18,101.79232827790996,101.1541936052658,101.41623073811562,101.4609876486215,101.01917856462974,101.24008310662562,101.4609876486215,101.4609876486215,101.4609876486215,0,0,fit,True,fit,True,rain,1
Ampalaya,2025-05-25,103.14516307000451,101.79232827790996,102.80254774318577,102.81730462430853,101.66479376920482,102.24104919675668,102.81730462430853,102.81730462430853,102.81730462430853,1,1,fit,True,fit,True,rain,1
Ampalaya,2025-06-01,105.21787905096602,103.14516307000451,104.94702175768784,104.87053432661291,102.86051363829904,103.86552398245598,104.87053432661291,104.87053432661291,104.87053432661291,1,1,fit,True,fit,True,rain,1
Ampalaya,2025-06-08,107.42326879061392,105.21787905096602,106.93904783721607,107.0384037553652,104.96092596053671,105.99966485795096,107.0384037553652,107.0384037553652,107.0384037553652,1,1,fit,True,fit,True,none,0
Ampalaya,2025-06-15,109.7697784624192,107.42326879061392,108.98999615446019,108.9561141891005,107.24912187017134,108.10261802963592,108.9561141891005,108.9561141891005,108.9561141891005,0,1,fit,True,fit,True,none,0
Ampalaya,2025-06-22,112.26639469916746,109.7697784624192,111.4682055175585,111.46943020554652,109.65509602642982,110.56226311598817,111.46943020554652,111.46943020554652,111.46943020554652,0,0,fit,True,fit,True,none,0
Ampalaya,2025-06-29,114.92267900985053,112.26639469916746,114.11665217645734,114.06990086413916,112.11210400814936,113.09100243614427,114.06990086413916,114.06990086413916,114.06990086413916,0,0,fit,True,fit,True,diesel,1
Ampalaya,2025-07-06,117.74880439821143,114.92267900985053,116.94867985863398,117.04277858772343,114.2918798951464,115.66732924143491,117.04277858772343,117.04277858772343,117.04277858772343,1,1,fit,True,fit,True,diesel,1
Ampalaya,2025-07-13,119.67638297033682,117.74880439821143,119.79361801138074,119.76295484922021,117.30576450410743,118.53435967666383,119.76295484922021,119.76295484922021,119.76295484922021,1,1,fit,True,fit,True,none,0
Ampalaya,2025-07-20,120.71279694203474,119.67638297033682,120.32304268491649,120.33281255073939,119.09510482502355,119.71395868788147,120.33281255073939,120.33281255073939,120.33281255073939,0,0,fit,True,fit,True,none,0
Ampalaya,2025-07-27,120.86201555830328,120.71279694203474,120.46664187586724,120.44086479554107,120.27474133733847,120.35780306643977,120.44086479554107,120.44086479554107,120.44086479554107,0,0,fit,True,fit,True,none,0
Ampalaya,2025-08-03,120.12461029469404,120.86201555830328,119.85689366634641,119.85878671991739,120.1260655055651,119.99242611274124,119.85878671991739,119.85878671991739,119.85878671991739,0,0,fit,True,fit,True,none,0
Ampalaya,2025-08-10,118.8963536797284,120.12461029469404,119.01087447879468,119.06577302922821,119.6672332781497,119.36650315368895,119.06577302922821,119.06577302922821,119.06577302922821,0,0,fit,True,fit,True,none,0
Ampalaya,2025-08-17,117.1725417519023,118.8963536797284,117.39817555117531,117.38013519779963,118.19582970721711,117.78798245250837,117.38013519779963,117.38013519779963,117.38013519779963,0,0,fit,True,fit,True,diesel,1
Ampalaya,2025-08-24,114.94657267830064,117.1725417519023,115.22334382282243,115.20794579875441,116.61702032331725,115.91248306103583,115.20794579875441,115.20794579875441,115.20794579875441,1,1,fit,True,fit,True,none,0
Ampalaya,2025-08-31,112.20992147098195,114.94657267830064,112.65272941925754,112.6300481868536,113.99252011081865,113.31128414883612,112.6300481868536,112.6300481868536,112.6300481868536,0,0,fit,True,fit,True,none,0
Ampalaya,2025-09-07,108.95210733808844,112.20992147098195,109.58516128905046,109.61871510084859,111.0157470620693,110.31723108145894,109.61871510084859,109.61871510084859,109.61871510084859,0,0,fit,True,fit,True,none,0
Ampalaya,2025-09-14,106.90360130071905,108.95210733808844,105.94490834992611,105.93298770206866,107.35169544615118,106.64234157410992,105.93298770206866,105.93298770206866,105.93298770206866,0,0,fit,True,fit,True,none,0
Ampalaya,2025-09-21,106.05655801660303,106.90360130071905,105.95990906449781,105.94683478368012,105.84491385221746,105.8958743179488,105.94683478368012,105.94683478368012,105.94683478368012,0,0,fit,True,fit,True,none,0
Ampalaya,2025-09-28,106.4077334901842,106.05655801660303,106.47575441002928,106.46914987567186,105.36171782380823,105.91543384974005,106.46914987567186,106.46914987567186,106.46914987567186,0,0,fit,True,fit,True,none,0
Ampalaya,2025-10-05,107.95847264880815,106.4077334901842,107.98908527016987,108.05019247140764,106.1676164618286,107.10890446661813,108.05019247140764,108.05019247140764,108.05019247140764,0,0,fit,True,fit,True,none,0
Ampalaya,2025-10-12,107.7285019095177,107.95847264880815,109.51176124853085,109.44587540650221,107.95379871240387,108.69983705945305,109.44587540650221,109.44587540650221,109.44587540650221,0,0,fit,True,fit,True,none,0
Ampalaya,2025-10-19,105.71694053331136,107.7285019095177,106.42806385917709,106.42936742365931,107.82813137873357,107.12874940119644,106.42936742365931,106.42936742365931,106.42936742365931,0,0,fit,True,fit,True,none,0
Ampalaya,2025-10-26,101.91608466811,105.71694053331136,102.7346282848172,102.72832557358278,105.79844218114137,104.26338387736207,102.72832557358278,102.72832557358278,102.72832557358278,0,0,fit,True,fit,True,none,0
Ampalaya,2025-11-02,96.31137784464258,101.91608466811,97.35159120630533,97.41271928386405,102.23589970774471,99.82430949580439,97.41271928386405,97.41271928386405,97.41271928386405,0,0,fit,True,fit,True,none,0
Ampalaya,2025-11-09,93.80981061927542,96.31137784464258,91.60251234049281,91.53103699804936,96.4563782428016,93.99370762042548,91.53103699804936,91.53103699804936,91.53103699804936,0,0,fit,True,fit,True,diesel,1
Ampalaya,2025-11-16,94.4018025217837,93.80981061927542,94.15009882155549,94.17519987452734,93.93241592816577,94.05380790134654,94.17519987452734,94.17519987452734,94.17519987452734,1,1,fit,True,fit,True,none,0
Ampalaya,2025-11-23,98.08962075519824,94.4018025217837,97.90289573601264,97.89210132089563,95.01166592224298,96.45188362156931,97.89210132089563,97.89210132089563,97.89210132089563,0,0,fit,True,fit,True,none,0
Ampalaya,2025-11-30,104.88738887871084,98.08962075519824,104.40005197140101,104.40882615586486,98.62224792051578,101.51553703819032,104.40882615586486,104.40882615586486,104.40882615586486,0,0,fit,True,fit,True,none,0
Ampalaya,2025-12-07,114.821140897901,104.88738887871084,111.29445483001402,111.29330008183734,105.47570388878164,108.3845019853095,111.29330008183734,111.29330008183734,111.29330008183734,0,0,fit,True,fit,True,none,0
Ampalaya,2025-12-14,121.38689282729092,114.821140897901,124.74200059075926,124.73556075867569,115.74178369107956,120.23867222487763,124.73556075867569,124.73556075867569,124.73556075867569,0,1,fit,True,fit,True,none,0
Ampalaya,2025-12-21,124.60979009980171,121.38689282729092,125.1440033465997,125.14800207653933,122.6339336950964,123.89096788581787,125.14800207653933,125.14800207653933,125.14800207653933,0,0,fit,True,fit,True,none,0
Ampalaya,2025-12-28,124.50217572626426,124.60979009980171,124.44537150223846,124.45231336556598,124.52913237923592,124.49072287240095,124.45231336556598,124.45231336556598,124.45231336556598,0,0,fit,True,fit,True,rain,1
Ampalaya,2026-01-04,121.0636375665246,124.50217572626426,120.02870112752655,119.99713307035431,123.60660801109626,121.80187054072528,119.99713307035431,119.99713307035431,119.99713307035431,1,1,fit,True,fit,True,rain,1
Ampalaya,2026-01-11,117.9366404181313,121.0636375665246,117.82541911643443,117.86918203474546,119.55347819324122,118.71133011399334,117.86918203474546,117.86918203474546,117.86918203474546,1,1,fit,True,fit,True,none,0
Ampalaya,2026-01-18,115.1092085473246,117.9366404181313,116.5295019854142,116.55847839336319,116.88521949108357,116.72184894222337,116.55847839336319,116.55847839336319,116.55847839336319,0,0,fit,True,fit,True,none,0
Ampalaya,2026-01-25,112.57051349162064,115.1092085473246,113.62914950218855,113.61081092248158,113.730847560615,113.67082924154829,113.61081092248158,113.61081092248158,113.61081092248158,0,1,fit,True,fit,True,none,0
Ampalaya,2026-02-01,110.31083258910384,112.57051349162064,110.87712490170449,110.86622634540086,111.82590073822938,111.34606354181511,110.86622634540086,110.86622634540086,110.86622634540086,0,0,fit,True,fit,True,none,0
Ampalaya,2026-02-08,109.08458136232018,110.31083258910384,108.3704522472824,108.31409110621989,109.07070490641799,108.69239800631894,108.31409110621989,108.31409110621989,108.31409110621989,0,0,fit,True,fit,True,none,0
Ampalaya,2026-02-15,108.88706352997563,109.08458136232018,109.00932522955908,109.04920431306283,108.69929881603836,108.8742515645506,109.04920431306283,109.04920431306283,109.04920431306283,0,0,fit,True,fit,True,none,0
Ampalaya,2026-02-22,109.71752264079738,108.88706352997563,109.70060973541976,109.6946582324318,108.51320570398114,109.10393196820647,109.6946582324318,109.6946582324318,109.6946582324318,0,0,fit,True,fit,True,both,1
Ampalaya,2026-03-01,111.57913917648644,109.71752264079738,111.20440367685461,111.32307307691863,108.83254643258739,110.07780975475302,111.32307307691863,111.32307307691863,111.32307307691863,1,1,fit,True,fit,True,diesel,1
Ampalaya,2026-03-08,111.97072590121584,111.57913917648644,113.27440707967737,113.0877816097314,110.88113552677483,111.9844585682531,113.0877816097314,113.0877816097314,113.0877816097314,1,1,fit,True,fit,True,none,0
Ampalaya,2026-03-15,110.893782508825,111.97072590121584,111.36187879681867,111.44520020549372,111.6289621067937,111.5370811561437,111.44520020549372,111.44520020549372,111.44520020549372,0,0,fit,True,fit,True,diesel,1
Ampalaya,2026-03-22,108.34418453525797,110.893782508825,108.77927303819831,108.73862989014987,110.58171848699921,109.66017418857453,108.73862989014987,108.73862989014987,108.73862989014987,1,1,fit,True,fit,True,diesel,1
Ampalaya,2026-03-29,104.31216756274362,108.34418453525797,104.77249871356409,104.98669953267161,108.03149904560343,106.50909928913751,104.98669953267161,104.98669953267161,104.98669953267161,1,1,fit,True,fit,True,diesel,1
Ampalaya,2026-04-05,98.78228982415315,104.31216756274362,100.72366846802129,100.4332220157603,103.60927031209131,102.02124616392581,100.4332220157603,100.4332220157603,100.4332220157603,1,1,fit,True,fit,True,diesel,1
Ampalaya,2026-04-12,96.66018445678422,98.78228982415315,93.66594822379312,93.92252989284756,97.45472391572115,95.68862690428435,93.92252989284756,93.92252989284756,93.92252989284756,1,1,fit,True,fit,True,diesel,1
Ampalaya,2026-04-19,97.93772424859158,96.66018445678422,96.93694949135603,96.85273973372576,95.97060049958894,96.41167011665735,96.85273973372576,96.85273973372576,96.85273973372576,1,1,fit,True,fit,True,diesel,1
Ampalaya,2026-04-26,102.61980190516084,97.93772424859158,101.808190278342,101.974850475513,97.86313735050312,99.91899391300805,101.974850475513,101.974850475513,101.974850475513,1,1,fit,True,fit,True,diesel,1
Ampalaya,2026-05-03,110.72434878772988,102.61980190516084,110.10081444880508,109.8273637776268,103.1264152193126,106.4768894984697,109.8273637776268,109.8273637776268,109.8273637776268,1,1,fit,True,fit,True,both,1
Ampalaya,2026-05-10,116.93484199786684,110.72434878772988,118.04078384696871,118.12277428399126,111.9975705189158,115.06017240145353,118.12277428399126,118.12277428399126,118.12277428399126,1,1,fit,True,fit,True,rain,1
Ampalaya,2026-05-17,121.2750664031849,116.93484199786684,120.15874308061882,120.17013176790904,117.40893236542246,118.78953206666574,120.17013176790904,120.17013176790904,120.17013176790904,1,1,fit,True,fit,True,diesel,1
Ampalaya,2026-05-24,123.76164413970449,121.2750664031849,122.7080623298467,122.83125730697313,121.3583101755724,122.09478374127276,122.83125730697313,122.83125730697313,122.83125730697313,1,1,fit,True,fit,True,rain,1
Ampalaya,2026-05-31,124.4040982710973,123.76164413970449,123.6687841498584,123.53509171763658,123.34933866542318,123.44221519152987,123.53509171763658,123.53509171763658,123.53509171763658,1,1,fit,True,fit,True,none,0
Ampalaya,2026-06-07,123.20488925999427,124.4040982710973,124.64788808573375,124.63333731638397,124.38313726958191,124.50823729298294,124.63333731638397,124.63333731638397,124.63333731638397,0,0,fit,True,fit,True,diesel,1
Ampalaya,2026-06-14,122.21307120692484,123.20488925999427,121.06181333308415,121.17788373246175,122.77127998298431,121.97458185772302,121.17788373246175,121.17788373246175,121.17788373246175,1,1,fit,True,fit,True,diesel,1
Ampalaya,2026-06-21,121.4248456597709,122.21307120692484,121.05153438370976,121.02531308361893,121.82194379937403,121.42362844149648,121.02531308361893,121.02531308361893,121.02531308361893,1,1,fit,True,fit,True,none,0
Ampalaya,2026-06-28,120.83719388239436,121.4248456597709,120.8563443274408,120.85741972274964,120.91804488901131,120.88773230588048,120.85741972274964,120.85741972274964,120.85741972274964,0,0,fit,True,fit,True,diesel,1
Ampalaya,2026-07-05,120.4478652935202,120.83719388239436,121.35758033314502,121.30748433186884,120.35435048334651,120.83091740760767,121.30748433186884,121.30748433186884,121.30748433186884,1,1,fit,True,fit,True,none,0
Ampalaya,2026-07-12,119.71452482829812,120.4478652935202,119.60917532169455,119.66066304182424,120.22607696165393,119.94337000173908,119.66066304182424,119.66066304182424,119.66066304182424,0,0,fit,True,fit,True,none,0
Ampalaya,2026-07-19,118.63436394877628,119.71452482829812,118.357236857105,118.33433475856963,119.2013232339454,118.76782899625752,118.33433475856963,118.33433475856963,118.33433475856963,0,1,fit,True,fit,True,diesel,1
Ampalaya,2026-07-26,117.2032458686075,118.63436394877628,117.2555362111321,117.2596844925665,118.11569327063755,117.68768888160203,117.2596844925665,117.2596844925665,117.2596844925665,1,1,fit,True,fit,True,none,0
Cabbage,2024-11-10,95.31186006297112,95.15207967039552,96.42052404636839,96.47060764236645,95.52863183495012,95.99961973865828,96.47060764236645,96.47060764236645,96.47060764236645,0,0,fit,True,fit,True,none,0
Cabbage,2024-11-17,94.16545747724936,95.31186006297112,94.54495241741353,94.42557399973181,95.61449901093484,95.02003650533332,94.42557399973181,94.42557399973181,94.42557399973181,0,0,fit,True,fit,True,none,0
Cabbage,2024-11-24,91.69060271357652,94.16545747724936,92.06889052823375,92.16053165158762,94.06163801012204,93.11108483085482,92.16053165158762,92.16053165158762,92.16053165158762,0,0,fit,True,fit,True,none,0
Cabbage,2024-12-01,87.83922100700313,91.69060271357652,88.4399743068709,88.51959598892448,91.52435001110193,90.0219730000132,88.51959598892448,88.51959598892448,88.51959598892448,0,1,fit,True,fit,True,none,0
Cabbage,2024-12-08,86.03086580869312,87.83922100700313,84.1319250821618,83.9775460803409,87.46892935670787,85.72323771852439,83.9775460803409,83.9775460803409,83.9775460803409,0,0,fit,True,fit,True,none,0
Cabbage,2024-12-15,86.230409299277,86.03086580869312,85.80590364079674,85.84672771347587,85.36201198932285,85.60436985139935,85.84672771347587,85.84672771347587,85.84672771347587,0,0,fit,True,fit,True,diesel,1
Cabbage,2024-12-22,88.44172766839944,86.230409299277,88.00563756631956,87.99361463000005,85.87765023603313,86.9356324330166,87.99361463000005,87.99361463000005,87.99361463000005,1,1,fit,True,fit,True,none,0
Cabbage,2024-12-29,92.70777641081698,88.44172766839944,92.14621963605725,92.38078320941378,88.37613111024581,90.3784571598298,92.38078320941378,92.38078320941378,92.38078320941378,0,0,fit,True,fit,True,none,0
Cabbage,2025-01-05,99.11142474922713,92.70777641081698,96.67607385283212,96.53763624179825,93.04365475320704,94.79064549750265,96.53763624179825,96.53763624179825,96.53763624179825,0,1,fit,True,fit,True,rain,1
Cabbage,2025-01-12,102.82928089526683,99.11142474922713,105.33009570726661,105.25236424167745,101.01368696007307,103.13302560087527,105.25236424167745,105.25236424167745,105.25236424167745,1,1,fit,True,fit,True,diesel,1
Cabbage,2025-01-19,103.93356527292242,102.82928089526683,104.37471033239359,104.2868630239918,104.16153709319622,104.22420005859401,104.2868630239918,104.2868630239918,104.2868630239918,1,1,fit,True,fit,True,none,0
Cabbage,2025-01-26,102.44572892355292,103.93356527292242,102.45090862441326,102.6409152354524,104.26544998490324,103.45318261017782,102.6409152354524,102.6409152354524,102.6409152354524,0,0,fit,True,fit,True,none,0
Cabbage,2025-02-02,98.33687019853268,102.44572892355292,97.97205804461407,97.9767809009373,102.39464338439076,100.18571214266403,97.9767809009373,97.9767809009373,97.9767809009373,0,0,fit,True,fit,True,none,0
Cabbage,2025-02-09,94.39666945277186,98.33687019853268,94.3230590561855,94.32218522398928,97.77435350923214,96.04826936661071,94.32218522398928,94.32218522398928,94.32218522398928,0,0,fit,True,fit,True,none,0
Cabbage,2025-02-16,90.54858715454252,94.39666945277186,91.74176314122522,91.53560235585525,93.54190451441737,92.5387534351363,91.53560235585525,91.53560235585525,91.53560235585525,0,0,fit,True,fit,True,none,0
Cabbage,2025-02-23,86.71787319943074,90.54858715454252,87.58601044663547,87.84099027342299,89.00155885139615,88.42127456240956,87.84099027342299,87.84099027342299,87.84099027342299,0,0,fit,True,fit,True,none,0
Cabbage,2025-03-02,82.83011486807865,86.71787319943074,83.76418710499473,83.48282934992002,85.50811050697926,84.49546992844964,83.48282934992002,83.48282934992002,83.48282934992002,0,0,fit,True,fit,True,diesel,1
Cabbage,2025-03-09,79.88401345750707,82.83011486807865,79.42817666981513,79.71876467300876,81.56215074339909,80.64045770820393,79.71876467300876,79.71876467300876,79.71876467300876,1,1,fit,True,fit,True,rain,1
Cabbage,2025-03-16,77.82234010123477,79.88401345750707,78.30575003302519,78.214289361595,79.42511395952123,78.81970166055811,78.214289361595,78.214289361595,78.214289361595,1,1,fit,True,fit,True,none,0
Cabbage,2025-03-23,76.60504620188132,77.82234010123477,77.0979056420772,77.04247542439977,77.26296415948138,77.15271979194057,77.04247542439977,77.04247542439977,77.04247542439977,0,0,fit,True,fit,True,none,0
Cabbage,2025-03-30,76.20848547565465,76.60504620188132,76.55708635607056,76.46560706573578,76.8933525573577,76.67947981154674,76.46560706573578,76.46560706573578,76.46560706573578,0,0,fit,True,fit,True,none,0
Cabbage,2025-04-06,76.62495461649361,76.20848547565465,76.1750123509376,76.38141900531227,77.10324209081655,76.74233054806442,76.38141900531227,76.38141900531227,76.38141900531227,0,1,fit,True,fit,True,none,0
Cabbage,2025-04-13,76.74101237720684,76.62495461649361,77.61621537461252,77.48471549264383,77.27962795443001,77.38217172353691,77.48471549264383,77.48471549264383,77.48471549264383,0,0,fit,True,fit,True,diesel,1
Cabbage,2025-04-20,76.55891321314613,76.74101237720684,76.98956375389577,77.0155722788605,77.58088116115765,77.29822672000907,77.0155722788605,77.0155722788605,77.0155722788605,1,1,fit,True,fit,True,none,0
Cabbage,2025-04-27,76.07511979572223,76.55891321314613,76.26813284564899,76.13041376311561,77.25721005810539,76.69381191061049,76.13041376311561,76.13041376311561,76.13041376311561,0,1,fit,True,fit,True,none,0
Cabbage,2025-05-04,75.28023429878064,76.07511979572223,75.18943838596113,75.14379847091735,76.51661619774745,75.8302073343324,75.14379847091735,75.14379847091735,75.14379847091735,0,0,fit,True,fit,True,diesel,1
Cabbage,2025-05-11,75.34785165619348,75.28023429878064,74.82872049264448,75.09663781161126,75.81164815194913,75.4541429817802,75.09663781161126,75.09663781161126,75.09663781161126,1,1,fit,True,fit,True,none,0
Cabbage,2025-05-18,76.27928535455878,75.34785165619348,76.2288255004852,76.13118842948123,75.83729767035936,75.9842430499203,76.13118842948123,76.13118842948123,76.13118842948123,0,0,fit,True,fit,True,rain,1
Cabbage,2025-05-25,78.09262876112065,76.27928535455878,77.79332570651361,77.70269009701066,77.10784636253531,77.40526822977299,77.70269009701066,77.70269009701066,77.70269009701066,1,1,fit,True,fit,True,rain,1
Cabbage,2025-06-01,80.82310659262725,78.09262876112065,80.30589679958814,80.56759025623646,79.63114802438817,80.09936914031232,80.56759025623646,80.56759025623646,80.56759025623646,1,1,fit,True,fit,True,rain,1
Cabbage,2025-06-08,84.4245309315311,80.82310659262725,83.47915737584684,83.14460872942185,82.52023977610656,82.83242425276421,83.14460872942185,83.14460872942185,83.14460872942185,1,1,fit,True,fit,True,none,0
Cabbage,2025-06-15,88.96686048050748,84.4245309315311,87.95624204319518,88.0747137180446,86.1017199240314,87.088216821038,88.0747137180446,88.0747137180446,88.0747137180446,0,1,fit,True,fit,True,none,0
Cabbage,2025-06-22,94.53833129631234,88.96686048050748,93.32374933816668,93.29437126927593,90.90413231392728,92.0992517916016,93.29437126927593,93.29437126927593,93.29437126927593,0,0,fit,True,fit,True,none,0
Cabbage,2025-06-29,101.24717080054003,94.53833129631234,99.71216220901223,99.96606206716889,95.71863796936226,97.84235001826558,99.96606206716889,99.96606206716889,99.96606206716889,0,0,fit,True,fit,True,diesel,1
Cabbage,2025-07-06,109.22370012838772,101.24717080054003,107.350500774138,107.05590653839,102.84688758310992,104.95139706074997,107.05590653839,107.05590653839,107.05590653839,1,1,fit,True,fit,True,diesel,1
Cabbage,2025-07-13,115.83106711115974,109.22370012838772,116.52546277040415,116.64904755466704,110.53088148672512,113.58996452069607,116.64904755466704,116.64904755466704,116.64904755466704,1,1,fit,True,fit,True,none,0
Cabbage,2025-07-20,121.19762175116516,115.83106711115974,120.33793409449476,120.34563548001398,117.01784494128364,118.68174021064881,120.34563548001398,120.34563548001398,120.34563548001398,0,0,fit,True,fit,True,none,0
Cabbage,2025-07-27,125.42761091439948,121.19762175116516,124.23129743143484,124.31957168571503,122.2170931581018,123.26833242190841,124.31957168571503,124.31957168571503,124.31957168571503,0,0,fit,True,fit,True,none,0
Cabbage,2025-08-03,128.60320335587264,125.42761091439948,127.39536017120746,127.32937786112815,125.63411695807204,126.4817474096001,127.32937786112815,127.32937786112815,127.32937786112815,0,0,fit,True,fit,True,none,0
Cabbage,2025-08-10,130.25482735049454,128.60320335587264,131.21379563641855,131.23007975634914,128.84768207331896,130.03888091483407,131.23007975634914,131.23007975634914,131.23007975634914,0,0,fit,True,fit,True,none,0
Cabbage,2025-08-17,130.41456616896525,130.25482735049454,130.76945670081983,130.7479123361401,129.23028120410171,129.9890967701209,130.7479123361401,130.7479123361401,130.7479123361401,0,0,fit,True,fit,True,diesel,1
Cabbage,2025-08-24,129.08552278373557,130.41456616896525,129.13103880605377,129.18331836685954,129.15733970183268,129.1703290343461,129.18331836685954,129.18331836685954,129.18331836685954,1,1,fit,True,fit,True,none,0
Cabbage,2025-08-31,126.24188014513835,129.08552278373557,126.62021261064777,126.65296629968856,127.98458637092429,127.31877633530642,126.65296629968856,126.65296629968856,126.65296629968856,0,0,fit,True,fit,True,none,0
Cabbage,2025-09-07,121.8283996777802,126.24188014513835,123.38613627586938,123.32160637247438,124.80597468859538,124.06379053053487,123.32160637247438,123.32160637247438,123.32160637247438,0,0,fit,True,fit,True,none,0
Cabbage,2025-09-14,118.06705535559828,121.8283996777802,117.35522418159927,117.40993751106974,120.29896511605077,118.85445131356025,117.40993751106974,117.40993751106974,117.40993751106974,0,0,fit,True,fit,True,none,0
Cabbage,2025-09-21,114.88478198428813,118.06705535559828,115.16873565138286,115.12867881177341,116.6976180186766,115.91314841522501,115.12867881177341,115.12867881177341,115.12867881177341,0,0,fit,True,fit,True,none,0
Cabbage,2025-09-28,112.21976298916564,114.88478198428813,112.88889830177499,112.86845627516077,113.49399855514231,113.18122741515154,112.86845627516077,112.86845627516077,112.86845627516077,0,0,fit,True,fit,True,none,0
Cabbage,2025-10-05,110.02022961044058,112.21976298916564,111.1437850579079,111.08423505423612,111.12489027607666,111.10456266515638,111.08423505423612,111.08423505423612,111.08423505423612,0,0,fit,True,fit,True,none,0
Cabbage,2025-10-12,108.81020051904966,110.02022961044058,108.04904934913743,108.19732733663336,109.0475958909963,108.62246161381483,108.19732733663336,108.19732733663336,108.19732733663336,0,0,fit,True,fit,True,none,0
Cabbage,2025-10-19,108.56617055218312,108.81020051904966,108.20505868950757,108.1275501293004,107.30186576315214,107.71470794622627,108.1275501293004,108.1275501293004,108.1275501293004,0,0,fit,True,fit,True,none,0
Cabbage,2025-10-26,109.28339935761102,108.56617055218312,109.25874103584928,109.20973146253984,107.75080011170003,108.48026578711993,109.20973146253984,109.20973146253984,109.20973146253984,0,0,fit,True,fit,True,none,0
Cabbage,2025-11-02,110.97581931097903,109.28339935761102,110.93908682525844,110.93883396081263,108.15730453949578,109.54806925015421,110.93883396081263,110.93883396081263,110.93883396081263,0,0,fit,True,fit,True,none,0
Cabbage,2025-11-09,112.61675147636468,110.97581931097903,112.65260654798503,112.67825479454935,109.94726701720157,111.31276090587545,112.67825479454935,112.67825479454935,112.67825479454935,0,0,fit,True,fit,True,diesel,1
Cabbage,2025-11-16,114.2380714326128,112.61675147636468,113.71779460139064,113.7524114114384,112.41837607248361,113.08539374196101,113.7524114114384,113.7524114114384,113.7524114114384,1,1,fit,True,fit,True,none,0
Cabbage,2025-11-23,115.87127378577006,114.2380714326128,115.48634955948664,115.4190367607261,114.13401003023233,114.77652339547922,115.4190367607261,115.4190367607261,115.4190367607261,0,0,fit,True,fit,True,none,0
Cabbage,2025-11-30,117.54808396085755,115.87127378577006,117.1039339843656,117.08976876629504,115.78812034422171,116.43894455525837,117.08976876629504,117.08976876629504,117.08976876629504,0,0,fit,True,fit,True,none,0
Cabbage,2025-12-07,119.30107447736836,117.54808396085755,119.00339090242868,119.02880221702301,117.47448182090776,118.25164201896538,119.02880221702301,119.02880221702301,119.02880221702301,0,0,fit,True,fit,True,none,0
Cabbage,2025-12-14,120.53877381896544,119.30107447736836,120.65560949701486,120.68614116636165,119.16994315617657,119.9280421612691,120.68614116636165,120.68614116636165,120.68614116636165,0,1,fit,True,fit,True,none,0
Cabbage,2025-12-21,121.28522465102006,120.53877381896544,121.09041804285599,121.07398657118524,120.66041153585482,120.86719905352004,121.07398657118524,121.07398657118524,121.07398657118524,0,0,fit,True,fit,True,none,0
Cabbage,2025-12-28,121.5549269954422,121.28522465102006,121.34815821973814,121.35915558973979,120.748337780159,121.0537466849494,121.35915558973979,121.35915558973979,121.35915558973979,0,0,fit,True,fit,True,rain,1
Cabbage,2026-01-04,121.35311989777296,121.5549269954422,121.21898392551867,121.4203529363099,120.76064962546616,121.09050128088802,121.4203529363099,121.4203529363099,121.4203529363099,1,1,fit,True,fit,True,rain,1
Cabbage,2026-01-11,119.74950795711791,121.35311989777296,120.92286426687262,120.62814940270063,120.85934801690786,120.74374870980424,120.62814940270063,120.62814940270063,120.62814940270063,1,1,fit,True,fit,True,none,0
Cabbage,2026-01-18,116.71294055072188,119.74950795711791,117.40910303733743,117.38407337362612,118.84321754516876,118.11364545939745,117.38407337362612,117.38407337362612,117.38407337362612,0,0,fit,True,fit,True,none,0
Cabbage,2026-01-25,112.1844314841387,116.71294055072188,112.93374115021876,113.10314762271138,115.4443856248033,114.27376662375734,113.10314762271138,113.10314762271138,113.10314762271138,0,1,fit,True,fit,True,none,0
Cabbage,2026-02-01,106.07601316745432,112.1844314841387,107.10148918172547,107.02473974162777,110.83365969935629,108.92919972049202,107.02473974162777,107.02473974162777,107.02473974162777,0,0,fit,True,fit,True,none,0
Cabbage,2026-02-08,102.00596549334357,106.07601316745432,100.2343952105853,100.31632156622207,103.8582650023237,102.08729328427289,100.31632156622207,100.31632156622207,100.31632156622207,0,0,fit,True,fit,True,none,0
Cabbage,2026-02-15,99.89522661618288,102.00596549334357,99.92396583623734,99.79285249285527,100.53282358469794,100.16283803877661,99.79285249285527,99.79285249285527,99.79285249285527,0,0,fit,True,fit,True,none,0
Cabbage,2026-02-22,99.70279482674928,99.89522661618288,99.83807067117294,99.946852048117,98.2765147869974,99.1116834175572,99.946852048117,99.946852048117,99.946852048117,0,0,fit,True,fit,True,both,1
Cabbage,2026-03-01,101.4249320822365,99.70279482674928,101.50490533742465,101.18691505952336,98.1028099424872,99.64486250100528,101.18691505952336,101.18691505952336,101.18691505952336,1,1,fit,True,fit,True,diesel,1
Cabbage,2026-03-08,102.8064488756548,101.4249320822365,103.223724276561,103.61689829068156,100.84763880544969,102.23226854806563,103.61689829068156,103.61689829068156,103.61689829068156,1,1,fit,True,fit,True,none,0
Cabbage,2026-03-15,103.87418156770391,102.8064488756548,103.55546420464155,103.3783635945859,102.81954439981685,103.09895399720138,103.3783635945859,103.3783635945859,103.3783635945859,0,0,fit,True,fit,True,diesel,1
Cabbage,2026-03-22,104.64887117274664,103.87418156770391,104.51076763741227,104.65724524886917,103.2883337726943,103.97278951078174,104.65724524886917,104.65724524886917,104.65724524886917,1,1,fit,True,fit,True,diesel,1
Cabbage,2026-03-29,105.14556625897288,104.64887117274664,104.91131112738728,104.52188901835702,104.65289486345462,104.58739194090582,104.52188901835702,104.52188901835702,104.52188901835702,1,1,fit,True,fit,True,diesel,1
Cabbage,2026-04-05,105.37391527116108,105.14556625897288,105.6980404559375,106.38783921808749,105.04793338889479,105.71788630349114,106.38783921808749,106.38783921808749,106.38783921808749,1,1,fit,True,fit,True,diesel,1
Cabbage,2026-04-12,104.95305343528705,105.37391527116108,105.50525647642644,104.90890258984972,105.30183611929226,105.105369354571,104.90890258984972,104.90890258984972,104.90890258984972,1,1,fit,True,fit,True,diesel,1
Cabbage,2026-04-19,103.87480538925163,104.95305343528705,104.2603143239404,104.48617033670041,104.56751345654445,104.52684189662243,104.48617033670041,104.48617033670041,104.48617033670041,1,1,fit,True,fit,True,diesel,1
Cabbage,2026-04-26,102.11822585491922,103.87480538925163,102.57128680046152,102.45055168138936,103.57998820981018,103.01526994559977,102.45055168138936,102.45055168138936,102.45055168138936,1,1,fit,True,fit,True,diesel,1
Cabbage,2026-05-03,99.64919277007114,102.11822585491922,100.40748154527768,100.67732372814241,101.98264343766954,101.32998358290598,100.67732372814241,100.67732372814241,100.67732372814241,1,1,fit,True,fit,True,both,1
Cabbage,2026-05-10,97.59269947579337,99.64919277007114,97.4529166351797,97.36805787785488,99.05577739054691,98.21191763420089,97.36805787785488,97.36805787785488,97.36805787785488,1,1,fit,True,fit,True,rain,1
Cabbage,2026-05-17,95.90879799889822,97.59269947579337,96.31396971965867,96.24741962329577,97.54217857515646,96.8947990992261,96.24741962329577,96.24741962329577,96.24741962329577,1,1,fit,True,fit,True,diesel,1
Cabbage,2026-05-24,94.56477806931726,95.90879799889822,95.05243431565175,94.96903888622238,95.46937610673208,95.21920749647722,94.96903888622238,94.96903888622238,94.96903888622238,1,1,fit,True,fit,True,rain,1
Cabbage,2026-05-31,93.53453171370576,94.56477806931726,94.11343836661577,94.34497098595206,93.903262058556,94.12411652225403,94.34497098595206,94.34497098595206,94.34497098595206,1,1,fit,True,fit,True,none,0
Cabbage,2026-06-07,92.79804610055814,93.53453171370576,92.77739268458733,92.64112530367639,93.2014322292621,92.92127876646924,92.64112530367639,92.64112530367639,92.64112530367639,0,0,fit,True,fit,True,diesel,1
Cabbage,2026-06-14,93.17835585079604,92.79804610055814,92.41149772065289,92.43870818306225,92.28993366998563,92.36432092652393,92.43870818306225,92.43870818306225,92.43870818306225,1,1,fit,True,fit,True,diesel,1
Cabbage,2026-06-21,94.68284859060223,93.17835585079604,94.3813929452301,94.33612570866342,92.9614841123622,93.64880491051281,94.33612570866342,94.33612570866342,94.33612570866342,1,1,fit,True,fit,True,none,0
Cabbage,2026-06-28,97.34074952377294,94.68284859060223,96.96497374378264,97.04476895334014,94.30480511783536,95.67478703558774,97.04476895334014,97.04476895334014,97.04476895334014,0,0,fit,True,fit,True,diesel,1
Cabbage,2026-07-05,101.20368913969966,97.34074952377294,100.40688473843547,100.30252920734007,97.39563388301347,98.84908154517677,100.30252920734007,100.30252920734007,100.30252920734007,1,1,fit,True,fit,True,none,0
Cabbage,2026-07-12,103.71354567486704,101.20368913969966,104.90567759446034,105.02777632912148,101.464499395704,103.24613786241274,105.02777632912148,105.02777632912148,105.02777632912148,0,0,fit,True,fit,True,none,0
Cabbage,2026-07-19,104.91907381369388,103.71354567486704,104.92179770985278,104.81823025310209,104.00731843192041,104.41277434251126,104.81823025310209,104.81823025310209,104.81823025310209,0,1,fit,True,fit,True,diesel,1
Cabbage,2026-07-26,104.84369128669296,104.91907381369388,104.75441884140893,104.82273460788782,105.58538001133716,105.2040573096125,104.82273460788782,104.82273460788782,104.82273460788782,1,1,fit,True,fit,True,none,0
Carrot,2024-11-10,126.94856070187927,132.83644983660514,124.5968254919459,124.70709742634845,130.6614870775872,127.68429225196783,124.70709742634845,124.70709742634845,124.70709742634845,0,0,fit,True,fit,True,none,0
Carrot,2024-11-17,124.56580312760244,126.94856070187927,125.16328763332594,125.12600445530424,126.1190942993486,125.62254937732642,125.12600445530424,125.12600445530424,125.12600445530424,0,0,fit,True,fit,True,none,0
Carrot,2024-11-24,125.64918653528646,124.56580312760244,125.75722523790927,125.84085040946907,123.7364497950829,124.788650102276,125.84085040946907,125.84085040946907,125.84085040946907,0,0,fit,True,fit,True,none,0
Carrot,2024-12-01,130.2164390170571,125.64918653528646,130.0828331087445,129.76501462073682,125.14028142254308,127.45264802163996,129.76501462073682,129.76501462073682,129.76501462073682,0,1,fit,True,fit,True,none,0
Carrot,2024-12-08,134.58048704912673,130.2164390170571,135.24656405526937,135.55641928644863,130.37859571814505,132.96750750229683,135.55641928644863,135.55641928644863,135.55641928644863,0,0,fit,True,fit,True,none,0
Carrot,2024-12-15,138.81274232656563,134.58048704912673,137.65864118346997,137.631859020066,134.91203934600364,136.27194918303482,137.631859020066,137.631859020066,137.631859020066,0,0,fit,True,fit,True,diesel,1
Carrot,2024-12-22,142.98245993573195,138.81274232656563,141.92526068185177,141.8895544727165,140.44440910608375,141.16698178940013,141.8895544727165,141.8895544727165,141.8895544727165,1,1,fit,True,fit,True,none,0
Carrot,2024-12-29,147.15787161932104,142.98245993573195,145.447220786696,145.38550164235363,143.94542101342208,144.66546132788784,145.38550164235363,145.38550164235363,145.38550164235363,0,0,fit,True,fit,True,none,0
Carrot,2025-01-05,151.40730229579168,147.15787161932104,150.50385573241203,150.4887487064189,147.82087673292273,149.15481271967082,150.4887487064189,150.4887487064189,150.4887487064189,0,1,fit,True,fit,True,rain,1
Carrot,2025-01-12,154.68682053010798,151.40730229579168,154.8342994380373,155.17267625788472,152.39786741696554,153.7852718374251,155.17267625788472,155.17267625788472,155.17267625788472,1,1,fit,True,fit,True,diesel,1
Carrot,2025-01-19,157.05009116610424,154.68682053010798,156.21365564192934,156.03166818558515,154.2124213806901,155.12204478313762,156.03166818558515,156.03166818558515,156.03166818558515,1,1,fit,True,fit,True,none,0
Carrot,2025-01-26,158.53578590509673,157.05009116610424,157.64375530508903,157.66322948849609,156.5446133800401,157.1039214342681,157.66322948849609,157.66322948849609,157.66322948849609,0,0,fit,True,fit,True,none,0
Carrot,2025-02-02,159.1682161155417,158.53578590509673,158.6501666806653,158.52677009189057,156.04232429621,157.28454719405028,158.52677009189057,158.52677009189057,158.52677009189057,0,0,fit,True,fit,True,none,0
Carrot,2025-02-09,156.9448258022083,159.1682161155417,159.04395648323631,159.29278201060131,156.2869004073813,157.7898412089913,159.29278201060131,159.29278201060131,159.29278201060131,0,0,fit,True,fit,True,none,0
Carrot,2025-02-16,151.82923221451472,156.9448258022083,153.10703677879553,153.0142416384759,153.87214985883367,153.44319574865477,153.0142416384759,153.0142416384759,153.0142416384759,0,0,fit,True,fit,True,none,0
Carrot,2025-02-23,143.73772563920778,151.82923221451472,145.11997953366105,145.02777297907915,148.5621881471319,146.79498056310553,145.02777297907915,145.02777297907915,145.02777297907915,0,0,fit,True,fit,True,none,0
Carrot,2025-03-02,132.53789960505517,143.73772563920778,134.77465567469858,135.2087426210789,141.37660565362734,138.29267413735312,135.2087426210789,135.2087426210789,135.2087426210789,0,0,fit,True,fit,True,diesel,1
Carrot,2025-03-09,123.8363235916816,132.53789960505517,122.10560622441076,121.41873993790666,129.8900002157882,125.65437007684744,121.41873993790666,121.41873993790666,121.41873993790666,1,1,fit,True,fit,True,rain,1
Carrot,2025-03-16,117.49060817341363,123.8363235916816,118.25988465091912,118.50982482624548,122.4109337057792,120.46037926601234,118.50982482624548,118.50982482624548,118.50982482624548,1,1,fit,True,fit,True,none,0
Carrot,2025-03-23,113.39691437067968,117.49060817341363,114.392321082489,114.31969773995556,116.24047239403284,115.28008506699419,114.31969773995556,114.31969773995556,114.31969773995556,0,0,fit,True,fit,True,none,0
Carrot,2025-03-30,111.48825446670764,113.39691437067968,112.69078953570002,112.90400637150815,111.68649292769415,112.29524964960115,112.90400637150815,112.90400637150815,112.90400637150815,0,0,fit,True,fit,True,none,0
Carrot,2025-04-06,111.73339584488714,111.48825446670764,110.28973394194487,109.98721031301731,109.75195471351856,109.86958251326794,109.98721031301731,109.98721031301731,109.98721031301731,0,1,fit,True,fit,True,none,0
Carrot,2025-04-13,111.96818372144894,111.73339584488714,112.53369587714012,112.59620021029495,110.66541078705633,111.63080549867564,112.59620021029495,112.59620021029495,112.59620021029495,0,0,fit,True,fit,True,diesel,1
Carrot,2025-04-20,112.19646007982767,111.96818372144894,112.63698977586103,112.59968786989812,110.92600556745724,111.76284671867768,112.59968786989812,112.59968786989812,112.59968786989812,1,1,fit,True,fit,True,none,0
Carrot,2025-04-27,112.42196035134232,112.19646007982767,112.24908455917233,112.3374849934675,111.25684947935618,111.79716723641184,112.3374849934675,112.3374849934675,112.3374849934675,0,1,fit,True,fit,True,none,0
Carrot,2025-05-04,112.6483745404358,112.42196035134232,111.63757552184418,112.01191218867812,111.54790949570572,111.77991084219192,112.01191218867812,112.01191218867812,112.01191218867812,0,0,fit,True,fit,True,diesel,1
Carrot,2025-05-11,111.68940193385312,112.6483745404358,113.17029068924343,112.55552476768804,112.3464304932232,112.45097763045561,112.55552476768804,112.55552476768804,112.55552476768804,1,1,fit,True,fit,True,none,0
Carrot,2025-05-18,109.52935025257744,111.68940193385312,111.0225674608455,111.16394065271193,110.646615931694,110.90527829220296,111.16394065271193,111.16394065271193,111.16394065271193,0,0,fit,True,fit,True,rain,1
Carrot,2025-05-25,106.1328731963698,109.52935025257744,107.10540848833803,107.30677403765496,108.19850298924126,107.75263851344812,107.30677403765496,107.30677403765496,107.30677403765496,1,1,fit,True,fit,True,rain,1
Carrot,2025-06-01,101.44439204976486,106.1328731963698,102.60154808454178,102.22255533472695,104.70050384498278,103.46152958985486,102.22255533472695,102.22255533472695,102.22255533472695,1,1,fit,True,fit,True,rain,1
Carrot,2025-06-08,99.88788520054196,101.44439204976486,98.01158790726508,98.4234340085979,99.99699767873214,99.21021584366503,98.4234340085979,98.4234340085979,98.4234340085979,1,1,fit,True,fit,True,none,0
Carrot,2025-06-15,101.43788253662292,99.88788520054196,101.4278849979208,101.17226859658972,99.00480436043118,100.08853647851045,101.17226859658972,101.17226859658972,101.17226859658972,0,1,fit,True,fit,True,none,0
Carrot,2025-06-22,106.11974765077991,101.43788253662292,105.68348227911025,105.81009491315605,101.47960644734208,103.64485068024906,105.81009491315605,105.81009491315605,105.81009491315605,0,0,fit,True,fit,True,none,0
Carrot,2025-06-29,114.01009288124462,106.11974765077991,113.19706073813516,112.96683189222558,107.82024170175953,110.39353679699255,112.96683189222558,112.96683189222558,112.96683189222558,0,0,fit,True,fit,True,diesel,1
Carrot,2025-07-06,125.23803296815196,114.01009288124462,122.04569932180411,122.28193731104241,117.8207575350227,120.05134742303255,122.28193731104241,122.28193731104241,122.28193731104241,1,1,fit,True,fit,True,diesel,1
Carrot,2025-07-13,133.835724869056,125.23803296815196,136.0950006035531,136.13465041114483,130.80534902344982,133.46999971729733,136.13465041114483,136.13465041114483,136.13465041114483,1,1,fit,True,fit,True,none,0
Carrot,2025-07-20,139.94385808778975,133.835724869056,139.81035717511787,139.65840166770934,134.78201583890464,137.220208753307,139.65840166770934,139.65840166770934,139.65840166770934,0,0,fit,True,fit,True,none,0
Carrot,2025-07-27,143.66238389520515,139.94385808778975,142.4881290662624,142.5558092245824,140.8502603180525,141.70303477131745,142.5558092245824,142.5558092245824,142.5558092245824,0,0,fit,True,fit,True,none,0
Carrot,2025-08-03,145.0521508954236,143.66238389520515,143.38441202002303,143.28641589027586,142.8625068476664,143.07446136897113,143.28641589027586,143.28641589027586,143.28641589027586,0,0,fit,True,fit,True,none,0
Carrot,2025-08-10,146.8153535049816,145.0521508954236,145.76870016121933,146.04558265725478,144.2383333943555,145.14195802580514,146.04558265725478,146.04558265725478,146.04558265725478,0,0,fit,True,fit,True,none,0
Carrot,2025-08-17,148.98084413021738,146.8153535049816,149.10495342386773,148.9669039059445,146.20786916431388,147.58738653512918,148.9669039059445,148.9669039059445,148.9669039059445,0,0,fit,True,fit,True,diesel,1
Carrot,2025-08-24,151.5840580722711,148.98084413021738,150.54032809921,150.61287418499265,148.53900428622896,149.5759392356108,150.61287418499265,150.61287418499265,150.61287418499265,1,1,fit,True,fit,True,none,0
Carrot,2025-08-31,154.66759337746737,151.5840580722711,153.921536192593,153.7972832445151,151.14515161127065,152.4712174278929,153.7972832445151,153.7972832445151,153.7972832445151,0,0,fit,True,fit,True,none,0
Carrot,2025-09-07,158.28190789625478,154.66759337746737,157.29276166452593,157.29777707834876,154.13500751816866,155.7163922982587,157.29777707834876,157.29777707834876,157.29777707834876,0,0,fit,True,fit,True,none,0
Carrot,2025-09-14,161.65557129492382,158.28190789625478,161.16882233918597,161.33975416458193,157.48144433901143,159.41059925179667,161.33975416458193,161.33975416458193,161.33975416458193,0,0,fit,True,fit,True,none,0
Carrot,2025-09-21,164.84378897454366,161.65557129492382,163.77355456897556,163.69960158542585,161.1529782544575,162.42628991994167,163.69960158542585,163.69960158542585,163.69960158542585,0,0,fit,True,fit,True,none,0
Carrot,2025-09-28,167.89873176987166,164.84378897454366,166.78141997028493,166.73742819559743,163.94401335026845,165.34072077293294,166.73742819559743,166.73742819559743,166.73742819559743,0,0,fit,True,fit,True,none,0
Carrot,2025-10-05,170.8703896539223,167.89873176987166,169.7226045692008,170.0525304691784,166.7972430604219,168.42488676480014,170.0525304691784,170.0525304691784,170.0525304691784,0,0,fit,True,fit,True,none,0
Carrot,2025-10-12,173.12555761281232,170.8703896539223,172.9392139759351,172.67138203338587,169.38169510531543,171.02653856935063,172.67138203338587,172.67138203338587,172.67138203338587,0,0,fit,True,fit,True,none,0
Carrot,2025-10-19,174.70113839495986,173.12555761281232,174.22933825698607,174.28477795951943,170.5274326318858,172.40610529570262,174.28477795951943,174.28477795951943,174.28477795951943,0,0,fit,True,fit,True,none,0
Carrot,2025-10-26,175.62291423134548,174.70113839495986,175.09168078139413,175.13434320730457,171.94791592944472,173.54112956837463,175.13434320730457,175.13434320730457,175.13434320730457,0,0,fit,True,fit,True,none,0
Carrot,2025-11-02,175.9059687265647,175.62291423134548,175.59902284852325,175.79677759256663,173.12852660469753,174.46265209863208,175.79677759256663,175.79677759256663,175.79677759256663,0,0,fit,True,fit,True,none,0
Carrot,2025-11-09,174.43040828656382,175.9059687265647,175.83662440905093,175.69894538899356,173.68774896948463,174.69334717923908,175.69894538899356,175.69894538899356,175.69894538899356,0,0,fit,True,fit,True,diesel,1
Carrot,2025-11-16,171.17208737687017,174.43040828656382,172.3094302184523,172.21362423488145,172.5804284090919,172.3970263219867,172.21362423488145,172.21362423488145,172.21362423488145,1,1,fit,True,fit,True,none,0
Carrot,2025-11-23,166.07768801896142,171.17208737687017,167.30457271313117,167.5263855299581,169.64877063588048,168.5875780829193,167.5263855299581,167.5263855299581,167.5263855299581,0,0,fit,True,fit,True,none,0
Carrot,2025-11-30,159.06384731425368,166.07768801896142,160.8492948196261,160.77717383345936,164.1100187703805,162.4435963019199,160.77717383345936,160.77717383345936,160.77717383345936,0,0,fit,True,fit,True,none,0
Carrot,2025-12-07,150.0157933239426,159.06384731425368,152.9554426969562,152.81410581891816,157.05169082774245,154.9328983233303,152.81410581891816,152.81410581891816,152.81410581891816,0,0,fit,True,fit,True,none,0
Carrot,2025-12-14,144.75919946064954,150.0157933239426,142.10141366418307,142.15001338273933,147.81951642079014,144.98476490176472,142.15001338273933,142.15001338273933,142.15001338273933,0,1,fit,True,fit,True,none,0
Carrot,2025-12-21,143.2080487338843,144.75919946064954,142.86645305115545,142.98653850212852,142.18909939160352,142.58781894686604,142.98653850212852,142.98653850212852,142.98653850212852,0,0,fit,True,fit,True,none,0
Carrot,2025-12-28,145.33695867720886,143.2080487338843,145.47628376753352,145.45996695794483,141.49659303110263,143.47827999452375,145.45996695794483,145.45996695794483,145.45996695794483,0,0,fit,True,fit,True,rain,1
Carrot,2026-01-04,151.1807659987867,145.33695867720886,150.9837525804014,150.36746620292692,145.48212835255904,147.92479727774298,150.36746620292692,150.36746620292692,150.36746620292692,1,1,fit,True,fit,True,rain,1
Carrot,2026-01-11,153.0372679080219,151.1807659987867,156.9439970389913,157.70952203202054,152.4571560744703,155.08333905324542,157.70952203202054,157.70952203202054,157.70952203202054,1,1,fit,True,fit,True,none,0
Carrot,2026-01-18,150.93684352706552,153.0372679080219,151.5593482941267,151.28127472020492,153.58656440632055,152.43391956326275,151.28127472020492,151.28127472020492,151.28127472020492,0,0,fit,True,fit,True,none,0
Carrot,2026-01-25,144.8451222751383,150.93684352706552,146.1532548947982,146.06285920453416,150.98577508847595,148.52431714650504,146.06285920453416,146.06285920453416,146.06285920453416,0,1,fit,True,fit,True,none,0
Carrot,2026-02-01,134.662421440845,144.8451222751383,135.93965410958106,136.03940920205264,143.19081026055852,139.61510973130558,136.03940920205264,136.03940920205264,136.03940920205264,0,0,fit,True,fit,True,none,0
Carrot,2026-02-08,127.644798157888,134.662421440845,124.82768740104278,124.6909802584553,133.2411762235217,128.9660782409885,124.6909802584553,124.6909802584553,124.6909802584553,0,0,fit,True,fit,True,none,0
Carrot,2026-02-15,123.67741859072788,127.644798157888,124.09254916530192,124.20219958391675,125.50744354553754,124.85482156472715,124.20219958391675,124.20219958391675,124.20219958391675,0,0,fit,True,fit,True,none,0
Carrot,2026-02-22,122.6953619828112,123.67741859072788,122.83840599537342,122.78568703352657,122.05134868735416,122.41851786044037,122.78568703352657,122.78568703352657,122.78568703352657,0,0,fit,True,fit,True,both,1
Carrot,2026-03-01,124.68255831691746,122.6953619828112,124.84651229263052,125.52204205140967,120.97351897858452,123.24778051499709,125.52204205140967,125.52204205140967,125.52204205140967,1,1,fit,True,fit,True,diesel,1
Carrot,2026-03-08,127.46715553608615,124.68255831691746,126.62088440616478,125.71959354983122,123.49090566131596,124.60524960557359,125.71959354983122,125.71959354983122,125.71959354983122,1,1,fit,True,fit,True,none,0
Carrot,2026-03-15,131.09471977663097,127.46715553608615,129.17478367299643,129.3459797510891,126.59263326731403,127.96930650920156,129.3459797510891,129.3459797510891,129.3459797510891,0,0,fit,True,fit,True,diesel,1
Carrot,2026-03-22,135.6246111806699,131.09471977663097,134.0942112943514,134.1956089130291,131.06287381959018,132.62924136630966,134.1956089130291,134.1956089130291,134.1956089130291,1,1,fit,True,fit,True,diesel,1
Carrot,2026-03-29,141.1309552439054,135.6246111806699,138.89204684781873,139.13092943040698,135.89847032392703,137.514699877167,139.13092943040698,139.13092943040698,139.13092943040698,1,1,fit,True,fit,True,diesel,1
Carrot,2026-04-05,147.70385577828134,141.1309552439054,145.37437602351173,144.4663295866011,140.83601268609365,142.6511711363474,144.4663295866011,144.4663295866011,144.4663295866011,1,1,fit,True,fit,True,diesel,1
Carrot,2026-04-12,156.24613099802008,147.70385577828134,152.99279864786348,153.63854734362445,148.5607705369636,151.09965894029403,153.63854734362445,153.63854734362445,153.63854734362445,1,1,fit,True,fit,True,diesel,1
Carrot,2026-04-19,166.89756358853555,156.24613099802008,163.72541833430282,163.73819997714804,157.46444564569464,160.60132281142134,163.73819997714804,163.73819997714804,163.73819997714804,1,1,fit,True,fit,True,diesel,1
Carrot,2026-04-26,179.83244971949074,166.89756358853555,176.27405294375552,176.18882969054297,169.1211673139689,172.65499850225592,176.18882969054297,176.18882969054297,176.18882969054297,1,1,fit,True,fit,True,diesel,1
Carrot,2026-05-03,195.2624511639376,179.83244971949074,191.32049805151593,191.1459800774012,181.08229307848427,186.11413657794273,191.1459800774012,191.1459800774012,191.1459800774012,1,1,fit,True,fit,True,both,1
Carrot,2026-05-10,204.69963213505585,195.2624511639376,208.7030543994489,208.75989231203795,193.6712489048739,201.21557060845592,208.75989231203795,208.75989231203795,208.75989231203795,1,1,fit,True,fit,True,rain,1
Carrot,2026-05-17,208.29841923055452,204.69963213505585,208.50938777713642,208.67158276505737,204.78696290852864,206.729272836793,208.67158276505737,208.67158276505737,208.67158276505737,1,1,fit,True,fit,True,diesel,1
Carrot,2026-05-24,206.11770169381455,208.29841923055452,206.11629329510825,205.99460042668488,207.92715736565393,206.9608788961694,205.99460042668488,205.99460042668488,205.99460042668488,1,1,fit,True,fit,True,rain,1
Carrot,2026-05-31,198.12179505605303,206.11770169381455,198.9370003481809,199.11923545435954,205.29136614446,202.20530079940977,199.11923545435954,199.11923545435954,199.11923545435954,1,1,fit,True,fit,True,none,0
Carrot,2026-06-07,184.17985720865192,198.12179505605303,190.31622935778125,190.01107635285206,196.33185827512347,193.17146731398776,190.01107635285206,190.01107635285206,190.01107635285206,0,0,fit,True,fit,True,diesel,1
Carrot,2026-06-14,172.72113575325875,184.17985720865192,170.75510418389837,171.0571006691431,183.01386208764973,177.0354813783964,171.0571006691431,171.0571006691431,171.0571006691431,1,1,fit,True,fit,True,diesel,1
Carrot,2026-06-21,163.5581243387853,172.72113575325875,164.6393740978656,164.7079677688075,173.96669473038583,169.33733124959667,164.7079677688075,164.7079677688075,164.7079677688075,1,1,fit,True,fit,True,none,0
Carrot,2026-06-28,156.5408827784492,163.5581243387853,159.48730904492527,159.2526336196649,161.78752223173726,160.52007792570106,159.2526336196649,159.2526336196649,159.2526336196649,0,0,fit,True,fit,True,diesel,1
Carrot,2026-07-05,151.5545834830814,156.5408827784492,156.02571293928779,155.8372112503924,155.82669301061168,155.83195213050203,155.8372112503924,155.8372112503924,155.8372112503924,1,1,fit,True,fit,True,none,0
Carrot,2026-07-12,147.0424923225877,151.5545834830814,148.32188587608124,148.42881938124134,148.5853554538303,148.50708741753581,148.42881938124134,148.42881938124134,148.42881938124134,0,0,fit,True,fit,True,none,0
Carrot,2026-07-19,142.9307750779783,147.0424923225877,143.1502942119107,143.12408624842058,144.91012828793498,144.01710726817777,143.12408624842058,143.12408624842058,143.12408624842058,0,1,fit,True,fit,True,diesel,1
Carrot,2026-07-26,139.1521491034323,142.9307750779783,140.98064092049233,140.7135158659193,140.06924525086038,140.39138055838984,140.7135158659193,140.7135158659193,140.7135158659193,1,1,fit,True,fit,True,none,0
Eggplant,2024-11-10,90.72140105632168,89.97864279763282,91.00912306104149,91.08558362007017,89.88175931440175,90.48367146723595,91.08558362007017,91.08558362007017,91.08558362007017,0,0,fit,True,fit,True,none,0
Eggplant,2024-11-17,91.04134643899556,90.72140105632168,91.23254077654428,91.18704311297728,90.66106806141359,90.92405558719543,91.18704311297728,91.18704311297728,91.18704311297728,0,0,fit,True,fit,True,none,0
Eggplant,2024-11-24,90.93860953560645,91.04134643899556,91.01123864014946,91.05298068261257,91.25389809238072,91.15343938749665,91.05298068261257,91.05298068261257,91.05298068261257,0,0,fit,True,fit,True,none,0
Eggplant,2024-12-01,90.41314841272442,90.93860953560645,90.38233060442748,90.34665031781908,91.01758136859709,90.6821158432081,90.34665031781908,90.34665031781908,90.34665031781908,0,1,fit,True,fit,True,none,0
Eggplant,2024-12-08,90.17216970268596,90.41314841272442,90.01998543478564,90.03506488730858,90.69907535078137,90.36707011904497,90.03506488730858,90.03506488730858,90.03506488730858,0,0,fit,True,fit,True,none,0
Eggplant,2024-12-15,90.21557504683392,90.17216970268596,90.4374616131785,90.44943872331487,90.25912775341381,90.35428323836433,90.44943872331487,90.44943872331487,90.44943872331487,0,0,fit,True,fit,True,diesel,1
Eggplant,2024-12-22,90.5433821616348,90.21557504683392,90.72453151926454,90.7093688557076,90.18202063813465,90.44569474692112,90.7093688557076,90.7093688557076,90.7093688557076,1,1,fit,True,fit,True,none,0
Eggplant,2024-12-29,91.15572484591162,90.5433821616348,91.24778457737587,91.26387181038521,90.48797938354575,90.87592559696549,91.26387181038521,91.26387181038521,91.26387181038521,0,0,fit,True,fit,True,none,0
Eggplant,2025-01-05,92.05285303545344,91.15572484591162,91.78810746463817,91.73877096687826,91.32517942049658,91.53197519368743,91.73877096687826,91.73877096687826,91.73877096687826,0,1,fit,True,fit,True,rain,1
Eggplant,2025-01-12,93.42226434399323,92.05285303545344,93.30964212178738,93.36750999008692,92.31405405950892,92.84078202479792,93.36750999008692,93.36750999008692,93.36750999008692,1,1,fit,True,fit,True,diesel,1
Eggplant,2025-01-19,95.26451771492256,93.42226434399323,95.04778894123008,95.02727526623227,94.15477556635575,94.591025416294,95.02727526623227,95.02727526623227,95.02727526623227,1,1,fit,True,fit,True,none,0
Eggplant,2025-01-26,97.58036508839253,95.26451771492256,97.28618901011497,97.2751568261188,96.04153608316673,96.65834645464277,97.2751568261188,97.2751568261188,97.2751568261188,0,0,fit,True,fit,True,none,0
Eggplant,2025-02-02,100.37075170822916,97.58036508839253,99.8246681581385,99.80897283671781,99.61738934795979,99.7131810923388,99.80897283671781,99.80897283671781,99.80897283671781,0,0,fit,True,fit,True,none,0
Eggplant,2025-02-09,102.77013190687563,100.37075170822916,103.07058069419064,103.12283122730841,101.68691560574351,102.40487341652596,103.12283122730841,103.12283122730841,103.12283122730841,0,0,fit,True,fit,True,none,0
Eggplant,2025-02-16,104.77948502318864,102.77013190687563,104.63523866896841,104.59580134901303,103.01000984609988,103.80290559755645,104.59580134901303,104.59580134901303,104.59580134901303,0,0,fit,True,fit,True,none,0
Eggplant,2025-02-23,106.39963120129728,104.77948502318864,106.12626572332755,106.13347743405147,104.69886270778184,105.41617007091665,106.13347743405147,106.13347743405147,106.13347743405147,0,0,fit,True,fit,True,none,0
Eggplant,2025-03-02,107.63123172535587,106.39963120129728,107.2813965190561,107.36832633076781,106.0078653981986,106.68809586448322,107.36832633076781,107.36832633076781,107.36832633076781,0,0,fit,True,fit,True,diesel,1
Eggplant,2025-03-09,107.58939276838149,107.63123172535587,108.73005266867192,108.6151582436137,107.00439381613423,107.80977602987397,108.6151582436137,108.6151582436137,108.6151582436137,1,1,fit,True,fit,True,rain,1
Eggplant,2025-03-16,106.27409725324868,107.58939276838149,107.00263489247561,107.05310403144952,107.25560508870925,107.15435456007938,107.05310403144952,107.05310403144952,107.05310403144952,1,1,fit,True,fit,True,none,0
Eggplant,2025-03-23,103.68480832464536,106.27409725324868,104.29458063631014,104.2519283338376,105.85403426425218,105.05298129904489,104.2519283338376,104.2519283338376,104.2519283338376,0,0,fit,True,fit,True,none,0
Eggplant,2025-03-30,99.82046912994754,103.68480832464536,100.5452381381678,100.62032266898413,103.05697460062345,101.83864863480379,100.62032266898413,100.62032266898413,100.62032266898413,0,0,fit,True,fit,True,none,0
Eggplant,2025-04-06,94.67950238785104,99.82046912994754,96.42403471718728,96.3319245642625,98.68929778423679,97.51061117424965,96.3319245642625,96.3319245642625,96.3319245642625,0,1,fit,True,fit,True,none,0
Eggplant,2025-04-13,90.48413244490064,94.67950238785104,90.05256889024194,90.05497608069024,93.05469991764383,91.55483799916703,90.05497608069024,90.05497608069024,90.05497608069024,0,0,fit,True,fit,True,diesel,1
Eggplant,2025-04-20,87.23264690520149,90.48413244490064,87.62036579732937,87.64372294275007,89.19848326448835,88.4211031036192,87.64372294275007,87.64372294275007,87.64372294275007,1,1,fit,True,fit,True,none,0
Eggplant,2025-04-27,84.92371863179808,87.23264690520149,85.48466271978887,85.44486753869192,86.33024289490562,85.88755521679877,85.44486753869192,85.44486753869192,85.44486753869192,0,1,fit,True,fit,True,none,0
Eggplant,2025-05-04,83.55640520498737,84.92371863179808,84.42572006471731,84.54486197109513,84.32942867332106,84.4371453222081,84.54486197109513,84.54486197109513,84.54486197109513,0,0,fit,True,fit,True,diesel,1
Eggplant,2025-05-11,82.58709935620205,83.55640520498737,82.44033512918756,82.25826952968636,82.94994481251224,82.6041071710993,82.25826952968636,82.25826952968636,82.25826952968636,1,1,fit,True,fit,True,none,0
Eggplant,2025-05-18,82.01540545040139,82.58709935620205,81.63112834037311,81.7064112342711,82.25015859082119,81.97828491254614,81.7064112342711,81.7064112342711,81.7064112342711,0,0,fit,True,fit,True,rain,1
Eggplant,2025-05-25,81.84109014313437,82.01540545040139,81.5951741589921,81.57891593456245,81.57924423032769,81.57908008244507,81.57891593456245,81.57891593456245,81.57891593456245,1,1,fit,True,fit,True,rain,1
Eggplant,2025-06-01,82.0640822852961,81.84109014313437,81.95087770468223,81.93262440959337,81.45221608917929,81.69242024938633,81.93262440959337,81.93262440959337,81.93262440959337,1,1,fit,True,fit,True,rain,1
Eggplant,2025-06-08,82.47191028697519,82.0640822852961,82.21916339838192,82.2763328959453,81.88931647492565,82.08282468543547,82.2763328959453,82.2763328959453,82.2763328959453,1,1,fit,True,fit,True,none,0
Eggplant,2025-06-15,83.06474060858069,82.47191028697519,82.52945221882223,82.4979397243928,82.44949006317286,82.47371489378283,82.4979397243928,82.4979397243928,82.4979397243928,0,1,fit,True,fit,True,none,0
Eggplant,2025-06-22,83.84281522167272,83.06474060858069,83.34848961908212,83.34463373285436,82.97870930577098,83.16167151931268,83.34463373285436,83.34463373285436,83.34463373285436,0,0,fit,True,fit,True,none,0
Eggplant,2025-06-29,84.80645170772557,83.84281522167272,84.40014516945708,84.38983747106508,83.86173604187913,84.12578675647211,84.38983747106508,84.38983747106508,84.38983747106508,0,0,fit,True,fit,True,diesel,1
Eggplant,2025-07-06,85.95604338775418,84.80645170772557,85.54029373474916,85.60826742291658,84.86514195764546,85.23670469028102,85.60826742291658,85.60826742291658,85.60826742291658,1,1,fit,True,fit,True,diesel,1
Eggplant,2025-07-13,88.06499315180686,85.95604338775418,86.7366133933693,86.67794253280114,85.54215588699124,86.11004920989619,86.67794253280114,86.67794253280114,86.67794253280114,1,1,fit,True,fit,True,none,0
Eggplant,2025-07-20,91.13416179570515,88.06499315180686,90.0924132692691,90.13280461010346,88.19157061853316,89.16218761431831,90.13280461010346,90.13280461010346,90.13280461010346,0,0,fit,True,fit,True,none,0
Eggplant,2025-07-27,95.16480204134524,91.13416179570515,94.1773437049633,94.15906260533313,91.31279882344563,92.73593071438938,94.15906260533313,94.15906260533313,94.15906260533313,0,0,fit,True,fit,True,none,0
Eggplant,2025-08-03,100.15855904801062,95.16480204134524,99.0646361969481,99.05313668611412,95.1980539490217,97.1255953175679,99.05313668611412,99.05313668611412,99.05313668611412,0,0,fit,True,fit,True,none,0
Eggplant,2025-08-10,102.86524904982424,100.15855904801062,104.33376664387457,104.41247425531742,100.76412811262777,102.58830118397259,104.41247425531742,104.41247425531742,104.41247425531742,0,0,fit,True,fit,True,none,0
Eggplant,2025-08-17,103.28597681821569,102.86524904982424,103.38636724587762,103.3613996190383,103.42350889460421,103.39245425682125,103.3613996190383,103.3613996190383,103.3613996190383,0,0,fit,True,fit,True,diesel,1
Eggplant,2025-08-24,101.42091407880449,103.28597681821569,101.49348801575145,101.44982331094366,103.56492607892736,102.5073746949355,101.44982331094366,101.44982331094366,101.44982331094366,1,1,fit,True,fit,True,none,0
Eggplant,2025-08-31,97.26929958149287,101.42091407880449,97.62780559855734,97.65803645057183,101.50216849401855,99.58010247229518,97.65803645057183,97.65803645057183,97.65803645057183,0,0,fit,True,fit,True,none,0
Eggplant,2025-09-07,90.8294387897517,97.26929958149287,93.35485578682801,93.35775753465848,96.62523193641994,94.9914947355392,93.35775753465848,93.35775753465848,93.35775753465848,0,0,fit,True,fit,True,none,0
Eggplant,2025-09-14,86.39054333490817,90.8294387897517,84.55113091437154,84.57836964762296,89.75756738987225,87.16796851874761,84.57836964762296,84.57836964762296,84.57836964762296,0,0,fit,True,fit,True,none,0
Eggplant,2025-09-21,83.95080142289886,86.39054333490817,83.78398282589667,83.70660058273154,85.94407682938068,84.8253387060561,83.70660058273154,83.70660058273154,83.70660058273154,0,0,fit,True,fit,True,none,0
Eggplant,2025-09-28,83.5092172406985,83.95080142289886,83.7768302905217,83.79199331615999,83.91614963680992,83.85407147648496,83.79199331615999,83.79199331615999,83.79199331615999,0,0,fit,True,fit,True,none,0
Eggplant,2025-10-05,85.06561054986555,83.5092172406985,86.04964543953247,86.11427856315521,83.43578250039356,84.77503053177438,86.11427856315521,86.11427856315521,86.11427856315521,0,0,fit,True,fit,True,none,0
Eggplant,2025-10-12,86.02975102398482,85.06561054986555,86.64906589259229,86.59713094682104,85.26997651856978,85.9335537326954,86.59713094682104,86.59713094682104,86.59713094682104,0,0,fit,True,fit,True,none,0
Eggplant,2025-10-19,86.40203218977994,86.02975102398482,85.87724499556798,85.82675708120311,85.93814377371159,85.88245042745734,85.82675708120311,85.82675708120311,85.82675708120311,0,0,fit,True,fit,True,none,0
Eggplant,2025-10-26,86.18260599874769,86.40203218977994,85.97108698389148,86.00287904114127,86.36613040860838,86.18450472487483,86.00287904114127,86.00287904114127,86.00287904114127,0,0,fit,True,fit,True,none,0
Eggplant,2025-11-02,85.37138288917718,86.18260599874769,85.63320209180392,85.70124899451372,86.24974620544229,85.97549759997801,85.70124899451372,85.70124899451372,85.70124899451372,0,0,fit,True,fit,True,none,0
Eggplant,2025-11-09,86.45486190990503,85.37138288917718,84.76067411582883,84.71466742528973,85.40066556709586,85.0576664961928,84.71466742528973,84.71466742528973,84.71466742528973,0,0,fit,True,fit,True,diesel,1
Eggplant,2025-11-16,89.43348529726673,86.45486190990503,88.34929859300443,88.36638944957618,86.58864475862082,87.4775171040985,88.36638944957618,88.36638944957618,88.36638944957618,1,1,fit,True,fit,True,none,0
Eggplant,2025-11-23,94.30846881590962,89.43348529726673,93.29171423514688,93.25297956403548,89.58376289695907,91.41837123049729,93.25297956403548,93.25297956403548,93.25297956403548,0,0,fit,True,fit,True,none,0
Eggplant,2025-11-30,101.08180225502512,94.30846881590962,100.10891249871726,100.14881021626171,95.83409821711659,97.99145421668915,100.14881021626171,100.14881021626171,100.14881021626171,0,0,fit,True,fit,True,none,0
Eggplant,2025-12-07,109.75625024050711,101.08180225502512,107.22358723080455,107.17412507540017,102.92452848564646,105.04932678052332,107.17412507540017,107.17412507540017,107.17412507540017,0,0,fit,True,fit,True,none,0
Eggplant,2025-12-14,115.85438977135736,109.75625024050711,117.6468067727328,117.70163710921882,112.4844020387554,115.0930195739871,117.70163710921882,117.70163710921882,117.70163710921882,0,1,fit,True,fit,True,none,0
Eggplant,2025-12-21,119.37870988411964,115.85438977135736,119.33859973959827,119.32489426966237,117.61730574025232,118.47110000495735,119.32489426966237,119.32489426966237,119.32489426966237,0,0,fit,True,fit,True,none,0
Eggplant,2025-12-28,120.3306490767988,119.37870988411964,120.11631838432916,120.13726200540708,121.7914665655619,120.96436428548449,120.13726200540708,120.13726200540708,120.13726200540708,0,0,fit,True,fit,True,rain,1
Eggplant,2026-01-04,118.71059589600428,120.3306490767988,118.21649756313768,118.13839976123556,120.89066511283244,119.514532437034,118.13839976123556,118.13839976123556,118.13839976123556,1,1,fit,True,fit,True,rain,1
Eggplant,2026-01-11,116.246873508034,118.71059589600428,116.9098188803672,117.02566997637071,118.50530584668978,117.76548791153024,117.02566997637071,117.02566997637071,117.02566997637071,1,1,fit,True,fit,True,none,0
Eggplant,2026-01-18,112.93847631191312,116.246873508034,114.57010964316999,114.52074162765823,116.11691969150091,115.31883065957956,114.52074162765823,114.52074162765823,114.52074162765823,0,0,fit,True,fit,True,none,0
Eggplant,2026-01-25,108.78405394143952,112.93847631191312,110.21835971606791,110.24096876469618,112.86916774784623,111.5550682562712,110.24096876469618,110.24096876469618,110.24096876469618,0,1,fit,True,fit,True,none,0
Eggplant,2026-02-01,103.78191071401255,108.78405394143952,105.02833810211719,104.9956791826006,108.66232356167926,106.82900137213993,104.9956791826006,104.9956791826006,104.9956791826006,0,0,fit,True,fit,True,none,0
Eggplant,2026-02-08,100.46889644022262,103.78191071401255,99.3397831402134,99.31393687627242,103.47718643794673,101.39556165710957,99.31393687627242,99.31393687627242,99.31393687627242,0,0,fit,True,fit,True,none,0
Eggplant,2026-02-15,98.8436588693457,100.46889644022262,99.3037836967477,99.31288628368814,99.07105963583267,99.1919729597604,99.31288628368814,99.31288628368814,99.31288628368814,0,0,fit,True,fit,True,none,0
Eggplant,2026-02-22,98.9055346391078,98.8436588693457,99.44485348474365,99.46319938861451,97.8322127509909,98.64770606980271,99.46319938861451,99.46319938861451,99.46319938861451,0,0,fit,True,fit,True,both,1
Eggplant,2026-03-01,100.6545490049254,98.9055346391078,100.79453963578732,100.87290573132593,98.33407033895216,99.60348803513904,100.87290573132593,100.87290573132593,100.87290573132593,1,1,fit,True,fit,True,diesel,1
Eggplant,2026-03-08,101.19790017746132,100.6545490049254,102.42054235783831,102.27419383062448,100.8830963097941,101.57864507020929,102.27419383062448,102.27419383062448,102.27419383062448,1,1,fit,True,fit,True,none,0
Eggplant,2026-03-15,100.53580993270477,101.19790017746132,100.76036511076964,100.7772495024389,101.63387188456696,101.20556069350293,100.7772495024389,100.7772495024389,100.7772495024389,0,0,fit,True,fit,True,diesel,1
Eggplant,2026-03-22,98.66800802973924,100.53580993270477,98.98974546012508,99.07386067080068,100.6056656227072,99.83976314675394,99.07386067080068,99.07386067080068,99.07386067080068,1,1,fit,True,fit,True,diesel,1
Eggplant,2026-03-29,95.5937321004412,98.66800802973924,95.92751066152987,95.9810956483088,98.85408088592706,97.41758826711794,95.9810956483088,95.9810956483088,95.9810956483088,1,1,fit,True,fit,True,diesel,1
Eggplant,2026-04-05,91.31172733830888,95.5937321004412,92.78183795187778,92.59925034941203,95.20665688486312,93.90295361713757,92.59925034941203,92.59925034941203,92.59925034941203,1,1,fit,True,fit,True,diesel,1
Eggplant,2026-04-12,89.40652642768238,91.31172733830888,87.19200283850712,87.35195087036917,91.2101063885041,89.28102862943663,87.35195087036917,87.35195087036917,87.35195087036917,1,1,fit,True,fit,True,diesel,1
Eggplant,2026-04-19,89.87735173553689,89.40652642768238,89.07778255616631,89.06988723880167,88.89326957982395,88.98157840931282,89.06988723880167,89.06988723880167,89.06988723880167,1,1,fit,True,fit,True,diesel,1
Eggplant,2026-04-26,92.72439543546749,89.87735173553689,92.11740200943919,92.15643749100406,89.7972099825786,90.97682373679132,92.15643749100406,92.15643749100406,92.15643749100406,1,1,fit,True,fit,True,diesel,1
Eggplant,2026-05-03,97.94881958612724,92.72439543546749,97.54388913966918,97.41942745645532,92.73710356482876,95.07826551064204,97.41942745645532,97.41942745645532,97.41942745645532,1,1,fit,True,fit,True,both,1
Eggplant,2026-05-10,101.28053837338098,97.94881958612724,102.5822781943708,102.59217908145563,98.82251931080147,100.70734919612855,102.59217908145563,102.59217908145563,102.59217908145563,1,1,fit,True,fit,True,rain,1
Eggplant,2026-05-17,102.7209116824483,101.28053837338098,102.12510526980144,102.15038714382706,101.44576928833135,101.7980782160792,102.15038714382706,102.15038714382706,102.15038714382706,1,1,fit,True,fit,True,diesel,1
Eggplant,2026-05-24,102.27052742080215,102.7209116824483,101.7958313286749,101.81688278819239,102.88102884670249,102.34895581744743,101.81688278819239,101.81688278819239,101.81688278819239,1,1,fit,True,fit,True,rain,1
Eggplant,2026-05-31,99.92920175813168,102.27052742080215,99.91538341452633,99.93595962361866,102.11435729102615,101.0251584573224,99.93595962361866,99.93595962361866,99.93595962361866,1,1,fit,True,fit,True,none,0
Eggplant,2026-06-07,95.69597905130928,99.92920175813168,97.57111278151915,97.47541404953681,99.1886973144862,98.33205568201151,97.47541404953681,97.47541404953681,97.47541404953681,0,0,fit,True,fit,True,diesel,1
Eggplant,2026-06-14,92.4929100821791,95.69597905130928,91.12287379928443,91.22969463706116,94.27364819498604,92.7516714160236,91.22969463706116,91.22969463706116,91.22969463706116,1,1,fit,True,fit,True,diesel,1
Eggplant,2026-06-21,90.3186874756516,92.4929100821791,90.0639606428381,90.04748663507549,91.16214006646254,90.604813350769,90.04748663507549,90.04748663507549,90.04748663507549,1,1,fit,True,fit,True,none,0
Eggplant,2026-06-28,89.17242379392825,90.3186874756516,89.40515084860758,89.41246369388172,89.40894500109563,89.41070434748868,89.41246369388172,89.41246369388172,89.41246369388172,0,0,fit,True,fit,True,diesel,1
Eggplant,2026-07-05,89.05365117428185,89.17242379392825,90.02925768504147,89.97142618374713,89.26270078773938,89.61706348574324,89.97142618374713,89.97142618374713,89.97142618374713,1,1,fit,True,fit,True,none,0
Eggplant,2026-07-12,88.85272601472872,89.05365117428185,88.91358562438019,88.94622192923482,89.29844227967145,89.12233210445314,88.94622192923482,88.94622192923482,88.94622192923482,0,0,fit,True,fit,True,none,0
Eggplant,2026-07-19,88.5695663049997,88.85272601472872,88.07948910441212,88.0465688493256,88.7050306968643,88.37579977309494,88.0465688493256,88.0465688493256,88.0465688493256,0,1,fit,True,fit,True,diesel,1
Eggplant,2026-07-26,88.20405646970298,88.5695663049997,88.07522686412445,88.10998929012877,88.61977459790121,88.364881944015,88.10998929012877,88.10998929012877,88.10998929012877,1,1,fit,True,fit,True,none,0
Native garlic,2024-11-10,185.2752211300312,183.3272423519336,183.7932397420759,183.82778552184988,183.2596753312789,183.5437304265644,183.82778552184988,183.82778552184988,183.82778552184988,0,0,fit,True,fit,True,none,0
Native garlic,2024-11-17,188.46512855038304,185.2752211300312,187.7698579703249,187.86452585318267,185.91221930660592,186.88837257989428,187.86452585318267,187.86452585318267,187.86452585318267,0,0,fit,True,fit,True,none,0
Native garlic,2024-11-24,192.9324080287708,188.46512855038304,191.40836564283669,191.41959706258044,188.71322114214558,190.06640910236302,191.41959706258044,191.41959706258044,191.41959706258044,0,0,fit,True,fit,True,none,0
Native garlic,2024-12-01,198.7266960038433,192.9324080287708,197.18903737301707,196.96392910274227,192.95983549535703,194.96188229904965,196.96392910274227,196.96392910274227,196.96392910274227,0,1,fit,True,fit,True,none,0
Native garlic,2024-12-08,203.46846096353016,198.7266960038433,203.7060977307397,203.99609407226913,198.49050966339206,201.2433018678306,203.99609407226913,203.99609407226913,203.99609407226913,0,0,fit,True,fit,True,none,0
Native garlic,2024-12-15,207.21038918516132,203.46846096353016,206.38880060805425,206.38503208211483,203.1778146489092,204.781423365512,206.38503208211483,206.38503208211483,206.38503208211483,0,0,fit,True,fit,True,diesel,1
Native garlic,2024-12-22,209.99405764897705,207.21038918516132,208.90202140097927,208.9097016086149,207.532908904762,208.22130525668845,208.9097016086149,208.9097016086149,208.9097016086149,1,1,fit,True,fit,True,none,0
Native garlic,2024-12-29,211.85039600457537,209.99405764897705,210.82589175877501,210.72293190500483,210.47755765279175,210.6002447788983,210.72293190500483,210.72293190500483,210.72293190500483,0,0,fit,True,fit,True,none,0
Native garlic,2025-01-05,212.8000302336851,211.85039600457537,213.08809794066025,212.98142272769033,212.32780959929812,212.6546161634942,212.98142272769033,212.98142272769033,212.98142272769033,0,1,fit,True,fit,True,rain,1
Native garlic,2025-01-12,212.39562797281067,212.8000302336851,213.27539789578643,213.62140334254207,213.4060176036993,213.51371047312068,213.62140334254207,213.62140334254207,213.62140334254207,1,1,fit,True,fit,True,diesel,1
Native garlic,2025-01-19,210.632695863498,212.39562797281067,210.98264204644252,210.8653350659124,212.49013867708962,211.677736871501,210.8653350659124,210.8653350659124,210.8653350659124,1,1,fit,True,fit,True,none,0
Native garlic,2025-01-26,207.49164577119905,210.632695863498,208.32871892076983,208.25549709548844,210.85577912117316,209.5556381083308,208.25549709548844,208.25549709548844,208.25549709548844,0,0,fit,True,fit,True,none,0
Native garlic,2025-02-02,202.9375771393328,207.49164577119905,204.46675658721074,204.21809302783603,208.1369965850647,206.17754480645038,204.21809302783603,204.21809302783603,204.21809302783603,0,0,fit,True,fit,True,none,0
Native garlic,2025-02-09,198.6326116692181,202.9375771393328,198.9411639403229,199.25261101576226,202.45832343001655,200.8554672228894,199.25261101576226,199.25261101576226,199.25261101576226,0,0,fit,True,fit,True,none,0
Native garlic,2025-02-16,194.52891641118703,198.6326116692181,195.44080705860256,195.4084497866214,197.3768414627667,196.39264562469404,195.4084497866214,195.4084497866214,195.4084497866214,0,0,fit,True,fit,True,none,0
Native garlic,2025-02-23,190.5808947512615,194.52891641118703,191.8595014370458,191.72263518464692,193.35707669713673,192.5398559408918,191.72263518464692,191.72263518464692,191.72263518464692,0,0,fit,True,fit,True,none,0
Native garlic,2025-03-02,186.7446797821089,190.5808947512615,188.28128078602745,188.64190036129696,189.6815787980068,189.16173957965188,188.64190036129696,188.64190036129696,188.64190036129696,0,0,fit,True,fit,True,diesel,1
Native garlic,2025-03-09,184.26168238420536,186.7446797821089,183.59999605279734,183.12058675640014,185.81162271233046,184.4661047343653,183.12058675640014,183.12058675640014,183.12058675640014,1,1,fit,True,fit,True,rain,1
Native garlic,2025-03-16,183.10431369757407,184.26168238420536,182.87738350419792,183.0131381312186,183.60897361536075,183.31105587328966,183.0131381312186,183.0131381312186,183.0131381312186,1,1,fit,True,fit,True,none,0
Native garlic,2025-03-23,183.2597140701414,183.10431369757407,183.35867850083514,183.37817884414156,182.24842360234015,182.81330122324084,183.37817884414156,183.37817884414156,183.37817884414156,0,0,fit,True,fit,True,none,0
Native garlic,2025-03-30,184.72961017271365,183.2597140701414,184.48035141239058,184.69980094264832,182.2310959728361,183.4654484577422,184.69980094264832,184.69980094264832,184.69980094264832,0,0,fit,True,fit,True,none,0
Native garlic,2025-04-06,187.53033418420824,184.72961017271365,185.9553630815675,185.64419602037864,184.26427799245204,184.95423700641533,185.64419602037864,185.64419602037864,185.64419602037864,0,1,fit,True,fit,True,none,0
Native garlic,2025-04-13,190.58917201353137,187.53033418420824,189.98514075900982,190.08160037143946,187.1925625002769,188.6370814358582,190.08160037143946,190.08160037143946,190.08160037143946,0,0,fit,True,fit,True,diesel,1
Native garlic,2025-04-20,193.94011074767533,190.58917201353137,193.08739118878543,193.12112853177084,190.52474215669457,191.8229353442327,193.12112853177084,193.12112853177084,193.12112853177084,1,1,fit,True,fit,True,none,0
Native garlic,2025-04-27,197.62038303924183,193.94011074767533,196.2384404446467,196.34208220120132,193.60855779514733,194.9753199981743,196.34208220120132,196.34208220120132,196.34208220120132,0,1,fit,True,fit,True,none,0
Native garlic,2025-05-04,201.6708808025816,197.62038303924183,199.79189423998994,199.98773382139396,197.70280011010746,198.8452669657507,199.98773382139396,199.98773382139396,199.98773382139396,0,0,fit,True,fit,True,diesel,1
Native garlic,2025-05-11,204.2420552183961,201.6708808025816,204.88803489161924,204.42507212596712,202.07289860458164,203.2489853652744,204.42507212596712,204.42507212596712,204.42507212596712,1,1,fit,True,fit,True,none,0
Native garlic,2025-05-18,205.36247489130545,204.2420552183961,205.4068666890877,205.61207717348634,204.4725750048732,205.04232608917977,205.61207717348634,205.61207717348634,205.61207717348634,0,0,fit,True,fit,True,rain,1
Native garlic,2025-05-25,205.0445889287864,205.36247489130545,204.71672064963502,204.79399079329892,205.51560017740775,205.15479548535333,204.79399079329892,204.79399079329892,204.79399079329892,1,1,fit,True,fit,True,rain,1
Native garlic,2025-06-01,203.28486526458877,205.0445889287864,203.2177038855767,202.91176537041935,205.23189108606923,204.07182822824427,202.91176537041935,202.91176537041935,202.91176537041935,1,1,fit,True,fit,True,rain,1
Native garlic,2025-06-08,201.47412534672847,203.28486526458877,201.66401448890284,202.0487483717231,203.32614069878477,202.68744453525392,202.0487483717231,202.0487483717231,202.0487483717231,1,1,fit,True,fit,True,none,0
Native garlic,2025-06-15,199.5922498427848,201.47412534672847,200.4201679035294,200.2659913666702,201.79872067887416,201.03235602277218,200.2659913666702,200.2659913666702,200.2659913666702,0,1,fit,True,fit,True,none,0
Native garlic,2025-06-22,197.61832902493612,199.5922498427848,198.2451096226538,198.27802729447225,199.45423984756272,198.86613357101749,198.27802729447225,198.27802729447225,198.27802729447225,0,0,fit,True,fit,True,none,0
Native garlic,2025-06-29,195.53043043965084,197.61832902493612,196.52114982443067,196.2274867897727,197.49944887968437,196.86346783472854,196.2274867897727,196.2274867897727,196.2274867897727,0,0,fit,True,fit,True,diesel,1
Native garlic,2025-07-06,193.3053552137591,195.53043043965084,194.0928436536747,194.39396732992037,195.25740445011837,194.82568589001937,194.39396732992037,194.39396732992037,194.39396732992037,1,1,fit,True,fit,True,diesel,1
Native garlic,2025-07-13,192.52790334968515,193.3053552137591,191.75120074355263,191.685886745926,193.0427424536921,192.36431459980906,191.685886745926,191.685886745926,191.685886745926,1,1,fit,True,fit,True,none,0
Native garlic,2025-07-20,193.18943649338377,192.52790334968515,192.98839008291617,192.91608169916657,192.28823493568845,192.6021583174275,192.91608169916657,192.91608169916657,192.91608169916657,0,0,fit,True,fit,True,none,0
Native garlic,2025-07-27,195.29730501311812,193.18943649338377,195.10154146975958,195.05757662687435,193.12828561471594,194.09293112079513,195.05757662687435,195.05757662687435,195.05757662687435,0,0,fit,True,fit,True,none,0
Native garlic,2025-08-03,198.8749296702187,195.29730501311812,198.29354104750496,198.19101328798993,195.02413203853163,196.60757266326078,198.19101328798993,198.19101328798993,198.19101328798993,0,0,fit,True,fit,True,none,0
Native garlic,2025-08-10,201.09840655190055,198.8749296702187,202.12878277024947,202.41160715303704,199.08497795832562,200.74829255568133,202.41160715303704,202.41160715303704,202.41160715303704,0,0,fit,True,fit,True,none,0
Native garlic,2025-08-17,201.99244095684895,201.09840655190055,201.93753242428087,201.76841673194923,201.79799336058204,201.78320504626564,201.76841673194923,201.76841673194923,201.76841673194923,0,0,fit,True,fit,True,diesel,1
Native garlic,2025-08-24,201.56696660067445,201.99244095684895,201.51471380354272,201.5150267003745,202.0356844321073,201.7753555662409,201.5150267003745,201.5150267003745,201.5150267003745,1,1,fit,True,fit,True,none,0
Native garlic,2025-08-31,199.81725599053067,201.56696660067445,199.70583772740434,199.61016606347323,201.3099704458893,200.46006825468126,199.61016606347323,199.61016606347323,199.61016606347323,0,0,fit,True,fit,True,none,0
Native garlic,2025-09-07,196.72386789741608,199.81725599053067,198.1051035836247,198.21848838850005,199.1212752628581,198.66988182567906,198.21848838850005,198.21848838850005,198.21848838850005,0,0,fit,True,fit,True,none,0
Native garlic,2025-09-14,194.408989506311,196.72386789741608,193.79479042039964,193.7456860204728,196.24703681888673,194.99636141967977,193.7456860204728,193.7456860204728,193.7456860204728,0,0,fit,True,fit,True,none,0
Native garlic,2025-09-21,192.84689994620328,194.408989506311,192.80058220054414,192.7891086491807,194.39340992505032,193.59125928711552,192.7891086491807,192.7891086491807,192.7891086491807,0,0,fit,True,fit,True,none,0
Native garlic,2025-09-28,192.020242666425,192.84689994620328,192.3981490487544,192.3829733763185,192.92119664417748,192.652085010248,192.3829733763185,192.3829733763185,192.3829733763185,0,0,fit,True,fit,True,none,0
Native garlic,2025-10-05,191.9198325860897,192.020242666425,192.66912111792297,192.91047172768566,192.6851857654469,192.79782874656627,192.91047172768566,192.91047172768566,192.91047172768566,0,0,fit,True,fit,True,none,0
Native garlic,2025-10-12,192.50769759645817,191.9198325860897,191.91833924954014,191.61073205402545,192.2200965273777,191.91541429070156,191.61073205402545,191.61073205402545,191.61073205402545,0,0,fit,True,fit,True,none,0
Native garlic,2025-10-19,193.7903695309789,192.50769759645817,193.0488846948374,193.13664725179075,193.00258885255215,193.06961805217145,193.13664725179075,193.13664725179075,193.13664725179075,0,0,fit,True,fit,True,none,0
Native garlic,2025-10-26,195.78210030003544,193.7903695309789,195.4240347859476,195.45454894272459,194.32443948632786,194.88949421452622,195.45454894272459,195.45454894272459,195.45454894272459,0,0,fit,True,fit,True,none,0
Native garlic,2025-11-02,198.50502024550624,195.78210030003544,197.92730447503826,198.08322380885204,196.63749585553165,197.36035983219185,198.08322380885204,198.08322380885204,198.08322380885204,0,0,fit,True,fit,True,none,0
Native garlic,2025-11-09,200.18711078403396,198.50502024550624,200.78140724143165,200.65471699734087,199.27611635585018,199.9654166765955,200.65471699734087,200.65471699734087,200.65471699734087,0,0,fit,True,fit,True,diesel,1
Native garlic,2025-11-16,200.84706181049123,200.18711078403396,200.7795278234733,200.7430154299661,200.7268800759117,200.73494775293892,200.7430154299661,200.7430154299661,200.7430154299661,1,1,fit,True,fit,True,none,0
Native garlic,2025-11-23,200.49220611406088,200.84706181049123,200.56318378325827,200.6370509589817,201.0823115831591,200.8596812710704,200.6370509589817,200.6370509589817,200.6370509589817,0,0,fit,True,fit,True,none,0
Native garlic,2025-11-30,199.1186008536714,200.49220611406088,199.25472856101823,199.31465312284598,201.0728468473029,200.19374998507445,199.31465312284598,199.31465312284598,199.31465312284598,0,0,fit,True,fit,True,none,0
Native garlic,2025-12-07,196.71098374865187,199.1186008536714,197.85769542273397,197.77260632758973,199.16262090667067,198.4676136171302,197.77260632758973,197.77260632758973,197.77260632758973,0,0,fit,True,fit,True,none,0
Native garlic,2025-12-14,195.5684989524499,196.71098374865187,194.55468882652255,194.5745663414965,196.5240680529846,195.54931719724055,194.5745663414965,194.5745663414965,194.5745663414965,0,1,fit,True,fit,True,none,0
Native garlic,2025-12-21,195.67845218955216,195.5684989524499,195.38356745911742,195.42406608908183,195.68224891847524,195.55315750377855,195.42406608908183,195.42406608908183,195.42406608908183,0,0,fit,True,fit,True,none,0
Native garlic,2025-12-28,197.04206516259313,195.67845218955216,197.02584980534832,197.026902987491,195.73713322682914,196.3820181071601,197.026902987491,197.026902987491,197.026902987491,0,0,fit,True,fit,True,rain,1
Native garlic,2026-01-04,199.6744891268288,197.04206516259313,199.73428722695252,199.31350257130663,197.12153169923425,198.21751713527044,199.31350257130663,199.31350257130663,199.31350257130663,1,1,fit,True,fit,True,rain,1
Native garlic,2026-01-11,199.3308829004669,199.6744891268288,202.0079523394716,202.55036233040516,200.35839961591114,201.45438097315815,202.55036233040516,202.55036233040516,202.55036233040516,1,1,fit,True,fit,True,none,0
Native garlic,2026-01-18,196.0074286365478,199.3308829004669,197.2013264117124,197.11106844702442,199.65819715808865,198.38463280255655,197.11106844702442,197.11106844702442,197.11106844702442,0,0,fit,True,fit,True,none,0
Native garlic,2026-01-25,189.6671990654725,196.0074286365478,191.2353254956771,191.11430420117978,196.11875504046367,193.61652962082172,191.11430420117978,191.11430420117978,191.11430420117978,0,1,fit,True,fit,True,none,0
Native garlic,2026-02-01,180.2397471920067,189.6671990654725,182.17874954337304,182.21257292297352,189.94552289464653,186.07904790881003,182.21257292297352,182.21257292297352,182.21257292297352,0,0,fit,True,fit,True,none,0
Native garlic,2026-02-08,175.26362821026407,180.2397471920067,172.06052978906877,171.95348149571402,179.5508735433632,175.7521775195386,171.95348149571402,171.95348149571402,171.95348149571402,0,0,fit,True,fit,True,none,0
Native garlic,2026-02-15,174.68355190933636,175.26362821026407,174.27726778828708,174.44523087707077,174.9531556622561,174.69919326966345,174.44523087707077,174.44523087707077,174.44523087707077,0,0,fit,True,fit,True,none,0
Native garlic,2026-02-22,178.49307299699095,174.68355190933636,178.00008522028986,177.91757808790382,174.20333337963513,176.06045573376946,177.91757808790382,177.91757808790382,177.91757808790382,0,0,fit,True,fit,True,both,1
Native garlic,2026-03-01,186.73451948531303,178.49307299699095,185.84302538968157,186.33726331517786,178.7647864028385,182.55102485900818,186.33726331517786,186.33726331517786,186.33726331517786,1,1,fit,True,fit,True,diesel,1
Native garlic,2026-03-08,192.5485177134024,186.73451948531303,194.05250488559474,193.4566814640592,187.07131657369766,190.26399901887842,193.4566814640592,193.4566814640592,193.4566814640592,1,1,fit,True,fit,True,none,0
Native garlic,2026-03-15,195.9996676615711,192.5485177134024,194.84742637814597,194.98869158979105,192.3168562446581,193.65277391722458,194.98869158979105,194.98869158979105,194.98869158979105,0,0,fit,True,fit,True,diesel,1
Native garlic,2026-03-22,197.12631544035435,195.9996676615711,196.27067179744725,196.27862471528778,196.56972600736577,196.42417536132677,196.27862471528778,196.27862471528778,196.27862471528778,1,1,fit,True,fit,True,diesel,1
Native garlic,2026-03-29,195.9409793584053,197.12631544035435,194.7180623039761,195.06959824419033,197.82937588852405,196.4494870663572,195.06959824419033,195.06959824419033,195.06959824419033,1,1,fit,True,fit,True,diesel,1
Native garlic,2026-04-05,192.43048901481345,195.9409793584053,194.24503171701062,193.30767263036242,196.4265710680191,194.86712184919077,193.30767263036242,193.30767263036242,193.30767263036242,1,1,fit,True,fit,True,diesel,1
Native garlic,2026-04-12,189.86731619282375,192.43048901481345,188.57644031377797,189.2557283924221,192.55538277698471,190.9055555847034,189.2557283924221,189.2557283924221,189.2557283924221,1,1,fit,True,fit,True,diesel,1
Native garlic,2026-04-19,188.22298119441416,189.86731619282375,187.7389890112114,187.66137428189774,189.6512206558765,188.65629746888712,187.66137428189774,187.66137428189774,187.66137428189774,1,1,fit,True,fit,True,diesel,1
Native garlic,2026-04-26,187.47921363071345,188.22298119441416,187.76288201669715,187.83279839143336,188.13039552644636,187.98159695893986,187.83279839143336,187.83279839143336,187.83279839143336,1,1,fit,True,fit,True,diesel,1
Native garlic,2026-05-03,187.62774941768043,187.47921363071345,188.77572913295074,188.45636934511194,188.10611686662577,188.28124310586884,188.45636934511194,188.45636934511194,188.45636934511194,1,1,fit,True,fit,True,both,1
Native garlic,2026-05-10,187.9591927619491,187.62774941768043,187.7103664523396,187.72837136289715,187.5927441238939,187.66055774339554,187.72837136289715,187.72837136289715,187.72837136289715,1,1,fit,True,fit,True,rain,1
Native garlic,2026-05-17,188.4772263673447,187.9591927619491,187.79472874835528,188.0418350710854,188.24207154827457,188.14195330968,188.0418350710854,188.0418350710854,188.0418350710854,1,1,fit,True,fit,True,diesel,1
Native garlic,2026-05-24,189.187606162816,188.4772263673447,189.24074930123862,189.1947124456799,188.80188195978627,188.99829720273308,189.1947124456799,189.1947124456799,189.1947124456799,1,1,fit,True,fit,True,rain,1
Native garlic,2026-05-31,190.09822525720165,189.187606162816,190.0908961306588,190.00070573068248,189.53990770080657,189.77030671574454,190.00070573068248,190.00070573068248,190.00070573068248,1,1,fit,True,fit,True,none,0
Native garlic,2026-06-07,191.21920164043917,190.09822525720165,190.79293199222664,190.73664410932966,190.38017400245235,190.558409055891,190.73664410932966,190.73664410932966,190.73664410932966,0,0,fit,True,fit,True,diesel,1
Native garlic,2026-06-14,192.3058989977467,191.21920164043917,192.10499270353415,192.28238348520594,191.627890811515,191.95513714836045,192.28238348520594,192.28238348520594,192.28238348520594,1,1,fit,True,fit,True,diesel,1
Native garlic,2026-06-21,193.3703917442056,192.3058989977467,193.32192612534476,193.24467491758398,192.97928205486417,193.11197848622407,193.24467491758398,193.24467491758398,193.24467491758398,1,1,fit,True,fit,True,none,0
Native garlic,2026-06-28,194.42450757699865,193.3703917442056,194.27729034787995,194.2831298359111,193.96352012736523,194.12332498163818,194.2831298359111,194.2831298359111,194.2831298359111,0,0,fit,True,fit,True,diesel,1
Native garlic,2026-07-05,195.4799588942679,194.42450757699865,195.1314479277065,195.19244379154077,195.25109549241918,195.22176964197996,195.19244379154077,195.19244379154077,195.19244379154077,1,1,fit,True,fit,True,none,0
Native garlic,2026-07-12,195.18132316445804,195.4799588942679,196.36679553375257,196.2871342339075,196.06227910758577,196.17470667074662,196.2871342339075,196.2871342339075,196.2871342339075,0,0,fit,True,fit,True,none,0
Native garlic,2026-07-19,193.52528221279331,195.18132316445804,194.38023627500434,194.40911431622146,195.85658871507144,195.13285151564645,194.40911431622146,194.40911431622146,194.40911431622146,0,1,fit,True,fit,True,diesel,1
Native garlic,2026-07-26,190.49343558425525,193.52528221279331,191.30275050240465,191.28882554718047,193.93446815878102,192.61164685298075,191.28882554718047,191.28882554718047,191.28882554718047,1,1,fit,True,fit,True,none,0
Patola,2024-11-10,74.61559579419077,76.78579237283334,74.03679239300234,73.92263275177682,76.7380837497221,75.33035825074946,73.92263275177682,73.92263275177682,73.92263275177682,0,0,fit,True,fit,True,none,0
Patola,2024-11-17,73.41518022256491,74.61559579419077,73.52225438614104,73.65550277951664,74.50582445310533,74.08066361631099,73.65550277951664,73.65550277951664,73.65550277951664,0,0,fit,True,fit,True,none,0
Patola,2024-11-24,73.18343187031195,73.41518022256491,73.27070757119253,73.19312813946063,73.27266337113974,73.23289575530018,73.19312813946063,73.19312813946063,73.19312813946063,0,0,fit,True,fit,True,none,0
Patola,2024-12-01,73.92013571318756,73.18343187031195,73.97672460101856,73.94726478116276,73.03727526125357,73.49227002120816,73.94726478116276,73.94726478116276,73.94726478116276,0,1,fit,True,fit,True,none,0
Patola,2024-12-08,74.76533509560899,73.92013571318756,74.78630864974787,74.8616238468525,73.77351932880055,74.31757158782652,74.8616238468525,74.8616238468525,74.8616238468525,0,0,fit,True,fit,True,none,0
Patola,2024-12-15,75.71981422318879,74.76533509560899,75.19818612595972,75.15058835788565,74.55656230219678,74.85357533004122,75.15058835788565,75.15058835788565,75.15058835788565,0,0,fit,True,fit,True,diesel,1
Patola,2024-12-22,76.78445869511754,75.71981422318879,76.43477539036536,76.46158694780841,75.62226283266011,76.04192489023427,76.46158694780841,76.46158694780841,76.46158694780841,1,1,fit,True,fit,True,none,0
Patola,2024-12-29,77.96025632585366,76.78445869511754,77.39001200318702,77.38466767584774,76.7266502549389,77.05565896539332,77.38466767584774,77.38466767584774,77.38466767584774,0,0,fit,True,fit,True,none,0
Patola,2025-01-05,79.24829806165259,77.96025632585366,78.75201841912231,78.67662447378099,77.68028502429803,78.1784547490395,78.67662447378099,78.67662447378099,78.67662447378099,0,1,fit,True,fit,True,rain,1
Patola,2025-01-12,80.49562054658657,79.24829806165259,80.22291496189621,80.28566674240662,79.08578113989394,79.68572394115029,80.28566674240662,80.28566674240662,80.28566674240662,1,1,fit,True,fit,True,diesel,1
Patola,2025-01-19,81.70338109017776,80.49562054658657,81.37974605108616,81.42577233157837,80.39022373194223,80.9079980317603,81.42577233157837,81.42577233157837,81.42577233157837,1,1,fit,True,fit,True,none,0
Patola,2025-01-26,82.87270029499234,81.70338109017776,82.49538023715459,82.47586426096096,81.63962790252135,82.05774608174116,82.47586426096096,82.47586426096096,82.47586426096096,0,0,fit,True,fit,True,none,0
Patola,2025-02-02,84.00466309637505,82.87270029499234,83.75014921307344,83.62859872130845,82.79102792455853,83.20981332293348,83.62859872130845,83.62859872130845,83.62859872130845,0,0,fit,True,fit,True,none,0
Patola,2025-02-09,85.2230096487509,84.00466309637505,84.96771337037565,85.06074122783373,83.85716006309468,84.4589506454642,85.06074122783373,85.06074122783373,85.06074122783373,0,0,fit,True,fit,True,none,0
Patola,2025-02-16,86.52887037675607,85.2230096487509,86.30020526081722,86.34468350685903,85.19623981697428,85.77046166191666,86.34468350685903,86.34468350685903,86.34468350685903,0,0,fit,True,fit,True,none,0
Patola,2025-02-23,87.92345690374651,86.52887037675607,87.6996896534012,87.6562610326604,86.45377987902391,87.05502045584215,87.6562610326604,87.6562610326604,87.6562610326604,0,0,fit,True,fit,True,none,0
Patola,2025-03-02,89.4080631759843,87.92345690374651,89.24651667176317,89.22864541030017,87.89535026644745,88.56199783837381,89.22864541030017,89.22864541030017,89.22864541030017,0,0,fit,True,fit,True,diesel,1
Patola,2025-03-09,89.79838340575529,89.4080631759843,90.76493122016605,90.77911874671787,89.4425872218689,90.11085298429339,90.77911874671787,90.77911874671787,90.77911874671787,1,1,fit,True,fit,True,rain,1
Patola,2025-03-16,89.09477974585002,89.79838340575529,89.63781318673165,89.63137401222215,89.92991136605573,89.78064268913894,89.63137401222215,89.63137401222215,89.63137401222215,1,1,fit,True,fit,True,none,0
Patola,2025-03-23,87.29659936813033,89.09477974585002,87.90219382183753,87.95032867725922,89.35242401174014,88.65137634449968,87.95032867725922,87.95032867725922,87.95032867725922,0,0,fit,True,fit,True,none,0
Patola,2025-03-30,84.40217385781293,87.29659936813033,85.23709194065115,85.19293580691863,87.44733762231982,86.32013671461922,85.19293580691863,85.19293580691863,85.19293580691863,0,0,fit,True,fit,True,none,0
Patola,2025-04-06,80.4088176654551,84.40217385781293,81.9490343991433,81.94175104012498,84.44031224740033,83.19103164376266,81.94175104012498,81.94175104012498,81.94175104012498,0,1,fit,True,fit,True,none,0
Patola,2025-04-13,78.01690943087618,80.4088176654551,77.0531728359068,77.08746021727116,80.2105578945849,78.64900905592802,77.08746021727116,77.08746021727116,77.08746021727116,0,0,fit,True,fit,True,diesel,1
Patola,2025-04-20,77.22422985777595,78.01690943087618,77.13573831136732,77.08925248899826,78.07980636800806,77.58452942850316,77.08925248899826,77.08925248899826,77.08925248899826,1,1,fit,True,fit,True,none,0
Patola,2025-04-27,78.03004347026183,77.22422985777595,78.23087506503373,78.33263572939168,77.21243150018492,77.7725336147883,78.33263572939168,78.33263572939168,78.33263572939168,0,1,fit,True,fit,True,none,0
Patola,2025-05-04,80.43509793044868,78.03004347026183,80.46017078551348,80.36686263843804,77.99183845013215,79.17935054428509,80.36686263843804,80.36686263843804,80.36686263843804,0,0,fit,True,fit,True,diesel,1
Patola,2025-05-11,81.75456899910554,80.43509793044868,82.78099148222583,82.79985350146349,80.53852773966136,81.66919062056243,82.79985350146349,82.79985350146349,82.79985350146349,1,1,fit,True,fit,True,none,0
Patola,2025-05-18,81.9896809277395,81.75456899910554,81.79614380689924,81.83178143438303,81.89481938391313,81.86330040914808,81.83178143438303,81.83178143438303,81.83178143438303,0,0,fit,True,fit,True,rain,1
Patola,2025-05-25,81.1406518614389,81.9896809277395,81.33146935880083,81.29100595765738,82.18120674465692,81.73610635115715,81.29100595765738,81.29100595765738,81.29100595765738,1,1,fit,True,fit,True,rain,1
Patola,2025-06-01,79.20669404127639,81.1406518614389,79.12941617267523,79.12638960809399,81.0919837823607,80.10918669522735,79.12638960809399,79.12638960809399,79.12638960809399,1,1,fit,True,fit,True,rain,1
Patola,2025-06-08,77.87629979608849,79.20669404127639,76.95103105723713,76.97312901287573,79.16240022786897,78.06776462037234,76.97312901287573,76.97312901287573,76.97312901287573,1,1,fit,True,fit,True,none,0
Patola,2025-06-15,77.14823473946223,77.87629979608849,77.2605880000509,77.29604418355869,77.80704554675415,77.55154486515642,77.29604418355869,77.29604418355869,77.29604418355869,0,1,fit,True,fit,True,none,0
Patola,2025-06-22,77.02182334711824,77.14823473946223,76.96576856069069,76.95320952025146,77.10465938926706,77.02893445475925,76.95320952025146,76.95320952025146,76.95320952025146,0,0,fit,True,fit,True,none,0
Patola,2025-06-29,77.49694833013584,77.02182334711824,77.39613335574755,77.31805818976294,77.03619250146721,77.17712534561508,77.31805818976294,77.31805818976294,77.31805818976294,0,0,fit,True,fit,True,diesel,1
Patola,2025-07-06,78.5740505261281,77.49694833013584,77.99283058804151,78.06844222976656,77.29790042194892,77.68317132585774,78.06844222976656,78.06844222976656,78.06844222976656,1,1,fit,True,fit,True,diesel,1
Patola,2025-07-13,79.60679611121404,78.5740505261281,79.55896335113285,79.5446395746035,78.58357788714855,79.06410873087603,79.5446395746035,79.5446395746035,79.5446395746035,1,1,fit,True,fit,True,none,0
Patola,2025-07-20,80.59614330294696,79.60679611121404,80.38846651929494,80.40443967615994,79.65376344253409,80.02910155934701,80.40443967615994,80.40443967615994,80.40443967615994,0,0,fit,True,fit,True,none,0
Patola,2025-07-27,81.54301005232946,80.59614330294696,81.11890159060046,81.06985438600165,80.63342861595717,80.85164150097941,81.06985438600165,81.06985438600165,81.06985438600165,0,0,fit,True,fit,True,none,0
Patola,2025-08-03,82.44827489552071,81.54301005232946,81.89980363069472,81.92074510610561,81.57055210325734,81.74564860468148,81.92074510610561,81.92074510610561,81.92074510610561,0,0,fit,True,fit,True,none,0
Patola,2025-08-10,83.10095452544846,82.44827489552071,83.15195501762999,83.15799860331073,82.50237257030776,82.83018558680925,83.15799860331073,83.15799860331073,83.15799860331073,0,0,fit,True,fit,True,none,0
Patola,2025-08-17,83.50165452115098,83.10095452544846,83.53236121982661,83.50513892769268,83.18100971756138,83.34307432262703,83.50513892769268,83.50513892769268,83.50513892769268,0,0,fit,True,fit,True,diesel,1
Patola,2025-08-24,83.65074666612915,83.50165452115098,83.4850001632816,83.52729210419449,83.54127608291665,83.53428409355557,83.52729210419449,83.52729210419449,83.52729210419449,1,1,fit,True,fit,True,none,0
Patola,2025-08-31,83.54836929330119,83.65074666612915,83.53430169568007,83.48758691557605,83.38338433974556,83.4354856276608,83.48758691557605,83.48758691557605,83.48758691557605,0,0,fit,True,fit,True,none,0
Patola,2025-09-07,83.194427413352,83.54836929330119,83.50423156026467,83.55996917096607,83.26322666296252,83.4115979169643,83.55996917096607,83.55996917096607,83.55996917096607,0,0,fit,True,fit,True,none,0
Patola,2025-09-14,82.64335368195569,83.194427413352,82.8580634081524,82.75531585357578,83.1224273568468,82.93887160521129,82.75531585357578,82.75531585357578,82.75531585357578,0,0,fit,True,fit,True,none,0
Patola,2025-09-21,81.89463679358829,82.64335368195569,82.06414084062578,82.14739318791739,82.66937249707078,82.40838284249409,82.14739318791739,82.14739318791739,82.14739318791739,0,0,fit,True,fit,True,none,0
Patola,2025-09-28,80.94758206247698,81.89463679358829,81.30696651062901,81.31999181570141,81.79060257092584,81.55529719331363,81.31999181570141,81.31999181570141,81.31999181570141,0,0,fit,True,fit,True,none,0
Patola,2025-10-05,79.80131077804668,80.94758206247698,80.26488265293861,80.2551576070954,81.03450894742619,80.6448332772608,80.2551576070954,80.2551576070954,80.2551576070954,0,0,fit,True,fit,True,none,0
Patola,2025-10-12,79.25447608463998,79.80131077804668,78.82222508857566,78.74311002597398,79.88797428497179,79.31554215547288,78.74311002597398,78.74311002597398,78.74311002597398,0,0,fit,True,fit,True,none,0
Patola,2025-10-19,79.30657060986087,79.25447608463998,79.15016188320268,79.2318181101865,79.2284726791882,79.23014539468736,79.2318181101865,79.2318181101865,79.2318181101865,0,0,fit,True,fit,True,none,0
Patola,2025-10-26,79.95764268883596,79.30657060986087,79.88947731810185,79.89399037449296,79.34732840751931,79.62065939100614,79.89399037449296,79.89399037449296,79.89399037449296,0,0,fit,True,fit,True,none,0
Patola,2025-11-02,81.20829640906118,79.95764268883596,80.96526801803063,80.93831249349145,79.92355551146994,80.4309340024807,80.93831249349145,80.93831249349145,80.93831249349145,0,0,fit,True,fit,True,none,0
Patola,2025-11-09,82.11351513395064,81.20829640906118,82.25246888567473,82.25494437673156,81.19358591101877,81.72426514387516,82.25494437673156,82.25494437673156,82.25494437673156,0,0,fit,True,fit,True,diesel,1
Patola,2025-11-16,82.67413875716684,82.11351513395064,82.42006025712442,82.46654899432417,82.13263203667455,82.29959051549936,82.46654899432417,82.46654899432417,82.46654899432417,1,1,fit,True,fit,True,none,0
Patola,2025-11-23,82.89068744495785,82.67413875716684,82.71365735197207,82.61659335450575,82.70960535365103,82.66309935407838,82.61659335450575,82.61659335450575,82.61659335450575,0,0,fit,True,fit,True,none,0
Patola,2025-11-30,82.76336211878686,82.89068744495785,82.4666605312112,82.53759806012945,82.88325911924517,82.71042858968731,82.53759806012945,82.53759806012945,82.53759806012945,0,0,fit,True,fit,True,none,0
Patola,2025-12-07,82.29204464175308,82.76336211878686,82.33378241645401,82.35596615964162,82.70922139454512,82.53259377709338,82.35596615964162,82.35596615964162,82.35596615964162,0,0,fit,True,fit,True,none,0
Patola,2025-12-14,82.28665907493672,82.29204464175308,81.70464700310426,81.67572965494254,82.28389977042133,81.97981471268193,81.67572965494254,81.67572965494254,81.67572965494254,0,1,fit,True,fit,True,none,0
Patola,2025-12-21,82.74720042142008,82.28665907493672,82.36443251948084,82.33140251620618,82.27247985078833,82.30194118349726,82.33140251620618,82.33140251620618,82.33140251620618,0,0,fit,True,fit,True,none,0
Patola,2025-12-28,83.67409598760702,82.74720042142008,83.38456604695999,83.35559496158334,82.73279292545203,83.04419394351768,83.35559496158334,83.35559496158334,83.35559496158334,0,0,fit,True,fit,True,rain,1
Patola,2026-01-04,85.06820577969313,83.67409598760702,84.86405222638423,84.91400041279782,83.59767834030487,84.25583937655134,84.91400041279782,84.91400041279782,84.91400041279782,1,1,fit,True,fit,True,rain,1
Patola,2026-01-11,86.09812328094989,85.06820577969313,86.28303259893961,86.28845151603004,85.01894342740536,85.65369747171769,86.28845151603004,86.28845151603004,86.28845151603004,1,1,fit,True,fit,True,none,0
Patola,2026-01-18,86.76480408493524,86.09812328094989,86.56195371272405,86.62135805634021,86.02511776859313,86.32323791246668,86.62135805634021,86.62135805634021,86.62135805634021,0,0,fit,True,fit,True,none,0
Patola,2026-01-25,87.06886676146723,86.76480408493524,87.05429949679903,86.97580940950196,86.77469791207557,86.87525366078876,86.97580940950196,86.97580940950196,86.97580940950196,0,1,fit,True,fit,True,none,0
Patola,2026-02-01,87.01059343055505,87.06886676146723,87.01322781113157,87.00954037006431,87.1755311508391,87.09253576045171,87.00954037006431,87.00954037006431,87.00954037006431,0,0,fit,True,fit,True,none,0
Patola,2026-02-08,88.1144267497296,87.01059343055505,86.88365879363457,86.87250886393905,86.84944227472562,86.86097556933234,86.87250886393905,86.87250886393905,86.87250886393905,0,0,fit,True,fit,True,none,0
Patola,2026-02-15,90.38139089423557,88.1144267497296,89.78585842948512,89.85403389876036,88.03806249328801,88.94604819602418,89.85403389876036,89.85403389876036,89.85403389876036,0,0,fit,True,fit,True,none,0
Patola,2026-02-22,93.8135892328666,90.38139089423557,93.1620425270978,93.14455016227677,90.39259896840294,91.76857456533986,93.14455016227677,93.14455016227677,93.14455016227677,0,0,fit,True,fit,True,both,1
Patola,2026-03-01,98.4142062795454,93.8135892328666,97.55459035130214,97.49706538288967,93.9410727646993,95.71906907379449,97.49706538288967,97.49706538288967,97.49706538288967,1,1,fit,True,fit,True,diesel,1
Patola,2026-03-08,101.31691508388576,98.4142062795454,102.48491505642824,102.55421208681308,98.07996703508434,100.31708956094872,102.55421208681308,102.55421208681308,102.55421208681308,1,1,fit,True,fit,True,none,0
Patola,2026-03-15,102.52440888086085,101.31691508388576,102.52718719591377,102.55683374141968,101.25063391423282,101.90373382782624,102.55683374141968,102.55683374141968,102.55683374141968,0,0,fit,True,fit,True,diesel,1
Patola,2026-03-22,102.03780802553985,102.52440888086085,102.13124819755762,102.0366137550041,102.61576127657418,102.32618751578914,102.0366137550041,102.0366137550041,102.0366137550041,1,1,fit,True,fit,True,diesel,1
Patola,2026-03-29,99.85666103259332,102.03780802553985,100.04952558622006,100.1233090943981,102.27979821926448,101.2015536568313,100.1233090943981,100.1233090943981,100.1233090943981,1,1,fit,True,fit,True,diesel,1
Patola,2026-04-05,95.97894415738848,99.85666103259332,97.54480225042823,97.47398095210396,99.23049164906747,98.35223630058572,97.47398095210396,97.47398095210396,97.47398095210396,1,1,fit,True,fit,True,diesel,1
Patola,2026-04-12,95.36826006302152,95.97894415738848,92.3934750998669,92.53077785399124,95.52726042750147,94.02901914074636,92.53077785399124,92.53077785399124,92.53077785399124,1,1,fit,True,fit,True,diesel,1
Patola,2026-04-19,98.02404213538448,95.36826006302152,96.44980432806841,96.3867923758781,94.89097604879652,95.6388842123373,96.3867923758781,96.3867923758781,96.3867923758781,1,1,fit,True,fit,True,diesel,1
Patola,2026-04-26,103.9487545021732,98.02404213538448,102.8075683681121,102.84636096264883,97.71303704967777,100.2796990061633,102.84636096264883,102.84636096264883,102.84636096264883,1,1,fit,True,fit,True,diesel,1
Patola,2026-05-03,113.14789431919188,103.9487545021732,111.75573969163521,111.62792604936594,103.78799122356965,107.7079586364678,111.62792604936594,111.62792604936594,111.62792604936594,1,1,fit,True,fit,True,both,1
Patola,2026-05-10,120.12375311220065,113.14789431919188,121.07980279146472,121.06327988082207,113.76556849111647,117.41442418596927,121.06327988082207,121.06327988082207,121.06327988082207,1,1,fit,True,fit,True,rain,1
Patola,2026-05-17,124.88280332750207,120.12375311220065,123.24558920961493,123.33345892928187,123.12070087755099,123.22707990341644,123.33345892928187,123.33345892928187,123.33345892928187,1,1,fit,True,fit,True,diesel,1
Patola,2026-05-24,127.4294605786983,124.88280332750207,126.51401109591599,126.58873936139967,128.3553189105404,127.47202913597005,126.58873936139967,126.58873936139967,126.58873936139967,1,1,fit,True,fit,True,rain,1
Patola,2026-05-31,127.76608774365098,127.4294605786983,126.45544525522,126.28151293540516,127.41362866117396,126.84757079828955,126.28151293540516,126.28151293540516,126.28151293540516,1,1,fit,True,fit,True,none,0
Patola,2026-06-07,125.89299715684314,127.76608774365098,126.44352152625146,126.54838646003122,126.37517306507738,126.4617797625543,126.54838646003122,126.54838646003122,126.54838646003122,0,0,fit,True,fit,True,diesel,1
Patola,2026-06-14,123.5876718308416,125.89299715684314,123.28079525993758,123.22253517146522,124.5114605538692,123.8669978626672,123.22253517146522,123.22253517146522,123.22253517146522,1,1,fit,True,fit,True,diesel,1
Patola,2026-06-21,120.84797280400358,123.5876718308416,120.90665377115499,120.92602927157733,122.49110443849236,121.70856685503485,120.92602927157733,120.92602927157733,120.92602927157733,1,1,fit,True,fit,True,none,0
Patola,2026-06-28,117.67135808754136,120.84797280400358,118.3964252826979,118.40422828989958,119.88104158013425,119.14263493501691,118.40422828989958,118.40422828989958,118.40422828989958,0,0,fit,True,fit,True,diesel,1
Patola,2026-07-05,114.05488030697586,117.67135808754136,115.70211808828918,115.70650621116641,116.97467706489732,116.34059163803187,115.70650621116641,115.70650621116641,115.70650621116641,1,1,fit,True,fit,True,none,0
Patola,2026-07-12,111.2555601688898,114.05488030697586,110.88065064452097,110.84522813454264,113.47178797508957,112.15850805481611,110.84522813454264,110.84522813454264,110.84522813454264,0,0,fit,True,fit,True,none,0
Patola,2026-07-19,109.27080036593838,111.2555601688898,109.19845909633328,109.21708147861622,110.58073074546222,109.89890611203921,109.21708147861622,109.21708147861622,109.21708147861622,0,1,fit,True,fit,True,diesel,1
Patola,2026-07-26,108.09875936840776,109.27080036593838,108.84093372364404,108.80804325524667,108.58986879779263,108.69895602651965,108.80804325524667,108.80804325524667,108.80804325524667,1,1,fit,True,fit,True,none,0
Red onion,2024-11-10,149.91650931847818,152.409765102728,148.0334068281181,148.07745638506225,153.23605624662218,150.65675631584222,148.07745638506225,148.07745638506225,148.07745638506225,0,0,fit,True,fit,True,none,0
Red onion,2024-11-17,150.42303898504375,149.91650931847818,150.95620227199265,150.9854072384283,150.40194408906228,150.6936756637453,150.9854072384283,150.9854072384283,150.9854072384283,0,0,fit,True,fit,True,none,0
Red onion,2024-11-24,153.93068707523162,150.42303898504375,154.73912534711135,154.68707016879114,150.76169669201968,152.7243834304054,154.68707016879114,154.68707016879114,154.68707016879114,0,0,fit,True,fit,True,none,0
Red onion,2024-12-01,160.44868424191046,153.93068707523162,160.88941292203617,160.6568892455998,154.71668792304808,157.68678858432395,160.6568892455998,160.6568892455998,160.6568892455998,0,1,fit,True,fit,True,none,0
Red onion,2024-12-08,166.18978033667014,160.44868424191046,168.57235946257526,168.91834680365162,161.1419820453124,165.030164424482,168.91834680365162,168.91834680365162,168.91834680365162,0,0,fit,True,fit,True,none,0
Red onion,2024-12-15,171.16908350712814,166.18978033667014,170.502985422495,170.46949902123637,167.44362459783957,168.95656180953796,170.46949902123637,170.46949902123637,170.46949902123637,0,0,fit,True,fit,True,diesel,1
Red onion,2024-12-22,175.3996971826805,171.16908350712814,174.28281686955404,174.36934949740825,172.09054568535842,173.22994759138334,174.36934949740825,174.36934949740825,174.36934949740825,1,1,fit,True,fit,True,none,0
Red onion,2024-12-29,178.89275455721034,175.3996971826805,178.10996917137714,178.00150424386553,176.44702815821304,177.22426620103928,178.00150424386553,178.00150424386553,178.00150424386553,0,0,fit,True,fit,True,none,0
Red onion,2025-01-05,181.6574478869663,178.89275455721034,181.80655928684925,181.63612305009204,179.03097899504317,180.3335510225676,181.63612305009204,181.63612305009204,181.63612305009204,0,1,fit,True,fit,True,rain,1
Red onion,2025-01-12,183.43027317403545,181.6574478869663,184.84111925638527,185.16372648006984,181.47841742386683,183.32107195196835,185.16372648006984,185.16372648006984,185.16372648006984,1,1,fit,True,fit,True,diesel,1
Red onion,2025-01-19,184.21589574812035,183.43027317403545,183.81791353247473,183.77011643139937,183.01931339381923,183.3947149126093,183.77011643139937,183.77011643139937,183.77011643139937,1,1,fit,True,fit,True,none,0
Red onion,2025-01-26,184.0163830370477,184.21589574812035,182.8684546470626,182.92053423728936,184.05976141093353,183.49014782411143,182.92053423728936,182.92053423728936,182.92053423728936,0,0,fit,True,fit,True,none,0
Red onion,2025-02-02,182.83121000736756,184.0163830370477,181.59646858341029,181.3524158908666,183.82387179143936,182.588143841153,181.3524158908666,181.3524158908666,181.3524158908666,0,0,fit,True,fit,True,none,0
Red onion,2025-02-09,186.5504698901306,182.83121000736756,180.24857689168573,180.43862239724922,182.7962878993134,181.6174551482813,180.43862239724922,180.43862239724922,180.43862239724922,0,0,fit,True,fit,True,none,0
Red onion,2025-02-16,195.1839502113443,186.5504698901306,192.17186927229977,192.23497735819865,186.3365015237461,189.28573944097238,192.23497735819865,192.23497735819865,192.23497735819865,0,0,fit,True,fit,True,none,0
Red onion,2025-02-23,208.7543706560644,195.1839502113443,205.8558550254023,205.86898779424243,194.56718876534515,200.2180882797938,205.86898779424243,205.86898779424243,205.86898779424243,0,0,fit,True,fit,True,none,0
Red onion,2025-03-02,227.29744285704024,208.7543706560644,223.7045504115793,224.07861070970105,208.2927908564123,216.1857007830567,224.07861070970105,224.07861070970105,224.07861070970105,0,0,fit,True,fit,True,diesel,1
Red onion,2025-03-09,237.4387137935416,227.29744285704024,244.89526753804552,244.2653867922499,226.88187295557387,235.5736298739119,244.2653867922499,244.2653867922499,244.2653867922499,1,1,fit,True,fit,True,rain,1
Red onion,2025-03-16,239.2048710206645,237.4387137935416,238.8812196795019,239.03360500290486,238.98335147359532,239.0084782382501,239.03360500290486,239.03360500290486,239.03360500290486,1,1,fit,True,fit,True,none,0
Red onion,2025-03-23,232.60056232058585,239.2048710206645,231.80231231204996,231.96790669339111,240.36122115646774,236.16456392492944,231.96790669339111,231.96790669339111,231.96790669339111,0,0,fit,True,fit,True,none,0
Red onion,2025-03-30,217.60840793356823,232.60056232058585,218.03041739441485,218.2731026171761,231.77697770440162,225.02504016078888,218.2731026171761,218.2731026171761,218.2731026171761,0,0,fit,True,fit,True,none,0
Red onion,2025-04-06,194.1889548217512,217.60840793356823,199.83480888129742,199.6178100131011,216.56457777724194,208.0911938951715,199.6178100131011,199.6178100131011,199.6178100131011,0,1,fit,True,fit,True,none,0
Red onion,2025-04-13,179.59448278168858,194.1889548217512,170.80659133484704,170.77706231188287,192.60440754048594,181.6907349261844,170.77706231188287,170.77706231188287,170.77706231188287,0,0,fit,True,fit,True,diesel,1
Red onion,2025-04-20,173.78658530801133,179.59448278168858,173.0699880371263,172.795014652193,178.12468099812688,175.45984782515995,172.795014652193,172.795014652193,172.795014652193,1,1,fit,True,fit,True,none,0
Red onion,2025-04-27,176.74997845999988,173.78658530801133,175.64601583859545,176.0161574380655,171.8856233128865,173.950890375476,176.0161574380655,176.0161574380655,176.0161574380655,0,1,fit,True,fit,True,none,0
Red onion,2025-05-04,188.49246064068515,176.74997845999988,187.2623680850113,187.5579419037973,176.37336087934764,181.96565139157246,187.5579419037973,187.5579419037973,187.5579419037973,0,0,fit,True,fit,True,diesel,1
Red onion,2025-05-11,195.45256485057556,188.49246064068515,203.46372453184642,202.94952393027046,188.7380101406737,195.84376703547207,202.94952393027046,202.94952393027046,202.94952393027046,1,1,fit,True,fit,True,none,0
Red onion,2025-05-18,197.64860715338116,195.45256485057556,196.7611953426615,196.8738806120468,195.74605105829917,196.309965835173,196.8738806120468,196.8738806120468,196.8738806120468,0,0,fit,True,fit,True,rain,1
Red onion,2025-05-25,195.08636660779396,197.64860715338116,193.19456969792148,193.1455041571001,198.04059471556073,195.59304943633043,193.1455041571001,193.1455041571001,193.1455041571001,1,1,fit,True,fit,True,rain,1
Red onion,2025-06-01,187.7591004755356,195.08636660779396,187.39698598140765,187.14835170217177,195.1347905350713,191.14157111862153,187.14835170217177,187.14835170217177,187.14835170217177,1,1,fit,True,fit,True,rain,1
Red onion,2025-06-08,182.95569098926217,187.7591004755356,180.42470176840993,181.27406443631295,187.49640319608233,184.38523381619763,181.27406443631295,181.27406443631295,181.27406443631295,1,1,fit,True,fit,True,none,0
Red onion,2025-06-15,180.663497597694,182.95569098926217,183.6096109630341,183.18857753848704,182.83218587375313,183.01038170612009,183.18857753848704,183.18857753848704,183.18857753848704,0,1,fit,True,fit,True,none,0
Red onion,2025-06-22,180.87648821295855,180.663497597694,182.8080408154983,182.5081342936791,180.19494801831206,181.35154115599556,182.5081342936791,182.5081342936791,182.5081342936791,0,0,fit,True,fit,True,none,0
Red onion,2025-06-29,183.59522333667465,180.87648821295855,183.00956194939744,182.69578586743845,181.1716441852009,181.93371502631967,182.69578586743845,182.69578586743845,182.69578586743845,0,0,fit,True,fit,True,diesel,1
Red onion,2025-07-06,188.82685753495795,183.59522333667465,185.42443750556723,185.84883897096202,183.7658892117519,184.80736409135696,185.84883897096202,185.84883897096202,185.84883897096202,1,1,fit,True,fit,True,diesel,1
Red onion,2025-07-13,192.25273326780112,188.82685753495795,193.35067472542232,193.4336962673531,189.1901172974835,191.3119067824183,193.4336962673531,193.4336962673531,193.4336962673531,1,1,fit,True,fit,True,none,0
Red onion,2025-07-20,193.88186599765916,192.25273326780112,194.45245148870274,194.5309931495774,193.27273634816916,193.90186474887327,194.5309931495774,194.5309931495774,194.5309931495774,0,0,fit,True,fit,True,none,0
Red onion,2025-07-27,193.71854291592663,193.88186599765916,194.8130291952926,194.5114241738375,194.79482879196306,194.6531264829003,194.5114241738375,194.5114241738375,194.5114241738375,0,0,fit,True,fit,True,none,0
Red onion,2025-08-03,191.7623342250199,193.71854291592663,191.89801399125201,191.46932748479412,194.42414419089383,192.94673583784396,191.46932748479412,191.46932748479412,191.46932748479412,0,0,fit,True,fit,True,none,0
Red onion,2025-08-10,190.3460187049986,191.7623342250199,188.2027792736416,188.6960739095537,192.9272023413987,190.81163812547618,188.6960739095537,188.6960739095537,188.6960739095537,0,0,fit,True,fit,True,none,0
Red onion,2025-08-17,189.46586920975784,190.3460187049986,188.99750545984205,189.02529234026258,190.80539006315482,189.9153412017087,189.02529234026258,189.02529234026258,189.02529234026258,0,0,fit,True,fit,True,diesel,1
Red onion,2025-08-24,189.11956955641497,189.46586920975784,189.57259675676158,189.63740919564856,189.7946642851744,189.71603674041148,189.63740919564856,189.63740919564856,189.63740919564856,1,1,fit,True,fit,True,none,0
Red onion,2025-08-31,189.306208430093,189.11956955641497,190.01384204942332,189.7477865921475,189.6088779732584,189.67833228270294,189.7477865921475,189.7477865921475,189.7477865921475,0,0,fit,True,fit,True,none,0
Red onion,2025-09-07,190.0262769857226,189.306208430093,189.79338606733853,189.74884537381146,189.80028909282035,189.7745672333159,189.74884537381146,189.74884537381146,189.74884537381146,0,0,fit,True,fit,True,none,0
Red onion,2025-09-14,191.0703338762872,190.0262769857226,190.39977943992278,190.39734515521232,190.7033929029284,190.55036902907037,190.39734515521232,190.39734515521232,190.39734515521232,0,0,fit,True,fit,True,none,0
Red onion,2025-09-21,192.44112661992003,191.0703338762872,191.8847231484692,192.10826957289507,191.6922569653146,191.90026326910484,192.10826957289507,192.10826957289507,192.10826957289507,0,0,fit,True,fit,True,none,0
Red onion,2025-09-28,194.14226256594628,192.44112661992003,194.33928715194523,194.38814070616496,193.04878184710432,193.71846127663463,194.38814070616496,194.38814070616496,194.38814070616496,0,0,fit,True,fit,True,none,0
Red onion,2025-10-05,196.1782183879081,194.14226256594628,196.82739042198614,197.03716359491796,194.91206680521935,195.97461520006865,197.03716359491796,197.03716359491796,197.03716359491796,0,0,fit,True,fit,True,none,0
Red onion,2025-10-12,196.78888448411732,196.1782183879081,199.11020702669015,198.49579897616263,196.53353803688918,197.5146685065259,198.49579897616263,198.49579897616263,198.49579897616263,0,0,fit,True,fit,True,none,0
Red onion,2025-10-19,195.97586787061664,196.78888448411732,197.16653490548413,197.35054731973426,197.11547385985165,197.23301058979297,197.35054731973426,197.35054731973426,197.35054731973426,0,0,fit,True,fit,True,none,0
Red onion,2025-10-26,193.73702903000188,195.97586787061664,194.79505967002825,194.86645500210204,196.42494237737628,195.64569868973916,194.86645500210204,194.86645500210204,194.86645500210204,0,0,fit,True,fit,True,none,0
Red onion,2025-11-02,190.0664762811137,193.73702903000188,191.48019380348882,191.65302289889854,194.0989684602387,192.87599567956863,191.65302289889854,191.65302289889854,191.65302289889854,0,0,fit,True,fit,True,none,0
Red onion,2025-11-09,192.39274753259545,190.0664762811137,187.34722276051406,187.26524288778836,190.99976330561168,189.13250309670002,187.26524288778836,187.26524288778836,187.26524288778836,0,0,fit,True,fit,True,diesel,1
Red onion,2025-11-16,200.7219645508981,192.39274753259545,199.59473621376216,199.51029191144983,192.83389196919327,196.17209194032154,199.51029191144983,199.51029191144983,199.51029191144983,1,1,fit,True,fit,True,none,0
Red onion,2025-11-23,215.07604632817527,200.7219645508981,214.0996733751851,213.96064584821366,201.42914749471905,207.69489667146635,213.96064584821366,213.96064584821366,213.96064584821366,0,0,fit,True,fit,True,none,0
Red onion,2025-11-30,235.49276676384085,215.07604632817527,233.74844975628358,233.8905471533123,218.0173619791152,225.95395456621375,233.8905471533123,233.8905471533123,233.8905471533123,0,0,fit,True,fit,True,none,0
Red onion,2025-12-07,262.0258540695677,235.49276676384085,257.1947616191613,257.27773420820927,240.5247816106426,248.90125790942594,257.27773420820927,257.27773420820927,257.27773420820927,0,0,fit,True,fit,True,none,0
Red onion,2025-12-14,281.1734832781915,262.0258540695677,287.9649746338709,288.0921267342766,268.2891001289854,278.190613431631,288.0921267342766,288.0921267342766,288.0921267342766,0,1,fit,True,fit,True,none,0
Red onion,2025-12-21,292.98604288762976,281.1734832781915,293.0995289630398,293.03780956532785,289.82555809203427,291.43168382868106,293.03780956532785,293.03780956532785,293.03780956532785,0,0,fit,True,fit,True,none,0
Red onion,2025-12-28,297.4946185810652,292.98604288762976,297.3292582018561,297.10608305808495,296.0768100327866,296.5914465454358,297.10608305808495,297.10608305808495,297.10608305808495,0,0,fit,True,fit,True,rain,1
Red onion,2026-01-04,294.7110750313751,297.4946185810652,294.66156071005287,294.29428106197054,296.35256008935835,295.32342057566444,294.29428106197054,294.29428106197054,294.29428106197054,1,1,fit,True,fit,True,rain,1
Red onion,2026-01-11,284.66037146191013,294.7110750313751,287.98600476873435,288.807002837012,291.3812524910919,290.09412766405194,288.807002837012,288.807002837012,288.807002837012,1,1,fit,True,fit,True,none,0
Red onion,2026-01-18,267.3160586527504,284.66037146191013,273.2665446752519,273.1896317046981,280.7856170330466,276.9876243688724,273.1896317046981,273.1896317046981,273.1896317046981,0,0,fit,True,fit,True,none,0
Red onion,2026-01-25,242.63249367545092,267.3160586527504,248.71344514446207,248.36085410501533,263.7717151812233,256.06628464311933,248.36085410501533,248.36085410501533,248.36085410501533,0,1,fit,True,fit,True,none,0
Red onion,2026-02-01,210.54471978007132,242.63249367545092,215.51503184211717,215.56517779719783,238.08847636054003,226.82682707886892,215.56517779719783,215.56517779719783,215.56517779719783,0,0,fit,True,fit,True,none,0
Red onion,2026-02-08,188.78564981365335,210.54471978007132,175.9067202585315,175.48842028254805,201.106392944439,188.29740661349354,175.48842028254805,175.48842028254805,175.48842028254805,0,0,fit,True,fit,True,none,0
Red onion,2026-02-15,177.29802306575908,188.78564981365335,174.7919203475516,175.25437732600943,183.47730449581277,179.36584091091112,175.25437732600943,175.25437732600943,175.25437732600943,0,0,fit,True,fit,True,none,0
Red onion,2026-02-22,176.05160893968352,177.29802306575908,176.19586248377982,176.4260909719739,171.45761521740093,173.94185309468742,176.4260909719739,176.4260909719739,176.4260909719739,0,0,fit,True,fit,True,both,1
Red onion,2026-03-01,185.04312739825275,176.05160893968352,185.178356983454,185.51899689290758,172.18461193612822,178.85180441451791,185.51899689290758,185.51899689290758,185.51899689290758,1,1,fit,True,fit,True,diesel,1
Red onion,2026-03-08,191.2679889005828,185.04312739825275,197.3743633564261,196.37190940851343,186.6526808545592,191.51229513153632,196.37190940851343,196.37190940851343,196.37190940851343,1,1,fit,True,fit,True,none,0
Red onion,2026-03-15,194.7425746611536,191.2679889005828,190.21393754397872,190.53021417342802,192.40406701986075,191.46714059664438,190.53021417342802,190.53021417342802,190.53021417342802,0,0,fit,True,fit,True,diesel,1
Red onion,2026-03-22,195.47602832670336,194.7425746611536,191.0026271054684,190.73710605509635,195.6768450430811,193.20697554908872,190.73710605509635,190.73710605509635,190.73710605509635,1,1,fit,True,fit,True,diesel,1
Red onion,2026-03-29,193.47028003845728,195.47602832670336,191.84438105039513,192.26278180057548,195.5632965302003,193.9130391653879,192.26278180057548,192.26278180057548,192.26278180057548,1,1,fit,True,fit,True,diesel,1
Red onion,2026-04-05,188.72005151144631,193.47028003845728,191.46806281545054,190.59107927616168,193.00544224892175,191.7982607625417,190.59107927616168,190.59107927616168,190.59107927616168,1,1,fit,True,fit,True,diesel,1
Red onion,2026-04-12,184.2697193625728,188.72005151144631,183.9588754941984,185.36513580970512,188.37489782206185,186.8700168158835,185.36513580970512,185.36513580970512,185.36513580970512,1,1,fit,True,fit,True,diesel,1
Red onion,2026-04-19,180.10757219144503,184.2697193625728,179.9125448951078,179.47732510763615,183.6922532919208,181.58478919977847,179.47732510763615,179.47732510763615,179.47732510763615,1,1,fit,True,fit,True,diesel,1
Red onion,2026-04-26,176.22265697919158,180.10757219144503,175.59332588942226,175.65496288784198,179.6822359199206,177.66859940388127,175.65496288784198,175.65496288784198,175.65496288784198,1,1,fit,True,fit,True,diesel,1
Red onion,2026-05-03,172.60475026472756,176.22265697919158,173.22750492822263,173.04641874257226,176.1698335846546,174.60812616361343,173.04641874257226,173.04641874257226,173.04641874257226,1,1,fit,True,fit,True,both,1
Red onion,2026-05-10,170.3155835353575,172.60475026472756,170.16749804069903,169.80118632694172,172.06555234297463,170.93336933495817,169.80118632694172,169.80118632694172,169.80118632694172,1,1,fit,True,fit,True,rain,1
Red onion,2026-05-17,169.34913266810935,170.3155835353575,169.56672377296323,169.96236314538686,170.04496599070646,170.00366456804664,169.96236314538686,169.96236314538686,169.96236314538686,1,1,fit,True,fit,True,diesel,1
Red onion,2026-05-24,169.70285437122715,169.34913266810935,169.50561421604525,169.7567917480835,169.2233265748934,169.49005916148843,169.7567917480835,169.7567917480835,169.7567917480835,1,1,fit,True,fit,True,rain,1
Red onion,2026-05-31,171.377679491298,169.70285437122715,171.09832766127212,170.7729081959646,169.6037093015088,170.1883087487367,170.7729081959646,170.7729081959646,170.7729081959646,1,1,fit,True,fit,True,none,0
Red onion,2026-06-07,174.37801546284857,171.377679491298,173.85165091546423,173.7614202600757,171.24500989343386,172.50321507675477,173.7614202600757,173.7614202600757,173.7614202600757,0,0,fit,True,fit,True,diesel,1
Red onion,2026-06-14,175.85739631608735,174.37801546284857,178.03429321687523,178.09077822911036,174.3323614639968,176.21156984655357,178.09077822911036,178.09077822911036,178.09077822911036,1,1,fit,True,fit,True,diesel,1
Red onion,2026-06-21,175.81971515852297,175.85739631608735,176.43190107842935,176.4076714626888,176.0847803022028,176.2462258824458,176.4076714626888,176.4076714626888,176.4076714626888,1,1,fit,True,fit,True,none,0
Red onion,2026-06-28,174.26487282921445,175.81971515852297,174.55558026958633,174.7051167358968,176.0871732695707,175.39614500273376,174.7051167358968,174.7051167358968,174.7051167358968,0,0,fit,True,fit,True,diesel,1
Red onion,2026-07-05,171.1887776378215,174.26487282921445,171.4261061609496,171.4622090025067,174.78544179608,173.12382539929337,171.4622090025067,171.4622090025067,171.4622090025067,1,1,fit,True,fit,True,none,0
Red onion,2026-07-12,169.0853416943947,171.1887776378215,167.79544721625354,167.38061918354143,171.76211018596297,169.5713646847522,167.38061918354143,167.38061918354143,167.38061918354143,0,0,fit,True,fit,True,none,0
Red onion,2026-07-19,167.94902964118828,169.0853416943947,168.21479689950507,168.37848784583468,169.62113785986102,168.99981285284787,168.37848784583468,168.37848784583468,168.37848784583468,0,1,fit,True,fit,True,diesel,1
Red onion,2026-07-26,167.77685118332533,167.94902964118828,168.02446318815004,168.0602661522892,168.27063520435203,168.1654506783206,168.0602661522892,168.0602661522892,168.0602661522892,1,1,fit,True,fit,True,none,0
Squash,2024-11-10,38.011603057412515,40.623728537336945,36.37869849930041,36.328674518136225,40.38896415509379,38.35881933661501,36.328674518136225,36.328674518136225,36.328674518136225,0,0,fit,True,fit,True,none,0
Squash,2024-11-17,37.36506172664292,38.011603057412515,37.37026433889207,37.38829012314811,37.45182788374842,37.420059003448266,37.38829012314811,37.38829012314811,37.38829012314811,0,0,fit,True,fit,True,none,0
Squash,2024-11-24,38.67960686620536,37.36506172664292,38.55606317187527,38.56309218963677,36.9380200768245,37.75055613323063,38.56309218963677,38.56309218963677,38.56309218963677,0,0,fit,True,fit,True,none,0
Squash,2024-12-01,41.9643831379403,38.67960686620536,41.734473591358544,41.766705282664255,38.73379145946565,40.250248371064956,41.766705282664255,41.766705282664255,41.766705282664255,0,1,fit,True,fit,True,none,0
Squash,2024-12-08,44.45926678237089,41.9643831379403,45.19913278730769,45.144870027965055,42.85118926834954,43.9980296481573,45.144870027965055,45.144870027965055,45.144870027965055,0,0,fit,True,fit,True,none,0
Squash,2024-12-15,46.181613511806205,44.45926678237089,45.98943953131912,46.00381330950689,45.26221370753416,45.63301350852052,46.00381330950689,46.00381330950689,46.00381330950689,0,0,fit,True,fit,True,diesel,1
Squash,2024-12-22,47.143404868711904,46.181613511806205,46.904528522849496,46.891885183898765,46.62472877598353,46.758306979941146,46.891885183898765,46.891885183898765,46.891885183898765,1,1,fit,True,fit,True,none,0
Squash,2024-12-29,47.35133157557077,47.143404868711904,47.00205076265769,47.04574013894258,47.510944214930014,47.27834217693629,47.04574013894258,47.04574013894258,47.04574013894258,0,0,fit,True,fit,True,none,0
Squash,2025-01-05,46.80684007903923,47.35133157557077,47.51738219072855,47.47686640111697,47.46019486969537,47.46853063540617,47.47686640111697,47.47686640111697,47.47686640111697,0,1,fit,True,fit,True,rain,1
Squash,2025-01-12,46.23631276357239,46.80684007903923,45.921294058186426,45.897056059053114,46.89052864363779,46.39379235134545,45.897056059053114,45.897056059053114,45.897056059053114,1,1,fit,True,fit,True,diesel,1
Squash,2025-01-19,45.635780743497435,46.23631276357239,45.56840334259669,45.62141294157963,46.116317929506955,45.86886543554329,45.62141294157963,45.62141294157963,45.62141294157963,1,1,fit,True,fit,True,none,0
Squash,2025-01-26,45.00106640476165,45.635780743497435,45.071051804747135,45.0564384831176,45.45156157686097,45.254000029989285,45.0564384831176,45.0564384831176,45.0564384831176,0,0,fit,True,fit,True,none,0
Squash,2025-02-02,44.3277543432695,45.00106640476165,44.86357734410266,44.85152662545551,44.90108389723478,44.876305261345145,44.85152662545551,44.85152662545551,44.85152662545551,0,0,fit,True,fit,True,none,0
Squash,2025-02-09,44.49416401311364,44.3277543432695,43.54342077615865,43.53586269088937,44.17257621359649,43.85421945224293,43.53586269088937,43.53586269088937,43.53586269088937,0,0,fit,True,fit,True,none,0
Squash,2025-02-16,45.501453046779964,44.49416401311364,45.017378632199616,45.042855048454115,44.330885418500564,44.686870233477336,45.042855048454115,45.042855048454115,45.042855048454115,0,0,fit,True,fit,True,none,0
Squash,2025-02-23,47.35662867232875,45.501453046779964,47.04756278082695,47.03993450360879,45.434777435939644,46.237355969774214,47.03993450360879,47.03993450360879,47.03993450360879,0,0,fit,True,fit,True,none,0
Squash,2025-03-02,50.072596459329034,47.35662867232875,49.82668982264238,49.77842458109643,47.070121065822406,48.42427282345942,49.77842458109643,49.77842458109643,49.77842458109643,0,0,fit,True,fit,True,diesel,1
Squash,2025-03-09,51.636651205037154,50.072596459329034,52.489695594627875,52.548769832340525,49.939625947415735,51.24419788987813,52.548769832340525,52.548769832340525,52.548769832340525,1,1,fit,True,fit,True,rain,1
Squash,2025-03-16,52.05967329029277,51.636651205037154,51.99678254297639,52.006833597099615,51.22725449702553,51.61704404706257,52.006833597099615,52.006833597099615,52.006833597099615,1,1,fit,True,fit,True,none,0
Squash,2025-03-23,51.34460547742816,52.05967329029277,51.39725284183866,51.38665295351007,51.52299288992122,51.454822921715646,51.38665295351007,51.38665295351007,51.38665295351007,0,0,fit,True,fit,True,none,0
Squash,2025-03-30,49.48647338165812,51.34460547742816,49.6557183613751,49.60450276023937,51.00884896693202,50.306675863585696,49.60450276023937,49.60450276023937,49.60450276023937,0,0,fit,True,fit,True,none,0
Squash,2025-04-06,46.472350866664286,49.48647338165812,47.6334237416913,47.69262096231121,48.84836381687693,48.27049238959407,47.69262096231121,47.69262096231121,47.69262096231121,0,1,fit,True,fit,True,none,0
Squash,2025-04-13,44.515840514871066,46.472350866664286,43.17676063928714,43.166156971918454,45.61866375910127,44.39241036550986,43.166156971918454,43.166156971918454,43.166156971918454,0,0,fit,True,fit,True,diesel,1
Squash,2025-04-20,43.60333181948336,44.515840514871066,43.393571714913676,43.41992383630367,43.945981963845675,43.68295290007467,43.41992383630367,43.41992383630367,43.41992383630367,1,1,fit,True,fit,True,none,0
Squash,2025-04-27,43.728476893924544,43.60333181948336,43.84353580869458,43.77289404131454,43.227746025034506,43.50032003317452,43.77289404131454,43.77289404131454,43.77289404131454,0,1,fit,True,fit,True,none,0
Squash,2025-05-04,44.89214631262553,43.728476893924544,45.26265570745716,45.30342000839586,43.27215833666212,44.28778917252899,45.30342000839586,45.30342000839586,45.30342000839586,0,0,fit,True,fit,True,diesel,1
Squash,2025-05-11,45.63047974702101,44.89214631262553,45.844229030307474,45.85079135923371,44.656805687577844,45.25379852340578,45.85079135923371,45.85079135923371,45.85079135923371,1,1,fit,True,fit,True,none,0
Squash,2025-05-18,45.94861342969807,45.63047974702101,45.73779345554165,45.7850564685438,45.72727872576695,45.756167597155375,45.7850564685438,45.7850564685438,45.7850564685438,0,0,fit,True,fit,True,rain,1
Squash,2025-05-25,45.84876046453624,45.94861342969807,45.95979953740282,45.839569477826885,46.02495288315686,45.93226118049187,45.839569477826885,45.839569477826885,45.839569477826885,1,1,fit,True,fit,True,rain,1
Squash,2025-06-01,45.3302262222126,45.84876046453624,45.4233989687068,45.51841982964473,46.05698952947765,45.78770467956119,45.51841982964473,45.51841982964473,45.51841982964473,1,1,fit,True,fit,True,rain,1
Squash,2025-06-08,44.69943884249069,45.3302262222126,44.721896786773314,44.67839145489602,45.09839610212593,44.888393778510974,44.67839145489602,44.67839145489602,44.67839145489602,1,1,fit,True,fit,True,none,0
Squash,2025-06-15,43.95201023925066,44.69943884249069,44.03923058215551,44.0822029006193,44.535420554235955,44.308811727427624,44.0822029006193,44.0822029006193,44.0822029006193,0,1,fit,True,fit,True,none,0
Squash,2025-06-22,43.082740909165665,43.95201023925066,43.30689113190086,43.26021674523124,43.55619686353922,43.40820680438523,43.26021674523124,43.26021674523124,43.26021674523124,0,0,fit,True,fit,True,none,0
Squash,2025-06-29,42.08558376124377,43.082740909165665,42.3525745699776,42.38239085133245,42.903293541378304,42.642842196355375,42.38239085133245,42.38239085133245,42.38239085133245,0,0,fit,True,fit,True,diesel,1
Squash,2025-07-06,40.95360205010816,42.08558376124377,41.11791059665901,41.109246085461066,41.729042664079614,41.41914437477034,41.109246085461066,41.109246085461066,41.109246085461066,1,1,fit,True,fit,True,diesel,1
Squash,2025-07-13,40.32122363737363,40.95360205010816,39.89013704986538,39.86973400391357,40.30826881961271,40.089001411763135,39.86973400391357,39.86973400391357,39.86973400391357,1,1,fit,True,fit,True,none,0
Squash,2025-07-20,40.184049368864635,40.32122363737363,40.15972593937121,40.194847020791855,39.797164162905396,39.99600559184863,40.194847020791855,40.194847020791855,40.194847020791855,0,0,fit,True,fit,True,none,0
Squash,2025-07-27,40.54112498880023,40.184049368864635,40.53289873982067,40.503401775605724,39.680653513437846,40.092027644521785,40.503401775605724,40.503401775605724,40.503401775605724,0,0,fit,True,fit,True,none,0
Squash,2025-08-03,41.39493450149304,40.54112498880023,41.26558573616619,41.29658463996828,40.130511243349254,40.71354794165877,41.29658463996828,41.29658463996828,41.29658463996828,0,0,fit,True,fit,True,none,0
Squash,2025-08-10,43.521812905000715,41.39493450149304,42.192364474865286,42.15470259658704,41.12900384887463,41.64185322273084,42.15470259658704,42.15470259658704,42.15470259658704,0,0,fit,True,fit,True,none,0
Squash,2025-08-17,46.93655587517381,43.521812905000715,46.103595594246634,46.127878352371376,43.16604800932315,44.646963180847266,46.127878352371376,46.127878352371376,46.127878352371376,0,0,fit,True,fit,True,diesel,1
Squash,2025-08-24,51.6629181457178,46.93655587517381,50.84499248496816,50.82768581933979,47.06630800449014,48.946996911914965,50.82768581933979,50.82768581933979,50.82768581933979,1,1,fit,True,fit,True,none,0
Squash,2025-08-31,57.733778758514795,51.6629181457178,56.640397399846,56.682597086937896,51.578853781284515,54.130725434111206,56.682597086937896,56.682597086937896,56.682597086937896,0,0,fit,True,fit,True,none,0
Squash,2025-09-07,65.19136978739292,57.733778758514795,63.32757421967785,63.302789965961956,58.11223749684182,60.70751373140189,63.302789965961956,63.302789965961956,63.302789965961956,0,0,fit,True,fit,True,none,0
Squash,2025-09-14,70.2499077709665,65.19136978739292,72.41179463947186,72.40486430539156,67.5095000421384,69.95718217376498,72.40486430539156,72.40486430539156,72.40486430539156,0,0,fit,True,fit,True,none,0
Squash,2025-09-21,72.94458253868646,70.2499077709665,73.00377680203931,73.02388531643149,72.32920984349153,72.67654757996151,73.02388531643149,73.02388531643149,73.02388531643149,0,0,fit,True,fit,True,none,0
Squash,2025-09-28,73.29413965415438,72.94458253868646,72.95524511217332,72.99700479339982,73.57638420351572,73.28669449845776,72.99700479339982,72.99700479339982,72.99700479339982,0,0,fit,True,fit,True,none,0
Squash,2025-10-05,71.30101081904309,73.29413965415438,70.92743562061172,70.87854142151554,72.72740194272478,71.80297168212016,70.87854142151554,70.87854142151554,70.87854142151554,0,0,fit,True,fit,True,none,0
Squash,2025-10-12,70.15475834403233,71.30101081904309,69.19630174103067,69.21549288845486,70.35671779688732,69.78610534267109,69.21549288845486,69.21549288845486,69.21549288845486,0,0,fit,True,fit,True,none,0
Squash,2025-10-19,69.84740829886115,70.15475834403233,70.02436742145805,70.02601892176648,68.84725643191533,69.4366376768409,70.02601892176648,70.02601892176648,70.02601892176648,0,0,fit,True,fit,True,none,0
Squash,2025-10-26,70.37682259625885,69.84740829886115,70.25215716249423,70.35248540707664,68.83707654894508,69.59478097801086,70.35248540707664,70.35248540707664,70.35248540707664,0,0,fit,True,fit,True,none,0
Squash,2025-11-02,71.74668411829421,70.37682259625885,71.72543785184867,71.65106316072612,69.92269054598304,70.78687685335458,71.65106316072612,71.65106316072612,71.65106316072612,0,0,fit,True,fit,True,none,0
Squash,2025-11-09,71.43756985827369,71.74668411829421,73.04962194817948,73.04373078912622,71.3978299043412,72.2207803467337,73.04373078912622,73.04373078912622,73.04373078912622,0,0,fit,True,fit,True,diesel,1
Squash,2025-11-16,69.44732945612748,71.43756985827369,70.12992592417282,70.16126991113073,71.3048667924015,70.73306835176612,70.16126991113073,70.16126991113073,70.16126991113073,1,1,fit,True,fit,True,none,0
Squash,2025-11-23,65.76211776123205,69.44732945612748,66.38124400421268,66.32344773219378,69.20777333728154,67.76561053473766,66.32344773219378,66.32344773219378,66.32344773219378,0,0,fit,True,fit,True,none,0
Squash,2025-11-30,60.35629851831851,65.76211776123205,61.10234543225171,61.15941817092759,64.76587273464361,62.962645452785594,61.15941817092759,61.15941817092759,61.15941817092759,0,0,fit,True,fit,True,none,0
Squash,2025-12-07,53.19226602830571,60.35629851831851,55.320892325564046,55.315202766634805,59.321873259682036,57.31853801315842,55.315202766634805,55.315202766634805,55.315202766634805,0,0,fit,True,fit,True,none,0
Squash,2025-12-14,48.66368678159792,53.19226602830571,46.08220171973165,46.066575815880995,53.016090672394455,49.541333244137725,46.066575815880995,46.066575815880995,46.066575815880995,0,1,fit,True,fit,True,none,0
Squash,2025-12-21,46.73905761821807,48.66368678159792,46.479483578117964,46.451924476102214,46.752156406117265,46.602040441109736,46.451924476102214,46.451924476102214,46.451924476102214,0,0,fit,True,fit,True,none,0
Squash,2025-12-28,47.40498981355129,46.73905761821807,47.46180497413539,47.45107836302524,45.873784500198965,46.662431431612106,47.45107836302524,47.45107836302524,47.45107836302524,0,0,fit,True,fit,True,rain,1
Squash,2026-01-04,50.66611593939122,47.40498981355129,51.04737564949075,51.10968911853873,46.82046661256252,48.965077865550626,51.10968911853873,51.10968911853873,51.10968911853873,1,1,fit,True,fit,True,rain,1
Squash,2026-01-11,53.39498534793891,50.66611593939122,53.940226662692744,53.89217274437319,50.88323277212437,52.38770275824878,53.89217274437319,53.89217274437319,53.89217274437319,1,1,fit,True,fit,True,none,0
Squash,2026-01-18,55.61058147855814,53.39498534793891,54.95814121149269,54.96951019121314,53.92095670099296,54.445233446103046,54.96951019121314,54.96951019121314,54.96951019121314,0,0,fit,True,fit,True,none,0
Squash,2026-01-25,57.328317173896714,55.61058147855814,56.84026568415356,56.80422856440551,55.66534451254423,56.23478653847487,56.80422856440551,56.80422856440551,56.80422856440551,0,1,fit,True,fit,True,none,0
Squash,2026-02-01,58.56014189966132,57.328317173896714,58.26059919760337,58.25757452907939,57.08835650342552,57.67296551625246,58.25757452907939,58.25757452907939,58.25757452907939,0,0,fit,True,fit,True,none,0
Squash,2026-02-08,59.49377054444082,58.56014189966132,59.65496482073081,59.6840237456056,58.09862864859511,58.891326197100355,59.6840237456056,59.6840237456056,59.6840237456056,0,0,fit,True,fit,True,none,0
Squash,2026-02-15,60.13569791619889,59.49377054444082,59.98072157077574,59.98733138830811,59.016745154769495,59.5020382715388,59.98733138830811,59.98733138830811,59.98733138830811,0,0,fit,True,fit,True,none,0
Squash,2026-02-22,60.490389596652115,60.13569791619889,60.370755624493206,60.36205590706788,60.047591008294745,60.204823457681314,60.36205590706788,60.36205590706788,60.36205590706788,0,0,fit,True,fit,True,both,1
Squash,2026-03-01,60.560313006186234,60.490389596652115,60.57515923251696,60.48610956755661,60.09085394067677,60.28848175411669,60.48610956755661,60.48610956755661,60.48610956755661,1,1,fit,True,fit,True,diesel,1
Squash,2026-03-08,60.78618830774521,60.560313006186234,60.54698223380142,60.698789193765855,60.36073907210802,60.52976413293693,60.698789193765855,60.698789193765855,60.698789193765855,1,1,fit,True,fit,True,none,0
Squash,2026-03-15,61.16958680777468,60.78618830774521,61.028674912309796,60.96143814292765,60.623246062142606,60.79234210253513,60.96143814292765,60.96143814292765,60.96143814292765,0,0,fit,True,fit,True,diesel,1
Squash,2026-03-22,61.7131756262748,61.16958680777468,61.58431303397905,61.63234546902238,61.01724198489107,61.32479372695673,61.63234546902238,61.63234546902238,61.63234546902238,1,1,fit,True,fit,True,diesel,1
Squash,2026-03-29,62.42073625067867,61.7131756262748,62.33821749103049,62.179128336525864,61.636395381566736,61.9077618590463,62.179128336525864,62.179128336525864,62.179128336525864,1,1,fit,True,fit,True,diesel,1
Squash,2026-04-05,63.29719084185167,62.42073625067867,63.00666594668639,63.167609120104565,62.27029251794018,62.71895081902237,63.167609120104565,63.167609120104565,63.167609120104565,1,1,fit,True,fit,True,diesel,1
Squash,2026-04-12,63.42895542864409,63.29719084185167,64.06010641611756,63.98758293670803,63.08267141562506,63.53512717616654,63.98758293670803,63.98758293670803,63.98758293670803,1,1,fit,True,fit,True,diesel,1
Squash,2026-04-19,62.816946634268376,63.42895542864409,63.0106107238449,63.059624373823524,62.8268663216075,62.94324534771551,63.059624373823524,63.059624373823524,63.059624373823524,1,1,fit,True,fit,True,diesel,1
Squash,2026-04-26,61.45690700624192,62.816946634268376,61.65085228693276,61.52743899309028,62.345034399246785,61.936236696168535,61.52743899309028,61.52743899309028,61.52743899309028,1,1,fit,True,fit,True,diesel,1
Squash,2026-05-03,59.339375399326286,61.45690700624192,59.53271593365737,59.657198563648,60.376991840340736,60.017095201994366,59.657198563648,59.657198563648,59.657198563648,1,1,fit,True,fit,True,both,1
Squash,2026-05-10,57.537041221477736,59.339375399326286,57.292037413518074,57.27833083069738,58.41031976816555,57.84432529943146,57.27833083069738,57.27833083069738,57.27833083069738,1,1,fit,True,fit,True,rain,1
Squash,2026-05-17,56.03736649580689,57.537041221477736,56.25989230907673,56.262095366252666,57.12968528709625,56.69589032667446,56.262095366252666,56.262095366252666,56.262095366252666,1,1,fit,True,fit,True,diesel,1
Squash,2026-05-24,54.829918702482985,56.03736649580689,55.077084935866736,55.02583698217535,55.64782883353921,55.33683290785728,55.02583698217535,55.02583698217535,55.02583698217535,1,1,fit,True,fit,True,rain,1
Squash,2026-05-31,53.90629820468291,54.829918702482985,54.13618302619871,54.17873843912707,54.46646027767639,54.32259935840173,54.17873843912707,54.17873843912707,54.17873843912707,1,1,fit,True,fit,True,none,0
Squash,2026-06-07,53.26007981633501,53.90629820468291,53.08952239191156,53.13410880643601,53.65536378266677,53.39473629455139,53.13410880643601,53.13410880643601,53.13410880643601,0,0,fit,True,fit,True,diesel,1
Squash,2026-06-14,52.86675460123709,53.26007981633501,52.88037868074615,52.81086702086487,52.9337440583642,52.87230553961453,52.81086702086487,52.81086702086487,52.81086702086487,1,1,fit,True,fit,True,diesel,1
Squash,2026-06-21,52.72358638397976,52.86675460123709,52.77215130029558,52.79162216073298,52.72703904890707,52.75933060482002,52.79162216073298,52.79162216073298,52.79162216073298,1,1,fit,True,fit,True,none,0
Squash,2026-06-28,52.829579211747344,52.72358638397976,52.834781218542496,52.82661715300098,52.73022653698548,52.77842184499323,52.82661715300098,52.82661715300098,52.82661715300098,0,0,fit,True,fit,True,diesel,1
Squash,2026-07-05,53.185470425950385,52.829579211747344,52.98980590114794,53.026593739175,52.782865483289655,52.90472961123233,53.026593739175,53.026593739175,53.026593739175,1,1,fit,True,fit,True,none,0
Squash,2026-07-12,53.15401774590862,53.185470425950385,53.65405710961606,53.61761515061752,53.20732362517903,53.41246938789827,53.61761515061752,53.61761515061752,53.61761515061752,0,0,fit,True,fit,True,none,0
Squash,2026-07-19,52.73500237036958,53.15401774590862,52.94436874370051,52.968698742830654,52.91164745336425,52.94017309809745,52.968698742830654,52.968698742830654,52.968698742830654,0,1,fit,True,fit,True,diesel,1
Squash,2026-07-26,51.92550940976431,52.73500237036958,52.08663407825781,52.059592868709615,52.6607506664516,52.36017176758061,52.059592868709615,52.059592868709615,52.059592868709615,1,1,fit,True,fit,True,none,0
Tomato,2024-11-10,128.87936205939224,113.3162492266516,132.5596495955409,132.60881536674162,116.81562456997436,124.712219968358,132.60881536674162,132.60881536674162,132.60881536674162,0,0,fit,True,fit,True,none,0
Tomato,2024-11-17,139.8168122191264,128.87936205939224,137.50300011366278,137.45899090885055,132.45332260207107,134.95615675546082,137.45899090885055,137.45899090885055,137.45899090885055,0,0,fit,True,fit,True,none,0
Tomato,2024-11-24,146.30757616301327,139.8168122191264,143.556055289994,143.53795685897254,142.8668302912547,143.2023935751136,143.53795685897254,143.53795685897254,143.53795685897254,0,0,fit,True,fit,True,none,0
Tomato,2024-12-01,148.45786639195296,146.30757616301327,147.3734965045455,147.3140107227113,149.63617585440426,148.4750932885578,147.3140107227113,147.3140107227113,147.3140107227113,0,1,fit,True,fit,True,none,0
Tomato,2024-12-08,151.174658650995,148.45786639195296,149.76462180758728,149.80507704500022,150.690764627274,150.2479208361371,149.80507704500022,149.80507704500022,149.80507704500022,0,0,reused_params,False,fit,True,none,0
Tomato,2024-12-15,154.50240954074175,151.174658650995,153.39381487867232,153.3562869398982,151.8603004165895,152.60829367824385,153.3562869398982,153.3562869398982,153.3562869398982,0,0,fit,True,fit,True,diesel,1
Tomato,2024-12-22,158.49557316666193,154.50240954074175,156.75755632673471,156.8025901824736,154.9324742189339,155.86753220070375,156.8025901824736,156.8025901824736,156.8025901824736,1,1,fit,True,fit,True,none,0
Tomato,2024-12-29,163.21949220627062,158.49557316666193,161.44477015525035,161.21622844173984,159.2314459717805,160.22383720676015,161.21622844173984,161.21622844173984,161.21622844173984,0,0,reused_params,False,fit,True,none,0
Tomato,2025-01-05,168.75146715294318,163.21949220627062,166.6407644351484,166.84698697602752,161.58530474632494,164.21614586117624,166.84698697602752,166.84698697602752,166.84698697602752,0,1,fit,True,fit,True,rain,1
Tomato,2025-01-12,168.21005274921794,168.75146715294318,173.16563135728134,173.11223261256148,168.15845005165534,170.6353413321084,173.11223261256148,173.11223261256148,173.11223261256148,1,1,reused_params,False,reused_params,False,diesel,1
Tomato,2025-01-19,161.58638948667038,168.21005274921794,162.73640081235106,162.63752101800853,166.3220235314979,164.4797722747532,162.63752101800853,162.63752101800853,162.63752101800853,1,1,fit,True,fit,True,none,0
Tomato,2025-01-26,148.77209014827696,161.58638948667038,149.78360289336803,149.83159258219365,158.6105079101323,154.22105024616297,149.83159258219365,149.83159258219365,149.83159258219365,0,0,fit,True,fit,True,none,0
Tomato,2025-02-02,129.55746619940942,148.77209014827696,131.65439032375832,131.8463713156024,144.7368571274945,138.29161422154846,131.8463713156024,131.8463713156024,131.8463713156024,0,0,reused_params,False,fit,True,none,0
Tomato,2025-02-09,115.09160387030558,129.55746619940942,110.73344558700546,110.5685861716468,125.55736224890893,118.06297421027787,110.5685861716468,110.5685861716468,110.5685861716468,0,0,fit,True,fit,True,none,0
Tomato,2025-02-16,105.1377890501255,115.09160387030558,105.71397567860343,105.79601279138721,109.7702232550712,107.7831180232292,105.79601279138721,105.79601279138721,105.79601279138721,0,0,fit,True,fit,True,none,0
Tomato,2025-02-23,99.53314113272071,105.1377890501255,100.3994705053917,100.36917061389425,102.25171784498635,101.3104442294403,100.36917061389425,100.36917061389425,100.36917061389425,0,0,fit,True,fit,True,none,0
Tomato,2025-03-02,98.18594769762478,99.53314113272071,98.12992854604505,98.15592145353953,96.46793150556923,97.31192647955439,98.15592145353953,98.15592145353953,98.15592145353953,0,0,fit,True,fit,True,diesel,1
Tomato,2025-03-09,95.25982271347294,98.18594769762478,96.57822110386608,96.65079487989834,96.01569799707852,96.33324643848843,96.65079487989834,96.65079487989834,96.65079487989834,1,1,fit,True,fit,True,rain,1
Tomato,2025-03-16,90.70688413507,95.25982271347294,91.09190235155368,91.01930812414001,92.96404420051823,91.99167616232913,91.01930812414001,91.01930812414001,91.01930812414001,1,1,fit,True,fit,True,none,0
Tomato,2025-03-23,84.45262933113308,90.70688413507,85.32636632292319,85.30274779918552,88.33913897401348,86.82094338659951,85.30274779918552,85.30274779918552,85.30274779918552,0,0,fit,True,fit,True,none,0
Tomato,2025-03-30,76.394715950325,84.45262933113308,77.80633441180586,77.87769837809957,81.49693203308316,79.68731520559136,77.87769837809957,77.87769837809957,77.87769837809957,0,0,fit,True,fit,True,none,0
Tomato,2025-04-06,66.4012872282325,76.394715950325,69.05230182131218,69.10015333023797,72.9473909590988,71.02377214466838,69.10015333023797,69.10015333023797,69.10015333023797,0,1,reused_params,False,fit,True,none,0
Tomato,2025-04-13,61.27749155388646,66.4012872282325,56.89321140758012,56.93985860373718,64.1001614633857,60.52001003356144,56.93985860373718,56.93985860373718,56.93985860373718,0,0,reused_params,False,fit,True,diesel,1
Tomato,2025-04-20,60.93948499807021,61.27749155388646,60.05963254547552,59.985431209702895,61.77386872397237,60.87964996683763,59.985431209702895,59.985431209702895,59.985431209702895,1,1,fit,True,fit,True,none,0
Tomato,2025-04-27,65.38173654441593,60.93948499807021,65.09687136774993,65.24637110669411,62.481261655174706,63.86381638093441,65.24637110669411,65.24637110669411,65.24637110669411,0,1,reused_params,False,fit,True,none,0
Tomato,2025-05-04,74.67693758186377,65.38173654441593,74.14563376414101,74.02393689690939,66.40675702457187,70.21534696074063,74.02393689690939,74.02393689690939,74.02393689690939,0,0,fit,True,fit,True,diesel,1
Tomato,2025-05-11,79.52373672920338,74.67693758186377,83.47619475829822,83.5848114365256,76.58336317714728,80.08408730683644,83.5848114365256,83.5848114365256,83.5848114365256,1,1,fit,True,fit,True,none,0
Tomato,2025-05-18,80.00144524520944,79.52373672920338,80.47583418780391,80.37669839796654,81.77901984649769,81.07785912223211,80.37669839796654,80.37669839796654,80.37669839796654,0,0,fit,True,fit,True,rain,1
Tomato,2025-05-25,76.11788017832559,80.00144524520944,76.88700094280028,77.00676874724283,82.18997163719247,79.59837019221766,77.00676874724283,77.00676874724283,77.00676874724283,1,1,reused_params,False,fit,True,rain,1
Tomato,2025-06-01,67.8094922820029,76.11788017832559,69.99940700959823,69.93350734759522,76.23247471981567,73.08299103370544,69.93350734759522,69.93350734759522,69.93350734759522,1,1,reused_params,False,fit,True,rain,1
Tomato,2025-06-08,61.93115876767742,67.8094922820029,60.679800420733066,60.805314047269114,67.48484884890888,64.145081448089,60.805314047269114,60.805314047269114,60.805314047269114,1,1,reused_params,False,fit,True,none,0
Tomato,2025-06-15,58.38668872329653,61.93115876767742,59.11511287472383,59.03335741297244,62.208716438747516,60.62103692585998,59.03335741297244,59.03335741297244,59.03335741297244,0,1,reused_params,False,fit,True,none,0
Tomato,2025-06-22,57.11808172995221,58.38668872329653,57.97303136877015,58.057893829490524,60.52922965499819,59.29356174224436,58.057893829490524,58.057893829490524,58.057893829490524,0,0,fit,True,fit,True,none,0
Tomato,2025-06-29,58.104578764116965,57.11808172995221,58.818960876168724,58.77265302631979,59.59073225790631,59.18169264211305,58.77265302631979,58.77265302631979,58.77265302631979,0,0,fit,True,fit,True,diesel,1
Tomato,2025-07-06,61.36232250453167,58.104578764116965,59.607539736340186,59.65162596433609,59.66807583061477,59.65985089747543,59.65162596433609,59.65162596433609,59.65162596433609,1,1,fit,True,fit,True,diesel,1
Tomato,2025-07-13,63.20765462754862,61.36232250453167,65.65637627838265,65.68376280209232,63.00555580378704,64.34465930293968,65.68376280209232,65.68376280209232,65.68376280209232,1,1,fit,True,fit,True,none,0
Tomato,2025-07-20,63.67077147699902,63.20765462754862,64.55369204267802,64.44500316215775,63.760109099136756,64.10255613064726,64.44500316215775,64.44500316215775,64.44500316215775,0,0,fit,True,fit,True,none,0
Tomato,2025-07-27,62.75925132860109,63.67077147699902,63.44842122827606,63.52632497747943,64.44851064421246,63.98741781084595,63.52632497747943,63.52632497747943,63.52632497747943,0,0,reused_params,False,fit,True,none,0
Tomato,2025-08-03,60.45817839810833,62.75925132860109,60.06384960987501,60.080598365466585,62.67812992115184,61.37936414330922,60.080598365466585,60.080598365466585,60.080598365466585,0,0,reused_params,False,fit,True,none,0
Tomato,2025-08-10,59.81784124132753,60.45817839810833,58.912326811226386,58.92560115061118,60.22020502099976,59.572903085805464,58.92560115061118,58.92560115061118,58.92560115061118,0,0,fit,True,fit,True,none,0
Tomato,2025-08-17,60.82776161387499,59.81784124132753,61.01650228898247,60.96737387997423,59.519829759565596,60.243601819769914,60.96737387997423,60.96737387997423,60.96737387997423,0,0,fit,True,fit,True,diesel,1
Tomato,2025-08-24,63.5044654854833,60.82776161387499,63.61221668764932,63.65731526627979,60.799793944805224,62.228554605542506,63.65731526627979,63.65731526627979,63.65731526627979,1,1,fit,True,fit,True,none,0
Tomato,2025-08-31,67.89175346496057,63.5044654854833,66.75023035786337,66.6935416913882,63.71801052477945,65.20577610808382,66.6935416913882,66.6935416913882,66.6935416913882,0,0,fit,True,fit,True,none,0
Tomato,2025-09-07,74.06141753742557,67.89175346496057,72.15081385423788,72.19715276155083,68.46980151536417,70.3334771384575,72.19715276155083,72.19715276155083,72.19715276155083,0,0,fit,True,fit,True,none,0
Tomato,2025-09-14,79.4299588938509,74.06141753742557,80.60004616224138,80.55202750891054,75.20781775066715,77.87992262978884,80.55202750891054,80.55202750891054,80.55202750891054,0,0,fit,True,fit,True,none,0
Tomato,2025-09-21,84.08522639279624,79.4299588938509,84.04487968280273,84.0696551589462,81.42154188354358,82.74559852124489,84.0696551589462,84.0696551589462,84.0696551589462,0,0,fit,True,fit,True,none,0
Tomato,2025-09-28,88.10339713878977,84.08522639279624,87.14893189168609,87.12197515266297,85.84637258057853,86.48417386662075,87.12197515266297,87.12197515266297,87.12197515266297,0,0,fit,True,fit,True,none,0
Tomato,2025-10-05,91.55022301676595,88.10339713878977,90.21517123079013,90.25700706910378,91.1262855608021,90.69164631495295,90.25700706910378,90.25700706910378,90.25700706910378,0,0,fit,True,fit,True,none,0
Tomato,2025-10-12,93.39632956857032,91.55022301676595,95.06610737275808,94.99456866451551,91.8305469692024,93.41255781685896,94.99456866451551,94.99456866451551,94.99456866451551,0,0,fit,True,fit,True,none,0
Tomato,2025-10-19,93.67192581050504,93.39632956857032,94.64791429658142,94.67315704229323,93.52665308291263,94.09990506260293,94.67315704229323,94.67315704229323,94.67315704229323,0,0,fit,True,fit,True,none,0
Tomato,2025-10-26,92.38152149925634,93.67192581050504,92.794650316904,92.78424158838756,93.04355069749464,92.9138961429411,92.78424158838756,92.78424158838756,92.78424158838756,0,0,fit,True,fit,True,none,0
Tomato,2025-11-02,89.50400092791291,92.38152149925634,89.69841101719146,89.73750899630403,91.6460940004389,90.69180149837146,89.73750899630403,89.73750899630403,89.73750899630403,0,0,fit,True,fit,True,none,0
Tomato,2025-11-09,86.41596536710914,89.50400092791291,87.15405249593657,87.09619284187231,88.62013938616487,87.85816611401859,87.09619284187231,87.09619284187231,87.09619284187231,0,0,fit,True,fit,True,diesel,1
Tomato,2025-11-16,83.06688332585006,86.41596536710914,84.59805846125519,84.53533965424819,85.78489689901527,85.16011827663172,84.53533965424819,84.53533965424819,84.53533965424819,1,1,fit,True,fit,True,none,0
Tomato,2025-11-23,79.40195164346052,83.06688332585006,80.7279438997561,80.93045437604172,83.07167508852987,82.0010647322858,80.93045437604172,80.93045437604172,80.93045437604172,0,0,fit,True,fit,True,none,0
Tomato,2025-11-30,75.36119871059235,79.40195164346052,76.28535376562219,76.18080770200774,78.77396068238569,77.47738419219672,76.18080770200774,76.18080770200774,76.18080770200774,0,0,fit,True,fit,True,none,0
Tomato,2025-12-07,70.87850311561675,75.36119871059235,72.04698514096984,72.0772876196109,75.30018208393629,73.6887348517736,72.0772876196109,72.0772876196109,72.0772876196109,0,0,fit,True,fit,True,none,0
Tomato,2025-12-14,70.53011817408265,70.87850311561675,67.62730588282983,67.6055025295925,70.27112934156509,68.9383159355788,67.6055025295925,67.6055025295925,67.6055025295925,0,1,fit,True,fit,True,none,0
Tomato,2025-12-21,74.31034304149219,70.53011817408265,73.43103791319251,73.48803158225417,71.20559377146424,72.3468126768592,73.48803158225417,73.48803158225417,73.48803158225417,0,0,fit,True,fit,True,none,0
Tomato,2025-12-28,82.28103594294848,74.31034304149219,81.06493598234646,81.0537065609762,75.62900151259967,78.34135403678793,81.0537065609762,81.0537065609762,81.0537065609762,0,0,fit,True,fit,True,rain,1
Tomato,2026-01-04,94.57262639865712,82.28103594294848,92.51637568037185,92.42385494296478,84.06773499957384,88.2457949712693,92.42385494296478,92.42385494296478,92.42385494296478,1,1,fit,True,fit,True,rain,1
Tomato,2026-01-11,103.29445942431336,94.57262639865712,106.05917782958926,106.13354664658877,98.84113530978993,102.48734097818935,106.13354664658877,106.13354664658877,106.13354664658877,1,1,fit,True,fit,True,none,0
Tomato,2026-01-18,108.5892559239733,103.29445942431336,107.94445184348052,107.96610920499822,106.89323481112366,107.42967200806095,107.96610920499822,107.96610920499822,107.96610920499822,0,0,fit,True,fit,True,none,0
Tomato,2026-01-25,110.54365802217688,108.5892559239733,109.40743049472198,109.34730929917669,110.15398346875784,109.75064638396726,109.34730929917669,109.34730929917669,109.34730929917669,0,1,fit,True,fit,True,none,0
Tomato,2026-02-01,109.18964684416746,110.54365802217688,108.61783678891312,108.67148496347954,110.82162014056411,109.74655255202183,108.67148496347954,108.67148496347954,108.67148496347954,0,0,fit,True,fit,True,none,0
Tomato,2026-02-08,106.959919545988,109.18964684416746,107.46208228183096,107.40276878393973,109.17936844413374,108.29106861403673,107.40276878393973,107.40276878393973,107.40276878393973,0,0,fit,True,fit,True,none,0
Tomato,2026-02-15,103.81798968094104,106.959919545988,104.36093424000929,104.38067414429598,105.53377995286361,104.9572270485798,104.38067414429598,104.38067414429598,104.38067414429598,0,0,fit,True,fit,True,none,0
Tomato,2026-02-22,99.71244385123484,103.81798968094104,99.92501787501698,99.90786802633654,102.31880256908649,101.11333529771152,99.90786802633654,99.90786802633654,99.90786802633654,0,0,fit,True,fit,True,both,1
Tomato,2026-03-01,94.57610039783792,99.71244385123484,94.80739886926186,94.9647679842879,97.98070623755686,96.47273711092238,94.9647679842879,94.9647679842879,94.9647679842879,1,1,fit,True,fit,True,diesel,1
Tomato,2026-03-08,91.70083098646025,94.57610039783792,89.38988496185902,89.14065786925302,92.83956842495279,90.9901131471029,89.14065786925302,89.14065786925302,89.14065786925302,1,1,fit,True,fit,True,none,0
Tomato,2026-03-15,91.03958575400657,91.70083098646025,90.5491614557493,90.63365096881171,90.26047175165037,90.44706136023103,90.63365096881171,90.63365096881171,90.63365096881171,0,0,fit,True,fit,True,diesel,1
Tomato,2026-03-22,92.58154432394582,91.03958575400657,92.04972292052736,91.92215720301435,88.83372704657859,90.37794212479648,91.92215720301435,91.92215720301435,91.92215720301435,1,1,fit,True,fit,True,diesel,1
Tomato,2026-03-29,96.35193874560429,92.58154432394582,95.30665363597848,95.49043250803761,90.7472738466509,93.11885317734425,95.49043250803761,95.49043250803761,95.49043250803761,1,1,fit,True,fit,True,diesel,1
Tomato,2026-04-05,102.41246638224544,96.35193874560429,99.42363259407936,99.20463030361836,93.65060403071476,96.42761716716656,99.20463030361836,99.20463030361836,99.20463030361836,1,1,fit,True,fit,True,diesel,1
Tomato,2026-04-12,105.05558667801571,102.41246638224544,108.41467725980762,108.38893442754112,102.3849132392657,105.38692383340342,108.38893442754112,108.38893442754112,108.38893442754112,1,1,fit,True,fit,True,diesel,1
Tomato,2026-04-19,104.32455069230048,105.05558667801571,105.14779683561532,105.15865488578856,105.09605787419034,105.12735637998945,105.15865488578856,105.15865488578856,105.15865488578856,1,1,fit,True,fit,True,diesel,1
Tomato,2026-04-26,100.20739601806068,104.32455069230048,100.65315793912241,100.70580816653506,104.58678469465224,102.64629643059365,100.70580816653506,100.70580816653506,100.70580816653506,1,1,fit,True,fit,True,diesel,1
Tomato,2026-05-03,92.6367510333543,100.20739601806068,92.67287002553458,92.6920851045955,100.07992790892982,96.38600650676267,92.6920851045955,92.6920851045955,92.6920851045955,1,1,fit,True,fit,True,both,1
Tomato,2026-05-10,86.46910772317482,92.6367510333543,85.8318821797412,85.83063646991076,91.76747379450848,88.79905513220962,85.83063646991076,85.83063646991076,85.83063646991076,1,1,fit,True,fit,True,rain,1
Tomato,2026-05-17,81.60354101517385,86.46910772317482,82.85022974260912,82.82794317893112,85.6421419143064,84.23504254661876,82.82794317893112,82.82794317893112,82.82794317893112,1,1,fit,True,fit,True,diesel,1
Tomato,2026-05-24,77.96043254503866,81.60354101517385,79.14970602322992,79.15883864599496,80.84086686232274,79.99985275415885,79.15883864599496,79.15883864599496,79.15883864599496,1,1,fit,True,fit,True,rain,1
Tomato,2026-05-31,75.48016781053067,77.96043254503866,75.64310767613196,75.69970072677381,77.64847324857374,76.67408698767377,75.69970072677381,75.69970072677381,75.69970072677381,1,1,fit,True,fit,True,none,0
Tomato,2026-06-07,74.12216066144885,75.48016781053067,73.51703945616798,73.51829974367982,75.83190969070913,74.67510471719447,73.51829974367982,73.51829974367982,73.51829974367982,0,0,fit,True,fit,True,diesel,1
Tomato,2026-06-14,77.17778883939965,74.12216066144885,74.16225965881418,74.13432783176722,73.89120713197173,74.01276748186947,74.13432783176722,74.13432783176722,74.13432783176722,1,1,fit,True,fit,True,diesel,1
Tomato,2026-06-21,84.69705353274955,77.17778883939965,83.15437717660136,83.14653327181281,78.19351814752801,80.67002570967041,83.14653327181281,83.14653327181281,83.14653327181281,1,1,fit,True,fit,True,none,0
Tomato,2026-06-28,96.80299725466244,84.69705353274955,94.43807312030332,94.4557323244954,87.45864568248405,90.95718900348973,94.4557323244954,94.4557323244954,94.4557323244954,0,0,fit,True,fit,True,diesel,1
Tomato,2026-07-05,113.69371726604231,96.80299725466244,109.81698718766505,109.7961496346201,102.22579922609799,106.01097443035904,109.7961496346201,109.7961496346201,109.7961496346201,1,1,fit,True,fit,True,none,0
Tomato,2026-07-12,124.85824338737616,113.69371726604231,129.42390285115957,129.43443508225778,117.93079307170638,123.68261407698208,129.43443508225778,129.43443508225778,129.43443508225778,0,0,fit,True,fit,True,none,0
Tomato,2026-07-19,130.47926786428576,124.85824338737616,130.16636713681527,130.16357296175184,126.21173970047126,128.18765633111155,130.16357296175184,130.16357296175184,130.16357296175184,0,1,fit,True,fit,True,diesel,1
Tomato,2026-07-26,130.64877109730236,130.47926786428576,129.48497018000384,129.47610216891312,131.72773006445055,130.60191611668182,129.47610216891312,129.47610216891312,129.47610216891312,1,1,fit,True,fit,True,none,0
Upo,2024-11-10,58.412273323997525,59.43913656262383,57.835122348974764,57.8389808906558,59.021642176189275,58.43031153342254,57.8389808906558,57.8389808906558,57.8389808906558,0,0,fit,True,fit,True,none,0
Upo,2024-11-17,57.98661187443464,58.412273323997525,58.085328235608195,58.07182890862517,58.018360531791714,58.04509472020844,58.07182890862517,58.07182890862517,58.07182890862517,0,0,fit,True,fit,True,none,0
Upo,2024-11-24,58.16197847456765,57.98661187443464,58.221219881774196,58.22410688329029,57.72220561060636,57.97315624694832,58.22410688329029,58.22410688329029,58.22410688329029,0,0,fit,True,fit,True,none,0
Upo,2024-12-01,58.93844470260082,58.16197847456765,58.91357173671353,58.959311903333365,58.281277603219266,58.62029475327631,58.959311903333365,58.959311903333365,58.959311903333365,0,1,fit,True,fit,True,none,0
Upo,2024-12-08,59.63436342498575,58.93844470260082,59.69729744307929,59.6240839215004,59.133401690697056,59.37874280609873,59.6240839215004,59.6240839215004,59.6240839215004,0,0,fit,True,fit,True,none,0
Upo,2024-12-15,60.25001869018031,59.63436342498575,60.11068249983346,60.14089303989609,59.67218126079355,59.90653715034482,60.14089303989609,60.14089303989609,60.14089303989609,0,0,fit,True,fit,True,diesel,1
Upo,2024-12-22,60.785661786048266,60.25001869018031,60.66136352661338,60.64693556918413,60.30500807653023,60.475971822857176,60.64693556918413,60.64693556918413,60.64693556918413,1,1,fit,True,fit,True,none,0
Upo,2024-12-29,61.24151134242429,60.785661786048266,61.0764365495585,61.13382032401854,60.8201555639492,60.97698794398387,61.13382032401854,61.13382032401854,61.13382032401854,0,0,fit,True,fit,True,none,0
Upo,2025-01-05,61.61775342035192,61.24151134242429,61.621089721203745,61.584244497224795,61.16969170917882,61.376968103201804,61.584244497224795,61.584244497224795,61.584244497224795,0,1,fit,True,fit,True,rain,1
Upo,2025-01-12,61.72113890848563,61.61775342035192,61.881137302734246,61.84471541557137,61.37628290462392,61.610499160097646,61.84471541557137,61.84471541557137,61.84471541557137,1,1,fit,True,fit,True,diesel,1
Upo,2025-01-19,61.55171000498386,61.72113890848563,61.620353510205035,61.652526471739925,61.4167705913584,61.534648531549166,61.652526471739925,61.652526471739925,61.652526471739925,1,1,fit,True,fit,True,none,0
Upo,2025-01-26,61.1093975551922,61.55171000498386,61.18135624072234,61.18079824108467,61.18724303978534,61.18402064043501,61.18079824108467,61.18079824108467,61.18079824108467,0,0,fit,True,fit,True,none,0
Upo,2025-02-02,60.394021023416855,61.1093975551922,60.56869773261678,60.5909184074329,60.66244333465883,60.62668087104586,60.5909184074329,60.5909184074329,60.5909184074329,0,0,fit,True,fit,True,none,0
Upo,2025-02-09,59.9503414763883,60.394021023416855,59.719888847740535,59.688746965972754,60.16451421787772,59.92663059192524,59.688746965972754,59.688746965972754,59.688746965972754,0,0,fit,True,fit,True,none,0
Upo,2025-02-16,59.778177820413944,59.9503414763883,59.80328447105193,59.79752187357857,59.620286209769574,59.708904041674074,59.79752187357857,59.79752187357857,59.79752187357857,0,0,fit,True,fit,True,none,0
Upo,2025-02-23,59.87745978461378,59.778177820413944,59.92079785075855,59.942341316045365,59.3116652297672,59.62700327290628,59.942341316045365,59.942341316045365,59.942341316045365,0,0,fit,True,fit,True,none,0
Upo,2025-03-02,60.2482278922386,59.87745978461378,60.30056799268925,60.249315256499564,59.62541144119375,59.93736334884666,60.249315256499564,60.249315256499564,60.249315256499564,0,0,fit,True,fit,True,diesel,1
Upo,2025-03-09,60.164136406784664,60.2482278922386,60.654366030623535,60.71053462327367,60.1723687777109,60.44145170049228,60.71053462327367,60.71053462327367,60.71053462327367,1,1,fit,True,fit,True,rain,1
Upo,2025-03-16,59.62515100519676,60.164136406784664,59.80470152731323,59.80207494298239,60.099457752709995,59.95076634784619,59.80207494298239,59.80207494298239,59.80207494298239,1,1,fit,True,fit,True,none,0
Upo,2025-03-23,58.6310516934331,59.62515100519676,58.82123630482965,58.819082663057266,59.62236499608998,59.22072382957362,58.819082663057266,58.819082663057266,58.819082663057266,0,0,reused_params,False,fit,True,none,0
Upo,2025-03-30,57.18143271667305,58.6310516934331,57.41716151054484,57.370696638179446,58.67908084797221,58.02488874307583,57.370696638179446,57.370696638179446,57.370696638179446,0,0,fit,True,fit,True,none,0
Upo,2025-04-06,55.27570239370112,57.18143271667305,55.86101520052608,55.919608632702,57.286087975030576,56.60284830386629,55.919608632702,55.919608632702,55.919608632702,0,1,fit,True,fit,True,none,0
Upo,2025-04-13,54.071346514061666,55.27570239370112,53.46422640750327,53.43695733567065,54.668503678491156,54.0527305070809,53.43695733567065,53.43695733567065,53.43695733567065,0,0,fit,True,fit,True,diesel,1
Upo,2025-04-20,53.56787350392585,54.071346514061666,53.48553293132353,53.52246474970994,53.4841799662864,53.50332235799817,53.52246474970994,53.52246474970994,53.52246474970994,1,1,fit,True,fit,True,none,0
Upo,2025-04-27,53.765077864106175,53.56787350392585,53.759976633082346,53.69040001357031,53.26288738465553,53.47664369911292,53.69040001357031,53.69040001357031,53.69040001357031,0,1,fit,True,fit,True,none,0
Upo,2025-05-04,54.663040086178114,53.765077864106175,54.711598322412556,54.74374026163046,53.38585541146564,54.06479783654805,54.74374026163046,54.74374026163046,54.74374026163046,0,0,reused_params,False,fit,True,diesel,1
Upo,2025-05-11,55.65680220879439,54.663040086178114,55.5586966105797,55.566919425069635,54.480882241873076,55.02390083347136,55.566919425069635,55.566919425069635,55.566919425069635,1,1,fit,True,fit,True,none,0
Upo,2025-05-18,56.74676984914805,55.65680220879439,56.365866450533105,56.40586058743143,55.41529348648909,55.91057703696026,56.40586058743143,56.40586058743143,56.40586058743143,0,0,fit,True,fit,True,rain,1
Upo,2025-05-25,57.93338789199003,56.74676984914805,57.60206713707753,57.52409773590799,56.87354143330123,57.19881958460461,57.52409773590799,57.52409773590799,57.52409773590799,1,1,fit,True,fit,True,rain,1
Upo,2025-06-01,59.21714067121559,57.93338789199003,58.892551678881595,58.96820470645758,58.08209972236761,58.52515221441259,58.96820470645758,58.96820470645758,58.96820470645758,1,1,fit,True,fit,True,rain,1
Upo,2025-06-08,59.8471190447971,59.21714067121559,60.31496076777819,60.2253986186904,59.50907960196548,59.867239110327944,60.2253986186904,60.2253986186904,60.2253986186904,1,1,fit,True,fit,True,none,0
Upo,2025-06-15,59.82358014676469,59.8471190447971,59.838059128442275,59.895145500081156,60.07196294917313,59.98355422462714,59.895145500081156,59.895145500081156,59.895145500081156,0,1,fit,True,fit,True,none,0
Upo,2025-06-22,59.14651436940474,59.82358014676469,59.153640889847324,59.128976725668196,59.842452538197215,59.48571463193271,59.128976725668196,59.128976725668196,59.128976725668196,0,0,fit,True,fit,True,none,0
Upo,2025-06-29,57.815645359338944,59.14651436940474,57.92052336676535,57.95543446278234,58.94118723110003,58.44831084694118,57.95543446278234,57.95543446278234,57.95543446278234,0,0,fit,True,fit,True,diesel,1
Upo,2025-07-06,55.830429904726294,57.815645359338944,56.465158803198484,56.43245288062615,57.42737155395908,56.92991221729261,56.43245288062615,56.43245288062615,56.43245288062615,1,1,fit,True,fit,True,diesel,1
Upo,2025-07-13,54.37244783358691,55.830429904726294,53.796973591955826,53.77041279711689,55.56079878714397,54.665605792130435,53.77041279711689,53.77041279711689,53.77041279711689,1,1,fit,True,fit,True,none,0
Upo,2025-07-20,53.44110405119805,54.37244783358691,53.40495877051179,53.46379960532937,54.02524618821261,53.74452289677099,53.46379960532937,53.46379960532937,53.46379960532937,0,0,fit,True,fit,True,none,0
Upo,2025-07-27,53.03601841724016,53.44110405119805,53.14727027095283,53.11377881087146,53.35619242164044,53.234985616255955,53.11377881087146,53.11377881087146,53.11377881087146,0,0,fit,True,fit,True,none,0
Upo,2025-08-03,53.15702559063831,53.03601841724016,53.42894607277297,53.46969190276802,53.11149861013986,53.29059525645394,53.46969190276802,53.46969190276802,53.46969190276802,0,0,fit,True,fit,True,none,0
Upo,2025-08-10,53.8854753752478,53.15702559063831,53.36177151406755,53.29443360586507,53.194423187623414,53.24442839674424,53.29443360586507,53.29443360586507,53.29443360586507,0,0,fit,True,fit,True,none,0
Upo,2025-08-17,55.221665097511234,53.8854753752478,54.74404508570063,54.786920762209355,53.99870680321535,54.39281378271235,54.786920762209355,54.786920762209355,54.786920762209355,0,0,fit,True,fit,True,diesel,1
Upo,2025-08-24,57.16614014098889,55.221665097511234,56.79732484323228,56.78044382379787,55.40703646663469,56.09374014521628,56.78044382379787,56.78044382379787,56.78044382379787,1,1,fit,True,fit,True,none,0
Upo,2025-08-31,59.71969416896374,57.16614014098889,59.34255434952806,59.38390934061036,57.40819087813145,58.396050109370904,59.38390934061036,59.38390934061036,59.38390934061036,0,0,fit,True,fit,True,none,0
Upo,2025-09-07,62.88336944838599,59.71969416896374,62.12384099115617,62.07043259823265,60.15228524962933,61.11135892393099,62.07043259823265,62.07043259823265,62.07043259823265,0,0,fit,True,fit,True,none,0
Upo,2025-09-14,64.82714480278533,62.88336944838599,65.80412634819069,65.81839634301465,63.397786023817815,64.60809118341624,65.81839634301465,65.81839634301465,65.81839634301465,0,0,fit,True,fit,True,none,0
Upo,2025-09-21,65.55181360985758,64.82714480278533,65.69332786437243,65.70429674926189,65.27060121414702,65.48744898170446,65.70429674926189,65.70429674926189,65.70429674926189,0,0,fit,True,fit,True,none,0
Upo,2025-09-28,65.05767165278935,65.55181360985758,65.12886098884347,65.13764319843399,65.38859679545881,65.2631199969464,65.13764319843399,65.13764319843399,65.13764319843399,0,0,fit,True,fit,True,none,0
Upo,2025-10-05,63.344517240985695,65.05767165278935,63.399771362423735,63.35216984852134,64.77416192149663,64.06316588500898,63.35216984852134,63.35216984852134,63.35216984852134,0,0,fit,True,fit,True,none,0
Upo,2025-10-12,61.989710481047965,63.344517240985695,61.560323892226876,61.60361564871876,62.856428961023155,62.23002230487096,61.60361564871876,61.60361564871876,61.60361564871876,0,0,fit,True,fit,True,none,0
Upo,2025-10-19,60.99269839062514,61.989710481047965,61.31661985085983,61.30201364907338,61.37557116258178,61.338792405827576,61.30201364907338,61.30201364907338,61.30201364907338,0,0,fit,True,fit,True,none,0
Upo,2025-10-26,60.353074026006865,60.99269839062514,60.62606579457208,60.62220161022631,60.423498470924514,60.52285004057541,60.62220161022631,60.62220161022631,60.62220161022631,0,0,fit,True,fit,True,none,0
Upo,2025-11-02,60.07057631602386,60.353074026006865,60.290157729427634,60.27229304067737,59.717353415388274,59.99482322803282,60.27229304067737,60.27229304067737,60.27229304067737,0,0,fit,True,fit,True,none,0
Upo,2025-11-09,59.49439575174698,60.07057631602386,59.856471015410285,59.879080113363734,59.916477820182834,59.89777896677329,59.879080113363734,59.879080113363734,59.879080113363734,0,0,fit,True,fit,True,diesel,1
Upo,2025-11-16,58.624297157435635,59.49439575174698,58.83785230220766,58.86423413017845,59.43983408087739,59.15203410552792,58.86423413017845,58.86423413017845,58.86423413017845,1,1,fit,True,fit,True,none,0
Upo,2025-11-23,57.45992539080642,58.624297157435635,57.70690458052925,57.64469005141379,58.55994281968377,58.10231643554878,57.64469005141379,57.64469005141379,57.64469005141379,0,0,fit,True,fit,True,none,0
Upo,2025-11-30,56.00080519807712,57.45992539080642,56.236248458121466,56.28185774126006,57.21291651579402,56.74738712852704,56.28185774126006,56.28185774126006,56.28185774126006,0,0,fit,True,fit,True,none,0
Upo,2025-12-07,54.246341019985394,56.00080519807712,54.6783460661148,54.675555353275804,55.999227145548915,55.33739124941236,54.675555353275804,54.675555353275804,54.675555353275804,0,0,fit,True,fit,True,none,0
Upo,2025-12-14,54.17796414305532,54.246341019985394,52.64082006763136,52.64481573755002,54.27211719576748,53.45846646665875,52.64481573755002,52.64481573755002,52.64481573755002,0,1,fit,True,fit,True,none,0
Upo,2025-12-21,55.79564665835749,54.17796414305532,55.174869991140355,55.15578802048225,54.374730430143714,54.76525922531298,55.15578802048225,55.15578802048225,55.15578802048225,0,0,fit,True,fit,True,none,0
Upo,2025-12-28,59.10004884446961,55.79564665835749,58.53562257916038,58.53641480174499,56.08348493855845,57.30994987015172,58.53641480174499,58.53641480174499,58.53641480174499,0,0,fit,True,fit,True,rain,1
Upo,2026-01-04,64.0925194369779,59.10004884446961,63.42042760386853,63.489995943484416,59.71057010139329,61.60028302243885,63.489995943484416,63.489995943484416,63.489995943484416,1,1,fit,True,fit,True,rain,1
Upo,2026-01-11,67.3199131673699,64.0925194369779,68.80570361717179,68.71380791717557,65.16789296736577,66.94085044227067,68.71380791717557,68.71380791717557,68.71380791717557,1,1,fit,True,fit,True,none,0
Upo,2026-01-18,68.78354733920891,67.3199131673699,68.61198676825248,68.63208505242676,68.11319138468558,68.37263821855618,68.63208505242676,68.63208505242676,68.63208505242676,0,0,fit,True,fit,True,none,0
Upo,2026-01-25,68.48401935419791,68.78354733920891,68.31764141134255,68.35147386077819,68.74999725557167,68.55073555817492,68.35147386077819,68.35147386077819,68.35147386077819,0,1,fit,True,fit,True,none,0
Upo,2026-02-01,66.42120695601638,68.48401935419791,66.41444802758355,66.3716396017863,68.1380959006285,67.2548677512074,66.3716396017863,66.3716396017863,66.3716396017863,0,0,fit,True,fit,True,none,0
Upo,2026-02-08,64.99586413007673,66.42120695601638,64.31812480010487,64.35335429295861,65.74317700158294,65.04826564727077,64.35335429295861,64.35335429295861,64.35335429295861,0,0,fit,True,fit,True,none,0
Upo,2026-02-15,64.2074091037971,64.99586413007673,64.40710008169896,64.37289547395964,64.58850423198636,64.480699852973,64.37289547395964,64.37289547395964,64.37289547395964,0,0,fit,True,fit,True,none,0
Upo,2026-02-22,64.05552005879942,64.2074091037971,64.21278015890094,64.23392643656643,63.686207075999405,63.96006675628292,64.23392643656643,64.23392643656643,64.23392643656643,0,0,fit,True,fit,True,both,1
Upo,2026-03-01,64.54013499955492,64.05552005879942,64.72320394993058,64.59542966230379,63.75705731027189,64.17624348628783,64.59542966230379,64.59542966230379,64.59542966230379,1,1,fit,True,fit,True,diesel,1
Upo,2026-03-08,64.97977961460789,64.54013499955492,65.02801429951327,65.22938373922145,64.3708469454463,64.80011534233387,65.22938373922145,65.22938373922145,65.22938373922145,1,1,fit,True,fit,True,none,0
Upo,2026-03-15,65.37463335073981,64.97977961460789,65.2849386070364,65.19549198935285,64.97366519505819,65.08457859220552,65.19549198935285,65.19549198935285,65.19549198935285,0,0,fit,True,fit,True,diesel,1
Upo,2026-03-22,65.72485737274107,65.37463335073981,65.66076120287158,65.73554499463118,65.5041949240068,65.61986995931899,65.73554499463118,65.73554499463118,65.73554499463118,1,1,fit,True,fit,True,diesel,1
Upo,2026-03-29,66.03059462919201,65.72485737274107,65.94969002093214,65.75955429265689,65.95700105796274,65.85827767530981,65.75955429265689,65.75955429265689,65.75955429265689,1,1,fit,True,fit,True,diesel,1
Upo,2026-04-05,66.29196991080954,66.03059462919201,66.28412758170613,66.51537704334343,66.1703468234774,66.34286193341042,66.51537704334343,66.51537704334343,66.51537704334343,1,1,fit,True,fit,True,diesel,1
Upo,2026-04-12,66.41171339460365,66.29196991080954,66.45359593269299,66.30664638086522,66.30508347655251,66.30586492870887,66.30664638086522,66.30664638086522,66.30664638086522,1,1,fit,True,fit,True,diesel,1
Upo,2026-04-19,66.38987395546576,66.41171339460365,66.38144508431866,66.44369742964203,66.23207965799324,66.33788854381763,66.44369742964203,66.44369742964203,66.44369742964203,1,1,fit,True,fit,True,diesel,1
Upo,2026-04-26,66.2264426793389,66.38987395546576,66.21588428277639,66.12103175248373,66.30051035813233,66.21077105530803,66.12103175248373,66.12103175248373,66.12103175248373,1,1,fit,True,fit,True,diesel,1
Upo,2026-05-03,65.92135285957978,66.2264426793389,65.95286737200708,66.05655789820173,66.08514964538142,66.07085377179158,66.05655789820173,66.05655789820173,66.05655789820173,1,1,fit,True,fit,True,both,1
Upo,2026-05-10,65.89344434526852,65.92135285957978,65.56308356053306,65.55090920466976,65.74054573103116,65.64572746785046,65.55090920466976,65.55090920466976,65.55090920466976,1,1,fit,True,fit,True,rain,1
Upo,2026-05-17,66.14270574517461,65.89344434526852,65.99609457892237,65.97646902892909,65.77257966336897,65.87452434614903,65.97646902892909,65.97646902892909,65.97646902892909,1,1,fit,True,fit,True,diesel,1
Upo,2026-05-24,66.66923879864501,66.14270574517461,66.5318701126807,66.49201568488328,66.16297665528866,66.32749617008596,66.49201568488328,66.49201568488328,66.49201568488328,1,1,fit,True,fit,True,rain,1
Upo,2026-05-31,67.47325841713013,66.66923879864501,67.32230540783652,67.36374190753246,66.8512685227661,67.10750521514927,67.36374190753246,67.36374190753246,67.36374190753246,1,1,fit,True,fit,True,none,0
Upo,2026-06-07,68.55509277190272,67.47325841713013,68.14081647837361,68.1608290276178,67.34595055508674,67.75338979135228,68.1608290276178,68.1608290276178,68.1608290276178,0,0,fit,True,fit,True,diesel,1
Upo,2026-06-14,69.33364287083859,68.55509277190272,69.52062877590829,69.4695529452161,68.66800377275054,69.06877835898331,69.4695529452161,69.4695529452161,69.4695529452161,1,1,fit,True,fit,True,diesel,1
Upo,2026-06-21,69.80922648948834,69.33364287083859,69.74549389774047,69.75714851649836,69.26464655315394,69.51089753482614,69.75714851649836,69.75714851649836,69.75714851649836,1,1,fit,True,fit,True,none,0
Upo,2026-06-28,69.98203774361458,69.80922648948834,69.8796209268922,69.87557207045971,69.8064932952191,69.8410326828394,69.87557207045971,69.87557207045971,69.87557207045971,0,0,fit,True,fit,True,diesel,1
Upo,2026-07-05,69.85214716842312,69.98203774361458,69.67967632699208,69.69163799063953,70.18886896042672,69.94025347553313,69.69163799063953,69.69163799063953,69.69163799063953,1,1,fit,True,fit,True,none,0
Upo,2026-07-12,69.62738181345807,69.85214716842312,69.646250353131,69.64430090905009,69.84325830353337,69.74377960629172,69.64430090905009,69.64430090905009,69.64430090905009,0,0,fit,True,fit,True,none,0
Upo,2026-07-19,69.3076499377582,69.62738181345807,69.41644138731726,69.41403410760677,69.56674241342293,69.49038826051485,69.41403410760677,69.41403410760677,69.41403410760677,0,1,fit,True,fit,True,diesel,1
Upo,2026-07-26,68.89282103851707,69.3076499377582,68.97527391971917,68.96164618118019,69.34665320564245,69.15414969341131,68.96164618118019,68.96164618118019,68.96164618118019,1,1,fit,True,fit,True,none,0
