commodity,week_end,y,naive,arima_fourier,sarimax,xgb,blend50,gated,gated_noGA,gated_P90,shock_L1,shock_L1_P90,sarimax_how,sarimax_converged,arima_how,arima_converged,trigger_t,shock_t
Ampalaya,2024-11-10,107.65133459034249,106.71570110479313,108.07593753798578,108.3154133847793,106.70453056106288,107.50997197292108,107.50997197292108,107.43118099904912,107.50997197292108,0,0,fit,True,fit,True,none,0
Ampalaya,2024-11-17,106.23427340372577,107.65133459034249,108.28982435284912,107.88293639544295,107.85490751924796,107.86892195734546,107.86892195734546,107.85401032808588,107.86892195734546,0,0,fit,True,fit,True,none,0
Ampalaya,2024-11-24,105.71869082844933,106.23427340372577,105.42695272125964,105.58149473014964,106.02336536332145,105.80243004673554,105.80243004673554,105.62565053069426,105.80243004673554,0,0,fit,True,fit,True,none,0
Ampalaya,2024-12-01,104.54690048040166,105.71869082844933,105.2225101152734,105.2051577505409,105.6331709632941,105.4191643569175,105.4191643569175,105.49715736243164,105.5261676601058,0,1,fit,True,fit,True,none,0
Ampalaya,2024-12-08,103.73997853767489,104.54690048040166,104.64235067277792,104.46741910258844,104.30781789065614,104.3876184966223,104.3876184966223,104.29285838415788,104.3876184966223,0,0,fit,True,fit,True,none,0
Ampalaya,2024-12-15,103.16291103498466,103.73997853767489,104.17975275102177,104.56495835389038,103.89755950939272,104.23125893164156,104.23125893164156,104.23683835107562,104.23125893164156,0,0,fit,True,fit,True,diesel,1
Ampalaya,2024-12-22,106.83799848274002,103.16291103498466,103.43841490535908,103.49208452047,103.20564274848826,103.34886363447912,103.27725319148372,103.22621261750676,103.27725319148372,1,1,fit,True,fit,True,none,0
Ampalaya,2024-12-29,110.06221165112822,106.83799848274002,109.56232156299288,109.15438423783291,106.9099515856863,108.0321679117596,108.0321679117596,108.15853505604623,108.0321679117596,0,0,fit,True,fit,True,none,0
Ampalaya,2025-01-05,114.66659408827394,110.06221165112822,114.0182020968976,114.75148583043271,110.83846463612883,112.79497523328078,112.79497523328078,112.5778421284796,111.8167199347048,0,1,fit,True,fit,True,rain,1
Ampalaya,2025-01-12,119.07637454746302,114.66659408827394,118.61143301580036,119.01994077721696,115.68019384165376,117.35006730943536,116.51513057554456,116.68812000358793,116.51513057554456,1,1,fit,True,fit,True,diesel,1
Ampalaya,2025-01-19,118.90081471424236,119.07637454746302,121.68722915650775,119.6992607223153,118.80930142281588,119.2542810725656,119.03179124769072,120.10807694521051,119.03179124769072,1,1,fit,True,fit,True,none,0
Ampalaya,2025-01-26,113.35621633608156,118.90081471424236,118.25186887308756,118.45913601377195,118.10066592912808,118.27990097145002,118.27990097145002,118.76298894325654,118.27990097145002,0,0,fit,True,fit,True,none,0
Ampalaya,2025-02-02,107.12054230063292,113.35621633608156,108.1090537088084,108.56321969689122,113.42940569896513,110.99631269792818,110.99631269792818,111.4289370156338,110.99631269792818,0,0,fit,True,fit,True,none,0
Ampalaya,2025-02-09,102.11898439007678,107.12054230063292,100.69785714020904,100.83337662024957,106.28258324950072,103.55797993487514,103.55797993487514,103.80293541497386,103.55797993487514,0,0,fit,True,fit,True,none,0
Ampalaya,2025-02-16,99.75305209055556,102.11898439007678,98.97503564338103,99.64074851314848,100.4565747268764,100.04866162001244,100.04866162001244,100.29303047119728,100.04866162001244,0,0,fit,True,fit,True,none,0
Ampalaya,2025-02-23,100.6874214488656,99.75305209055556,100.8155282808574,99.8037720153417,100.83200869455946,100.31789035495058,100.31789035495058,100.22009641822116,100.31789035495058,0,0,fit,True,fit,True,none,0
Ampalaya,2025-03-02,102.0370635406232,100.6874214488656,103.72863271484044,103.8018988539219,100.96563494984215,102.38376690188204,102.38376690188204,102.529037964733,102.38376690188204,0,0,fit,True,fit,True,diesel,1
Ampalaya,2025-03-09,102.92436429894325,102.0370635406232,103.90714491956469,104.12333253082792,102.09136019434096,103.10734636258442,102.59935327846269,102.55531725700656,102.59935327846269,1,1,fit,True,fit,True,rain,1
Ampalaya,2025-03-16,105.31697191698112,102.92436429894325,103.01239926131043,103.26019311346856,103.39161923563834,103.32590617455344,103.3587627050959,103.50858178115716,103.3587627050959,1,1,fit,True,fit,True,none,0
Ampalaya,2025-03-23,105.86349991621016,105.31697191698112,106.21794894234998,105.54957986102154,105.10083480579414,105.32520733340785,105.32520733340785,105.48457026421232,105.32520733340785,0,0,fit,True,fit,True,none,0
Ampalaya,2025-03-30,105.1081001985917,105.86349991621016,106.9004943855913,106.24033978458758,105.54937819303512,105.89485898881134,105.89485898881134,106.15817667811092,105.89485898881134,0,0,fit,True,fit,True,none,0
Ampalaya,2025-04-06,103.62727847646262,105.1081001985917,104.60061707073672,104.87987067668465,105.22198668905592,105.05092868287028,105.05092868287028,104.87729984600008,105.13645768596308,0,1,fit,True,fit,True,none,0
Ampalaya,2025-04-13,103.65275888150958,103.62727847646262,101.54093029309594,101.56434300281104,103.65278456497278,102.6085637838919,102.6085637838919,102.43566807949584,102.6085637838919,0,0,fit,True,fit,True,diesel,1
Ampalaya,2025-04-20,102.81419882683817,103.65275888150958,102.96575161483516,103.35395131085146,103.60824719449906,103.48109925267524,103.54467322358715,103.48495981616752,103.54467322358715,1,1,fit,True,fit,True,none,0
Ampalaya,2025-04-27,102.5857638255414,102.81419882683817,103.30577504859536,102.77346349132576,102.77310425548616,102.77328387340596,102.77328387340596,102.88653137227588,102.77319406444607,0,1,fit,True,fit,True,none,0
Ampalaya,2025-05-04,100.91633640376467,102.5857638255414,103.03460110963856,102.9053222937931,102.62899096167652,102.7671566277348,102.7671566277348,102.74115391006475,102.7671566277348,0,0,fit,True,fit,True,diesel,1
Ampalaya,2025-05-11,101.91798001027746,100.91633640376467,99.62202368357693,100.1360834360222,100.82465249446768,100.48036796524494,100.65251022985632,100.46486191487368,100.65251022985632,1,1,fit,True,fit,True,none,0
Ampalaya,2025-05-18,101.57557276419844,101.91798001027746,101.70191738743664,101.58532201101872,101.7804942975108,101.68290815426477,101.68290815426477,101.68973843677408,101.68290815426477,0,0,fit,True,fit,True,rain,1
Ampalaya,2025-05-25,102.91011085433377,101.57557276419844,102.0770243808949,102.53972456883454,101.6938138657018,102.11676921726816,101.90529154148498,101.7983617391492,101.90529154148498,1,1,fit,True,fit,True,rain,1
Ampalaya,2025-06-01,104.35297856238282,102.91011085433377,104.05177388525247,103.5094317595815,102.88069355559958,103.19506265759054,103.03787810659506,102.88216441242494,103.03787810659506,1,1,fit,True,fit,True,rain,1
Ampalaya,2025-06-08,106.7521706785682,104.35297856238282,105.20020975169172,105.79012956283545,104.3337182192186,105.06192389102702,104.69782105512282,104.65605079899838,104.69782105512282,1,1,fit,True,fit,True,none,0
Ampalaya,2025-06-15,109.7024575270951,106.7521706785682,107.84480273370168,107.31263870493724,107.06111442704233,107.18687656598978,107.18687656598978,107.01827975625984,107.12399549651606,0,1,fit,True,fit,True,none,0
Ampalaya,2025-06-22,112.18869764994506,109.7024575270951,111.3215142817513,111.46485588944292,109.50917849915626,110.4870171942996,110.4870171942996,110.457619408636,110.4870171942996,0,0,fit,True,fit,True,none,0
Ampalaya,2025-06-29,116.6036955772079,112.18869764994506,113.52551166619736,113.5964747016046,112.0424800951374,112.819477398371,112.819477398371,112.80877162185836,112.819477398371,0,0,fit,True,fit,True,diesel,1
Ampalaya,2025-07-06,117.17678686398769,116.6036955772079,118.55153646241187,118.91557753511422,114.92324215752254,116.9194098463184,115.92132600192046,116.68068092111564,115.92132600192046,1,1,fit,True,fit,True,diesel,1
Ampalaya,2025-07-13,119.94635145190983,117.17678686398769,117.17172877897544,117.49965847226429,116.78366672415042,117.14166259820736,116.96266466117888,116.12300688512116,116.96266466117888,1,1,fit,True,fit,True,none,0
Ampalaya,2025-07-20,121.10753440206456,119.94635145190983,119.82112680420852,119.46956200714376,119.13045464280871,119.30000832497625,119.30000832497625,119.44782447635676,119.30000832497625,0,0,fit,True,fit,True,none,0
Ampalaya,2025-07-27,120.76932721072151,121.10753440206456,121.082318531365,121.38582267005552,120.74666463678288,121.0662436534192,121.0662436534192,120.90956640732546,121.0662436534192,0,0,fit,True,fit,True,none,0
Ampalaya,2025-08-03,120.47821155645774,120.76932721072151,120.03311922398994,119.9396294545897,120.28238599234535,120.11100772346754,120.11100772346754,120.07548559035558,120.11100772346754,0,0,fit,True,fit,True,none,0
Ampalaya,2025-08-10,119.53759724713495,120.47821155645774,119.0462756133281,119.5383370814556,119.78751883366034,119.66292795755795,119.66292795755795,119.73135742762022,119.66292795755795,0,0,fit,True,fit,True,none,0
Ampalaya,2025-08-17,116.77986625880368,119.53759724713495,118.00055986912716,118.14286855348465,118.62879855252436,118.3858335530045,118.3858335530045,118.50562664024854,118.3858335530045,0,0,fit,True,fit,True,diesel,1
Ampalaya,2025-08-24,114.38585922898456,116.77986625880368,114.58144627107184,114.48645862052976,116.37411008328564,115.43028435190767,115.90219721759668,116.24345229848284,115.90219721759668,1,1,fit,True,fit,True,none,0
Ampalaya,2025-08-31,112.16846557187846,114.38585922898456,112.02594054666316,111.68543652872818,113.76271519841356,112.72407586357087,112.72407586357087,112.80189863821954,112.72407586357087,0,0,fit,True,fit,True,none,0
Ampalaya,2025-09-07,108.45174608177322,112.16846557187846,110.38064456503972,110.12176137725343,111.53153307962228,110.82664722843786,110.82664722843786,110.73370111628196,110.82664722843786,0,0,fit,True,fit,True,none,0
Ampalaya,2025-09-14,106.84249832100724,108.45174608177322,106.3385073536154,106.55468515972176,107.88787100261824,107.22127808117,107.22127808117,107.26662948214144,107.22127808117,0,0,fit,True,fit,True,none,0
Ampalaya,2025-09-21,106.21320389106128,106.84249832100724,105.46370328228473,106.2195205541434,106.66018522150372,106.43985288782356,106.43985288782356,106.08906462980744,106.43985288782356,0,0,fit,True,fit,True,none,0
Ampalaya,2025-09-28,106.81255182149776,106.21320389106128,106.25816787627068,105.46089588250663,105.43341825797413,105.4471570702404,105.4471570702404,105.55277480205,105.4471570702404,0,0,fit,True,fit,True,none,0
Ampalaya,2025-10-05,108.25346516562767,106.81255182149776,108.17296338780731,108.14962008642892,106.6072978180922,107.37845895226056,107.37845895226056,107.12635257626826,107.37845895226056,0,0,fit,True,fit,True,none,0
Ampalaya,2025-10-12,108.17557372276522,108.25346516562767,109.8871064630994,110.25313811595404,108.10321119917698,109.1781746575655,109.1781746575655,108.93577583674804,109.1781746575655,0,0,fit,True,fit,True,none,0
Ampalaya,2025-10-19,105.79528884498514,108.17557372276522,108.34826836361844,107.51169764198416,108.17510029052237,107.84339896625326,107.84339896625326,107.83165108448313,107.84339896625326,0,0,fit,True,fit,True,none,0
Ampalaya,2025-10-26,101.0956720581773,105.79528884498514,103.66603420979789,103.70421437365854,105.21419815627968,104.45920626496913,104.45920626496913,104.50974750196576,104.45920626496913,0,0,fit,True,fit,True,none,0
Ampalaya,2025-11-02,94.61871222077453,101.0956720581773,97.19224845220629,97.07094382028436,100.95968951494724,99.0153166676158,99.0153166676158,98.81540270394032,99.0153166676158,0,0,fit,True,fit,True,none,0
Ampalaya,2025-11-09,95.43177710130966,94.61871222077453,90.1224696307392,89.78308481032194,94.91730204640471,92.35019342836333,92.35019342836333,92.02500425514174,92.35019342836333,0,0,fit,True,fit,True,diesel,1
Ampalaya,2025-11-16,93.6806352786353,95.43177710130966,96.45692775548552,96.98758086125876,95.72962130263603,96.3586010819474,96.04411119229172,95.55538597709511,96.04411119229172,1,1,fit,True,fit,True,none,0
Ampalaya,2025-11-23,98.0710858627501,93.6806352786353,96.56961230861494,97.17810753134556,94.25267357152012,95.71539055143283,95.71539055143283,95.55451862846304,95.71539055143283,0,0,fit,True,fit,True,none,0
Ampalaya,2025-11-30,105.69779003954828,98.0710858627501,102.24533702012845,102.10795891415307,98.87218349420456,100.49007120417882,100.49007120417882,100.28129006611634,100.49007120417882,0,0,fit,True,fit,True,none,0
Ampalaya,2025-12-07,115.20025763490044,105.69779003954828,111.45111608356122,111.0878735846596,106.59070588446558,108.83928973456258,108.83928973456258,108.35640864302748,108.83928973456258,0,0,fit,True,fit,True,none,0
Ampalaya,2025-12-14,122.26066032827045,115.20025763490044,122.8683377844911,123.52899393219433,116.22519216515862,119.87709304867649,119.87709304867649,119.9354441481676,118.05114260691757,0,1,fit,True,fit,True,none,0
Ampalaya,2025-12-21,124.54500847074488,122.26066032827045,127.73783314913028,126.2973941589637,123.07424656331683,124.68582036114026,124.68582036114026,124.3487167037158,124.68582036114026,0,0,fit,True,fit,True,none,0
Ampalaya,2025-12-28,123.31407320094029,124.54500847074488,124.38851154250725,125.70366238970124,124.21769975635507,124.96068107302816,124.96068107302816,125.11056651141078,124.96068107302816,0,0,fit,True,fit,True,rain,1
Ampalaya,2026-01-04,119.20390560294771,123.31407320094029,119.3859388003562,119.49437264401534,122.91275387597004,121.20356325999268,122.05815856798137,121.81653230531656,122.05815856798137,1,1,fit,True,fit,True,rain,1
Ampalaya,2026-01-11,116.97588646800688,119.20390560294771,114.78689425345397,114.91654592465056,118.81570552851343,116.866125726582,117.84091562754772,117.78780397749804,117.84091562754772,1,1,fit,True,fit,True,none,0
Ampalaya,2026-01-18,116.12014339116324,116.97588646800688,115.77828392427074,114.99021664321646,115.83764601142576,115.41393132732112,115.41393132732112,115.47801168487268,115.41393132732112,0,0,fit,True,fit,True,none,0
Ampalaya,2026-01-25,114.3800645656532,116.12014339116324,117.72151978025384,116.69168641050231,114.48224291947592,115.58696466498913,115.58696466498913,115.95613235049784,115.03460379223252,0,1,fit,True,fit,True,none,0
Ampalaya,2026-02-01,112.31690586026689,114.3800645656532,115.00767943939528,115.83117391508658,113.33594032000958,114.58355711754808,114.58355711754808,114.51843272503862,114.58355711754808,0,0,fit,True,fit,True,none,0
Ampalaya,2026-02-08,110.55740956970143,112.31690586026689,110.58569154215094,110.9323523374494,111.0913437646248,111.01184805103708,111.01184805103708,111.16896777221132,111.01184805103708,0,0,fit,True,fit,True,none,0
Ampalaya,2026-02-15,109.74105328387648,110.55740956970143,108.67474913926227,108.68685111253492,109.26664738365102,108.97674924809296,108.97674924809296,109.1477793820556,108.97674924809296,0,0,fit,True,fit,True,none,0
Ampalaya,2026-02-22,105.3846312978174,109.74105328387648,109.71512428449564,108.97289131418462,108.81932270593076,108.8961070100577,108.8961070100577,109.11962232690168,108.8961070100577,0,0,fit,True,fit,True,both,1
Ampalaya,2026-03-01,107.1480379137988,105.3846312978174,103.68879342511158,104.42467791638266,104.86174531959551,104.6432116179891,104.7524784687923,104.7416988048719,104.7524784687923,1,1,fit,True,fit,True,diesel,1
Ampalaya,2026-03-08,106.17922044290871,107.1480379137988,107.3426888791156,106.44001844561744,106.79090321397732,106.61546082979736,106.70318202188736,106.7572791602326,106.70318202188736,1,1,fit,True,fit,True,none,0
Ampalaya,2026-03-15,111.69098534398418,106.17922044290871,106.83021431117332,105.85947259539702,106.16886527581782,106.01416893560742,106.01416893560742,106.0279171818525,106.01416893560742,0,0,fit,True,fit,True,diesel,1
Ampalaya,2026-03-22,112.42967813491792,111.69098534398418,115.28558878225806,114.83704037223524,111.89739119224888,113.36721578224206,112.63230348724548,112.931152689938,112.63230348724548,1,1,fit,True,fit,True,diesel,1
Ampalaya,2026-03-29,109.65207784545858,112.42967813491792,114.63977507206616,116.37846499466232,112.22684454202624,114.30265476834428,113.26474965518524,112.95530364817192,113.26474965518524,1,1,fit,True,fit,True,diesel,1
Ampalaya,2026-04-05,102.67350588096608,109.65207784545858,106.6049489362502,105.594048332366,109.15487339270553,107.37446086253576,108.26466712762064,108.09919881482072,108.26466712762064,1,1,fit,True,fit,True,diesel,1
Ampalaya,2026-04-12,105.3360142947164,102.67350588096608,95.40720183945425,95.5890876939979,100.9434326673888,98.26626018069337,99.60484642404109,99.87550804632691,99.60484642404109,1,1,fit,True,fit,True,diesel,1
Ampalaya,2026-04-19,94.77138276647035,105.3360142947164,104.69733766530672,107.23861241740585,104.89780505904822,106.06820873822704,105.48300689863764,105.84416244211396,105.48300689863764,1,1,fit,True,fit,True,diesel,1
Ampalaya,2026-04-26,93.21909770270342,94.77138276647035,93.77779533866756,91.9533639885619,94.54214300464098,93.24775349660143,93.8949482506212,93.05328210350837,93.8949482506212,1,1,fit,True,fit,True,diesel,1
Ampalaya,2026-05-03,104.63826845132606,93.21909770270342,90.0239278445926,96.74791521017391,93.0679228295898,94.90791901988186,93.98792092473582,93.8901003372796,93.98792092473582,1,1,fit,True,fit,True,both,1
Ampalaya,2026-05-10,115.96473227674348,104.63826845132606,110.44385443446664,109.27050656323864,106.47781072103278,107.87415864213573,107.17598468158424,107.38375368807496,107.17598468158424,1,1,fit,True,fit,True,rain,1
Ampalaya,2026-05-17,121.71825286201371,115.96473227674348,126.96208572178897,125.07506873013196,117.98832832509858,121.53169852761528,119.76001342635692,118.83501426380218,119.76001342635692,1,1,fit,True,fit,True,diesel,1
Ampalaya,2026-05-24,125.54709996007172,121.71825286201371,127.6736082046436,127.05419659443974,123.14976033023729,125.10197846233852,124.1258693962879,123.61836196776102,124.1258693962879,1,1,fit,True,fit,True,rain,1
Ampalaya,2026-05-31,129.2316458894791,125.54709996007172,123.6147544324208,125.73973095610415,126.1885231258699,125.96412704098702,126.07632508342849,126.2003501600562,126.07632508342849,1,1,fit,True,fit,True,none,0
Ampalaya,2026-06-07,123.8943249670079,129.2316458894791,127.15474254082014,126.01994279634468,129.3946893586697,127.7073160775072,127.7073160775072,127.50394980535572,127.7073160775072,0,0,fit,True,fit,True,diesel,1
Ampalaya,2026-06-14,123.70842902839593,123.8943249670079,118.79840109942285,118.9133164122226,123.2592982736638,121.0863073429432,122.17280280830347,122.14941068233932,122.17280280830347,1,1,fit,True,fit,True,diesel,1
Ampalaya,2026-06-21,121.34998098676992,123.70842902839593,122.50172106218714,123.9116916639095,123.5494378107827,123.7305647373461,123.6400012740644,123.45517431886516,123.6400012740644,1,1,fit,True,fit,True,none,0
Ampalaya,2026-06-28,118.72726506704264,121.34998098676992,122.1938542222811,120.21385554290676,120.56578323906255,120.38981939098466,120.38981939098466,120.60152161857712,120.38981939098466,0,0,fit,True,fit,True,diesel,1
Ampalaya,2026-07-05,117.36776590015144,118.72726506704264,117.9562253837306,118.11698987207636,117.92321080678872,118.02010033943256,117.97165557311064,117.94650360510832,117.97165557311064,1,1,fit,True,fit,True,none,0
Ampalaya,2026-07-12,118.88997627014336,117.36776590015144,115.47666748087622,116.46246282033606,116.72797089482994,116.595216857583,116.595216857583,116.59909241119094,116.595216857583,0,0,fit,True,fit,True,none,0
Ampalaya,2026-07-19,119.95330304046368,118.88997627014336,118.19113286253776,118.35770704264912,118.2688917588633,118.3132994007562,118.3132994007562,118.2865902316068,118.29109557980976,0,1,fit,True,fit,True,diesel,1
Ampalaya,2026-07-26,119.78895473211765,119.95330304046368,120.23857735369252,121.1240757305696,119.38028407235836,120.252179901464,119.81623198691118,119.86826071742284,119.81623198691118,1,1,fit,True,fit,True,none,0
Cabbage,2024-11-10,96.73440770370055,94.42600871585844,95.23951955423216,95.47857184147688,93.96336381100652,94.7209678262417,94.7209678262417,95.3043221950476,94.7209678262417,0,0,fit,True,fit,True,none,0
Cabbage,2024-11-17,95.77446383098356,96.73440770370055,96.64517585554884,95.79856905442183,96.38349042398023,96.09102973920103,96.09102973920103,96.0718131123185,96.09102973920103,0,0,fit,True,fit,True,none,0
Cabbage,2024-11-24,89.38511969032072,95.77446383098356,95.13863090040898,94.79989043341686,95.68221312621824,95.24105177981755,95.24105177981755,94.84383259875676,95.24105177981755,0,0,fit,True,fit,True,none,0
Cabbage,2024-12-01,87.64045237406707,89.38511969032072,88.83780493786756,89.25917166275488,90.05073101701521,89.65495133988505,89.65495133988505,89.68675122253542,89.85284117845012,0,1,fit,True,fit,True,none,0
Cabbage,2024-12-08,83.81475030776264,87.64045237406707,85.01012721716648,84.43595489538829,87.21414696082091,85.8250509281046,85.8250509281046,85.99533600028225,85.8250509281046,0,0,fit,True,fit,True,none,0
Cabbage,2024-12-15,86.80086326418626,83.81475030776264,82.38243869557193,84.19286250056493,84.77503740187885,84.48394995122189,84.48394995122189,84.21374981789822,84.48394995122189,0,0,fit,True,fit,True,diesel,1
Cabbage,2024-12-22,92.43632030404312,86.80086326418626,85.84318139890291,86.69295808076194,88.4835507851671,87.58825443296452,88.0359026090658,86.5530925960696,88.0359026090658,1,1,fit,True,fit,True,none,0
Cabbage,2024-12-29,90.55761391604332,92.43632030404312,93.23473927002242,93.54369557365088,91.83048444903596,92.6870900113434,92.6870900113434,92.74659310470528,92.6870900113434,0,0,fit,True,fit,True,none,0
Cabbage,2025-01-05,95.165613951607,90.55761391604332,92.4480718924072,94.16565573132785,91.40575892413048,92.78570732772916,92.78570732772916,92.82751170099348,92.0957331259298,0,1,fit,True,fit,True,rain,1
Cabbage,2025-01-12,103.0572860993384,95.165613951607,94.78218610345058,98.58373473403104,98.7191959046557,98.65146531934336,98.68533061199956,98.81087051087192,98.68533061199956,1,1,fit,True,fit,True,diesel,1
Cabbage,2025-01-19,108.038847893987,103.0572860993384,103.10674010542802,100.143848603919,104.96354921236023,102.55369890813962,103.75862406024991,103.99081055650772,103.75862406024991,1,1,fit,True,fit,True,none,0
Cabbage,2025-01-26,102.05825190062272,108.038847893987,109.5503028801822,107.72915841689668,108.40403720787556,108.0665978123861,108.0665978123861,108.67050003311212,108.0665978123861,0,0,fit,True,fit,True,none,0
Cabbage,2025-02-02,97.56234632460824,102.05825190062272,101.67752333627271,101.61369214287458,101.97287512386788,101.79328363337125,101.79328363337125,102.27011422388756,101.79328363337125,0,0,fit,True,fit,True,none,0
Cabbage,2025-02-09,94.7415334671183,97.56234632460824,93.9438840315733,95.25087656715854,97.55546335345558,96.40316996030704,96.40316996030704,96.49815443489896,96.40316996030704,0,0,fit,True,fit,True,none,0
Cabbage,2025-02-16,90.07970140042488,94.7415334671183,90.96280631482276,90.58865561447696,95.27598280603128,92.93231921025412,92.93231921025412,92.68000496306315,92.93231921025412,0,0,fit,True,fit,True,none,0
Cabbage,2025-02-23,87.61641879460122,90.07970140042488,87.77042254772368,88.47487665730469,90.63217333617392,89.55352499673931,89.55352499673931,89.7844841439542,89.55352499673931,0,0,fit,True,fit,True,none,0
Cabbage,2025-03-02,84.97311917706887,87.61641879460122,85.26514699602052,83.76605785039693,88.19410957476403,85.98008371258048,85.98008371258048,85.81795285010604,85.98008371258048,0,0,fit,True,fit,True,diesel,1
Cabbage,2025-03-09,77.36807067231474,84.97311917706887,83.44246642612104,84.11042130803139,85.43991459175507,84.77516794989323,85.10754127082416,85.50032894340345,85.10754127082416,1,1,fit,True,fit,True,rain,1
Cabbage,2025-03-16,78.97761515612427,77.36807067231474,76.28832066127447,77.40126756937218,80.6212199433261,79.01124375634913,79.81623184983762,77.93904155795606,79.81623184983762,1,1,fit,True,fit,True,none,0
Cabbage,2025-03-23,77.9493704356058,78.97761515612427,77.31015129104202,77.66022255689413,79.585303702305,78.62276312959956,78.62276312959956,78.12390908850001,78.62276312959956,0,0,fit,True,fit,True,none,0
Cabbage,2025-03-30,74.08182464567588,77.9493704356058,78.51370015429472,76.8426068568319,78.37727590573863,77.60994138128527,77.60994138128527,77.07112443752058,77.60994138128527,0,0,fit,True,fit,True,none,0
Cabbage,2025-04-06,77.12402429318693,74.08182464567588,75.2657948803916,76.94357433483187,75.70289264646934,76.32323349065061,76.32323349065061,75.45868479258294,76.01306306855997,0,1,fit,True,fit,True,none,0
Cabbage,2025-04-13,73.4151798650609,77.12402429318693,77.21630078841271,76.63273900192887,77.84216596818236,77.23745248505561,77.23745248505561,77.06585206875293,77.23745248505561,0,0,fit,True,fit,True,diesel,1
Cabbage,2025-04-20,78.92457597497932,73.4151798650609,75.23156520497001,75.80527599631469,74.79060520380602,75.29794060006036,75.0442729019332,75.17654335729361,75.0442729019332,1,1,fit,True,fit,True,none,0
Cabbage,2025-04-27,76.53621989188832,78.92457597497932,80.18925164387727,78.1561174590162,79.45878856424324,78.80745301162972,78.80745301162972,78.5169674339719,79.13312078793648,0,1,fit,True,fit,True,none,0
Cabbage,2025-05-04,76.54671378637885,76.53621989188832,78.80240450530215,78.56235311921017,76.92568474708241,77.7440189331463,77.7440189331463,77.80592926439553,77.7440189331463,0,0,fit,True,fit,True,diesel,1
Cabbage,2025-05-11,77.18925055756462,76.54671378637885,78.24683949269601,78.5036771859088,77.51320345903967,78.00844032247423,77.76082189075694,77.93640850178943,77.76082189075694,1,1,fit,True,fit,True,none,0
Cabbage,2025-05-18,75.83253178673621,77.18925055756462,78.02270258122442,78.78949824883989,77.52371516718758,78.15660670801373,78.15660670801373,78.24970996781559,78.15660670801373,0,0,fit,True,fit,True,rain,1
Cabbage,2025-05-25,75.43150391229436,75.83253178673621,77.70342968990857,77.87981574805555,77.60857806282874,77.74419690544215,77.67638748413545,77.58824204927903,77.67638748413545,1,1,fit,True,fit,True,rain,1
Cabbage,2025-06-01,76.78619017163078,75.43150391229436,76.45903952417484,79.20977048313944,78.15954866060063,78.68465957187004,78.42210411623533,77.44848307565267,78.42210411623533,1,1,fit,True,fit,True,rain,1
Cabbage,2025-06-08,83.53299420068551,76.78619017163078,78.04344039900258,77.8024110555082,78.7245114044265,78.26346122996735,78.49398631719691,78.84615490702731,78.49398631719691,1,1,fit,True,fit,True,none,0
Cabbage,2025-06-15,91.86825928379734,83.53299420068551,85.52105277549435,85.92977365716186,85.27401952932168,85.60189659324178,85.60189659324178,85.46826607909688,85.43795806128173,0,1,fit,True,fit,True,none,0
Cabbage,2025-06-22,95.99416517676524,91.86825928379734,95.11228931159457,92.40570235036652,93.53848383118353,92.97209309077502,92.97209309077502,92.68234621024372,92.97209309077502,0,0,fit,True,fit,True,none,0
Cabbage,2025-06-29,101.81839123219508,95.99416517676524,99.35812850508508,100.40974441173476,96.26459115208796,98.33716778191136,98.33716778191136,98.39114945860908,98.33716778191136,0,0,fit,True,fit,True,diesel,1
Cabbage,2025-07-06,109.25114093435616,101.81839123219508,103.39399780344398,102.40091795038263,102.27334686965008,102.33713241001637,102.30523963983322,101.815241112962,102.30523963983322,1,1,fit,True,fit,True,diesel,1
Cabbage,2025-07-13,115.35089041906532,109.25114093435616,110.35310911680853,112.60246487749804,110.49745736730904,111.54996112240354,111.02370924485628,111.34957993758624,111.02370924485628,1,1,fit,True,fit,True,none,0
Cabbage,2025-07-20,120.53885349903688,115.35089041906532,116.65925421855296,115.27769962567638,115.80081271248991,115.53925616908316,115.53925616908316,115.4668146656776,115.53925616908316,0,0,fit,True,fit,True,none,0
Cabbage,2025-07-27,126.53911509249023,120.53885349903688,120.86900895148597,122.3091115668159,121.48494747553453,121.8970295211752,121.8970295211752,121.56371431262096,121.8970295211752,0,0,fit,True,fit,True,none,0
Cabbage,2025-08-03,128.47330389164765,126.53911509249023,126.02097466011882,125.72521116647114,125.40051009390169,125.5628606301864,125.5628606301864,125.53492739024958,125.5628606301864,0,0,fit,True,fit,True,none,0
Cabbage,2025-08-10,127.06024860149051,128.47330389164765,127.50705303302448,129.62437973744366,127.80670360468704,128.71554167106535,128.71554167106535,129.35189689233687,128.71554167106535,0,0,fit,True,fit,True,none,0
Cabbage,2025-08-17,131.06905331249666,127.06024860149051,124.58777021556992,124.9096269678542,126.08702640538836,125.49832668662128,125.49832668662128,125.37599986553248,125.49832668662128,0,0,fit,True,fit,True,diesel,1
Cabbage,2025-08-24,127.97089391004216,131.06905331249666,127.48466909501752,128.51398791846097,130.0414341890378,129.2777110537494,129.6595726213936,130.23304625372927,129.6595726213936,1,1,fit,True,fit,True,none,0
Cabbage,2025-08-31,130.02650006931597,127.97089391004216,125.34632006407509,124.46496045265148,126.69147305738105,125.57821675501626,125.57821675501626,125.63091119490426,125.57821675501626,0,0,fit,True,fit,True,none,0
Cabbage,2025-09-07,119.69385557238829,130.02650006931597,126.54465865025132,125.83124730769288,128.2500480048018,127.04064765624734,127.04064765624734,127.24152603797648,127.04064765624734,0,0,fit,True,fit,True,none,0
Cabbage,2025-09-14,115.5005545186384,119.69385557238829,115.8997529305854,115.64636733914983,118.76881765191328,117.20759249553156,117.20759249553156,116.46919123157932,117.20759249553156,0,0,fit,True,fit,True,none,0
Cabbage,2025-09-21,117.06800588273131,115.5005545186384,110.03659820021711,112.407825167839,113.86818404668404,113.13800460726154,113.13800460726154,113.7858769211186,113.13800460726154,0,0,fit,True,fit,True,none,0
Cabbage,2025-09-28,114.73758404342932,117.06800588273131,112.36255374079484,110.95805654221364,116.13594856165967,113.54700255193666,113.54700255193666,113.13676193156198,113.54700255193666,0,0,fit,True,fit,True,none,0
Cabbage,2025-10-05,108.98540841389158,114.73758404342932,113.34655833757044,113.36160245544151,114.215705741332,113.78865409838676,113.78865409838676,113.70533449398994,113.78865409838676,0,0,fit,True,fit,True,none,0
Cabbage,2025-10-12,109.80236469514938,108.98540841389158,106.48868861175336,107.8713732729902,108.64908458638646,108.26022892968834,108.26022892968834,107.5845853515166,108.26022892968834,0,0,fit,True,fit,True,none,0
Cabbage,2025-10-19,109.426150014699,109.80236469514938,106.50860962162132,107.87764376750523,108.49740897424788,108.18752637087655,108.18752637087655,108.39500712930511,108.18752637087655,0,0,fit,True,fit,True,none,0
Cabbage,2025-10-26,108.46607690329662,109.426150014699,107.94601753036544,107.71217185178664,108.80822145015053,108.26019665096858,108.26019665096858,108.34330622349836,108.26019665096858,0,0,fit,True,fit,True,none,0
Cabbage,2025-11-02,112.67750607494202,108.46607690329662,107.56577277535574,109.13485886762238,107.71274059290997,108.42379973026618,108.42379973026618,108.32740724774705,108.42379973026618,0,0,fit,True,fit,True,none,0
Cabbage,2025-11-09,114.94016142493632,112.67750607494202,111.41613136109224,111.45166826720197,112.37094532016602,111.911306793684,111.911306793684,111.70228319882771,111.911306793684,0,0,fit,True,fit,True,diesel,1
Cabbage,2025-11-16,110.55462775740128,114.94016142493632,115.03058227922966,113.62590025237404,114.72740556603816,114.1766529092061,114.45202923762211,114.5994368680806,114.45202923762211,1,1,fit,True,fit,True,none,0
Cabbage,2025-11-23,112.83539818962134,110.55462775740128,110.07124454423422,111.58794016739375,110.72986547264556,111.15890282001966,111.15890282001966,110.70479338970657,111.15890282001966,0,0,fit,True,fit,True,none,0
Cabbage,2025-11-30,120.24230650634136,112.83539818962134,110.4060719037464,112.11566396904333,112.04160927970923,112.07863662437629,112.07863662437629,112.25649226502608,112.07863662437629,0,0,fit,True,fit,True,none,0
Cabbage,2025-12-07,122.81257983159122,120.24230650634136,119.3160236559442,117.39167742023476,119.97948620290128,118.68558181156804,118.68558181156804,118.18296179999996,118.68558181156804,0,0,fit,True,fit,True,none,0
Cabbage,2025-12-14,124.3097253156522,122.81257983159122,123.78007674500782,123.58217078302944,122.2381753535181,122.91017306827376,122.91017306827376,122.88466630362342,122.57417421089592,0,1,fit,True,fit,True,none,0
Cabbage,2025-12-21,119.1545152942694,124.3097253156522,123.70031744813102,123.43656958724414,123.25016692408116,123.34336825566264,123.34336825566264,123.62817228691551,123.34336825566264,0,0,fit,True,fit,True,none,0
Cabbage,2025-12-28,116.4031794944593,119.1545152942694,116.86645226825264,119.44720804809216,118.83312848015196,119.14016826412204,119.14016826412204,119.22254776916031,119.14016826412204,0,0,fit,True,fit,True,rain,1
Cabbage,2026-01-04,112.61686886625937,116.4031794944593,112.62003987394884,114.98302999323852,119.93600639494149,117.45951819409,118.69776229451573,117.24598277996456,118.69776229451573,1,1,fit,True,fit,True,rain,1
Cabbage,2026-01-11,121.19990733719877,112.61686886625937,108.85167802814924,110.53657816752116,114.48343433218648,112.51000624985384,113.49672029102015,114.34895393932032,113.49672029102015,1,1,fit,True,fit,True,none,0
Cabbage,2026-01-18,120.96384317529186,121.19990733719877,118.82424525793738,115.58868927492244,119.78556314564756,117.687126210285,117.687126210285,117.97295143301562,117.687126210285,0,0,fit,True,fit,True,none,0
Cabbage,2026-01-25,115.21938051641423,120.96384317529186,120.9238192359046,117.89241505936636,119.2782126153706,118.58531383736847,118.58531383736847,118.6096734808278,118.93176322636953,0,1,fit,True,fit,True,none,0
Cabbage,2026-02-01,107.78608714373628,115.21938051641423,113.69128361877289,112.01367414472664,113.26538683832128,112.63953049152396,112.63953049152396,113.00035293071768,112.63953049152396,0,0,fit,True,fit,True,none,0
Cabbage,2026-02-08,103.9309895242976,107.78608714373628,103.1448499803848,104.2012312512139,106.23044954569856,105.21584039845624,105.21584039845624,105.03132015385783,105.21584039845624,0,0,fit,True,fit,True,none,0
Cabbage,2026-02-15,100.81214211982912,103.9309895242976,99.6158198454074,100.9767079074018,102.74945606844892,101.86308198792536,101.86308198792536,102.27608590943414,101.86308198792536,0,0,fit,True,fit,True,none,0
Cabbage,2026-02-22,95.15078132489242,100.81214211982912,97.81994077649064,99.22683315560177,99.84322898191635,99.53503106875904,99.53503106875904,99.60045381231794,99.53503106875904,0,0,fit,True,fit,True,both,1
Cabbage,2026-03-01,100.85821850403067,95.15078132489242,93.00498248401392,96.22738087579847,98.84839647152938,97.53788867366391,98.19314257259666,96.99957011099158,98.19314257259666,1,1,fit,True,fit,True,diesel,1
Cabbage,2026-03-08,110.27592736241706,100.85821850403067,99.08010116732903,100.86426254189594,101.46355451448676,101.16390852819134,101.31373152133904,102.93487899002515,101.31373152133904,1,1,fit,True,fit,True,none,0
Cabbage,2026-03-15,104.4683509297993,110.27592736241706,111.73530547015385,107.76778110246497,111.09040111062416,109.42909110654456,109.42909110654456,108.81500744391543,109.42909110654456,0,0,fit,True,fit,True,diesel,1
Cabbage,2026-03-22,102.40775015506615,104.4683509297993,106.71952255868985,105.60674153965824,104.1341113575127,104.87042644858548,104.50226890304909,104.02608214327915,104.50226890304909,1,1,fit,True,fit,True,diesel,1
Cabbage,2026-03-29,99.88975303420088,102.40775015506615,100.76143151043968,98.17040230277568,101.51271858367792,99.8415604432268,100.67713951345236,101.30539357129186,100.67713951345236,1,1,fit,True,fit,True,diesel,1
Cabbage,2026-04-05,100.65604772432152,99.88975303420088,97.85978461736816,100.97975624945028,98.4431920553114,99.71147415238084,99.07733310384612,99.65864616258006,99.07733310384612,1,1,fit,True,fit,True,diesel,1
Cabbage,2026-04-12,96.17193481716076,100.65604772432152,100.13823579851842,98.46488881281122,100.37883385284248,99.42186133282686,99.90034759283468,100.17689881526336,99.90034759283468,1,1,fit,True,fit,True,diesel,1
Cabbage,2026-04-19,108.2455885185732,96.17193481716076,95.89324886051948,95.3936556634626,96.004570294346,95.69911297890432,95.85184163662517,96.07393354984842,95.85184163662517,1,1,fit,True,fit,True,diesel,1
Cabbage,2026-04-26,111.24642877016429,108.2455885185732,108.44797097106805,112.321536279075,109.50907132763996,110.91530380335747,110.21218756549874,109.85004679077188,110.21218756549874,1,1,fit,True,fit,True,diesel,1
Cabbage,2026-05-03,100.78246070027107,111.24642877016429,114.18228396794402,111.4242279283668,113.04234830770854,112.23328811803768,112.6378182128731,112.82232048667107,112.6378182128731,1,1,fit,True,fit,True,both,1
Cabbage,2026-05-10,93.15435033091306,100.78246070027107,102.25465448300312,104.7670533168565,101.93825329422708,103.3526533055418,102.64545329988442,102.35463979423486,102.64545329988442,1,1,fit,True,fit,True,rain,1
Cabbage,2026-05-17,99.89349978642306,93.15435033091306,89.98970183518986,89.79165459410167,93.24138834872244,91.51652147141206,92.37895491006724,91.6548231787508,92.37895491006724,1,1,fit,True,fit,True,diesel,1
Cabbage,2026-05-24,90.31612060591642,99.89349978642306,98.25774338798392,98.16986125366408,102.07806294636568,100.1239621000149,101.10101252319028,99.97018001498392,101.10101252319028,1,1,fit,True,fit,True,rain,1
Cabbage,2026-05-31,97.10356855893824,90.31612060591642,91.6406111642408,89.78729723043797,92.1151382736868,90.9512177520624,91.5331780128746,91.38880480459022,91.5331780128746,1,1,fit,True,fit,True,none,0
Cabbage,2026-06-07,96.31617533789638,97.10356855893824,97.21694050495668,95.31805461921716,96.74098444486351,96.02951953204035,96.02951953204035,96.11730274201987,96.02951953204035,0,0,fit,True,fit,True,diesel,1
Cabbage,2026-06-14,89.33927303298447,96.31617533789638,97.6797262300043,95.19656542370345,97.06776851044658,96.13216696707502,96.5999677387608,95.7937310693396,96.5999677387608,1,1,fit,True,fit,True,diesel,1
Cabbage,2026-06-21,92.87800753207034,89.33927303298447,90.93992510511455,92.85598969145516,88.9908634994838,90.92342659546946,89.95714504747663,89.50030334024702,89.95714504747663,1,1,fit,True,fit,True,none,0
Cabbage,2026-06-28,99.4665442032802,92.87800753207034,92.13874478065676,92.80231288113514,92.09012019724672,92.44621653919094,92.44621653919094,92.79312197183243,92.44621653919094,0,0,fit,True,fit,True,diesel,1
Cabbage,2026-07-05,101.26613676257377,99.4665442032802,101.05628674835944,101.8038866116528,100.21519272756456,101.00953966960869,100.6123661985866,100.26291032789864,100.6123661985866,1,1,fit,True,fit,True,none,0
Cabbage,2026-07-12,106.54769935932096,101.26613676257377,104.30406616533078,105.62628619635984,103.3393055171514,104.48279585675562,104.48279585675562,103.6473581268009,104.48279585675562,0,0,fit,True,fit,True,none,0
Cabbage,2026-07-19,105.71032690031385,106.54769935932096,108.32769757048258,106.9425418525086,106.62541763957675,106.78397974604268,106.78397974604268,107.01117192813652,106.70469869280971,0,1,fit,True,fit,True,diesel,1
Cabbage,2026-07-26,101.15583685988184,105.71032690031385,106.99718619283404,105.49841969888914,106.36963801605556,105.93402885747236,106.15183343676398,105.41727384117912,106.15183343676398,1,1,fit,True,fit,True,none,0
Carrot,2024-11-10,126.53647447364614,133.13750758419246,127.7998551457854,126.48421387190304,132.084559347727,129.28438660981504,129.28438660981504,129.15207407357542,129.28438660981504,0,0,fit,True,fit,True,none,0
Carrot,2024-11-17,123.39742141507958,126.53647447364614,122.94663993835483,124.7180799621257,126.47896164270328,125.59852080241448,125.59852080241448,125.398494996211,125.59852080241448,0,0,fit,True,fit,True,none,0
Carrot,2024-11-24,126.92859670898686,123.39742141507958,123.63273563929548,122.89110402827532,123.10199990414476,122.99655196621003,122.99655196621003,122.68564107074324,122.99655196621003,0,0,fit,True,fit,True,none,0
Carrot,2024-12-01,130.92729429354372,126.92859670898686,132.01913659484612,131.27302846597445,126.75078645727406,129.01190746162425,129.01190746162425,129.1150820102204,127.88134695944916,0,1,fit,True,fit,True,none,0
Carrot,2024-12-08,136.0889457505361,130.92729429354372,136.4922699498801,137.43096744017538,130.4307319318265,133.93084968600095,133.93084968600095,134.18231627504946,133.93084968600095,0,0,fit,True,fit,True,none,0
Carrot,2024-12-15,137.82782989909012,136.0889457505361,139.92769581750136,139.0754427920647,135.9015426378862,137.48849271497545,137.48849271497545,137.2368312504035,137.48849271497545,0,0,fit,True,fit,True,diesel,1
Carrot,2024-12-22,141.02608090170654,137.82782989909012,137.3489034786556,138.57069268954749,139.06765645911057,138.81917457432905,138.9434155167198,138.42111387263296,138.9434155167198,1,1,fit,True,fit,True,none,0
Carrot,2024-12-29,147.8798491023349,141.02608090170654,140.81980782015094,141.10518438640676,141.95419108399184,141.5296877351993,141.5296877351993,141.375175717234,141.5296877351993,0,0,fit,True,fit,True,none,0
Carrot,2025-01-05,152.52832998370147,147.8798491023349,152.0603388540478,151.50542216631555,148.00555125995152,149.75548671313354,149.75548671313354,149.80978771426507,148.88051898654254,0,1,fit,True,fit,True,rain,1
Carrot,2025-01-12,155.0310728181252,152.52832998370147,157.57564627472445,157.18604189596337,153.0410028252504,155.11352236060688,154.07726259292863,153.7777249789407,154.07726259292863,1,1,fit,True,fit,True,diesel,1
Carrot,2025-01-19,155.75291955804863,155.0310728181252,156.39347159269045,157.20093579435866,155.1348772797832,156.16790653707093,155.65139190842706,155.5876791401704,155.65139190842706,1,1,fit,True,fit,True,none,0
Carrot,2025-01-26,158.36767754122562,155.75291955804863,153.31000441090484,154.5255508411391,155.2608067128662,154.89317877700267,154.89317877700267,155.20620846857963,154.89317877700267,0,0,fit,True,fit,True,none,0
Carrot,2025-02-02,159.61306871259495,158.36767754122562,157.6548425133679,156.02389131012828,155.6709996180231,155.8474454640757,155.8474454640757,156.0336106776606,155.8474454640757,0,0,fit,True,fit,True,none,0
Carrot,2025-02-09,156.54458682428074,159.61306871259495,160.4648131224276,160.727120116668,157.48471034848973,159.10591523257887,159.10591523257887,158.89947204200422,159.10591523257887,0,0,fit,True,fit,True,none,0
Carrot,2025-02-16,151.82707132644995,156.54458682428074,154.58257789250806,154.0978670586482,154.18843810449314,154.1431525815707,154.1431525815707,154.2743769754153,154.1431525815707,0,0,fit,True,fit,True,none,0
Carrot,2025-02-23,143.69527293892497,151.82707132644995,146.40143433126468,146.24710365508767,148.9471696788822,147.59713666698494,147.59713666698494,147.97782056591072,147.59713666698494,0,0,fit,True,fit,True,none,0
Carrot,2025-03-02,131.25958749860075,143.69527293892497,135.7879441555256,136.47016924413933,140.75451399536723,138.6123416197533,138.6123416197533,138.99241659762805,138.6123416197533,0,0,fit,True,fit,True,diesel,1
Carrot,2025-03-09,124.4935975104212,131.25958749860075,121.49197912361144,120.1743131666102,129.0166349133804,124.59547403999532,126.80605447668786,126.55416053910012,126.80605447668786,1,1,fit,True,fit,True,rain,1
Carrot,2025-03-16,117.21682264147114,124.4935975104212,119.23048205129705,119.46268171319332,122.91804611977332,121.19036391648332,122.05420501812831,120.70027141555684,122.05420501812831,1,1,fit,True,fit,True,none,0
Carrot,2025-03-23,113.14206038759428,117.21682264147114,114.43916792572702,114.42003561578596,116.34733475981068,115.3836851877983,115.3836851877983,115.22799928615646,115.3836851877983,0,0,fit,True,fit,True,none,0
Carrot,2025-03-30,112.63793214879531,113.14206038759428,112.3543965666488,113.06275109998472,112.00374470995146,112.53324790496808,112.53324790496808,112.365989105892,112.53324790496808,0,0,fit,True,fit,True,none,0
Carrot,2025-04-06,111.04029413755366,112.63793214879531,112.81803907279564,111.20153984324882,111.0846160324623,111.14307793785557,111.14307793785557,110.96363600899204,111.11384698515894,0,1,fit,True,fit,True,none,0
Carrot,2025-04-13,113.74341826058064,111.04029413755366,110.48903923385215,112.0396952418084,109.75272270734736,110.89620897457787,110.89620897457787,110.95299306795783,110.89620897457787,0,0,fit,True,fit,True,diesel,1
Carrot,2025-04-20,110.98926906909745,113.74341826058064,115.07380831601988,113.72474114860547,112.4998895368639,113.11231534273468,112.80610243979928,112.5786560327196,112.80610243979928,1,1,fit,True,fit,True,none,0
Carrot,2025-04-27,112.5470185281663,110.98926906909745,109.3149693884842,111.50258702370024,109.6889206680278,110.59575384586402,110.59575384586402,110.75815456836769,110.14233725694592,0,1,fit,True,fit,True,none,0
Carrot,2025-05-04,111.77978596944574,112.5470185281663,112.5616401410268,111.56925367664869,111.41562593001414,111.4924398033314,111.4924398033314,111.45689946100048,111.4924398033314,0,0,fit,True,fit,True,diesel,1
Carrot,2025-05-11,111.24478560691256,111.77978596944574,111.45036890153705,111.48245062798549,110.71840152997736,111.1004260789814,110.9094138044794,111.22879064566686,110.9094138044794,1,1,fit,True,fit,True,none,0
Carrot,2025-05-18,109.61940423810658,111.24478560691256,111.75213199889848,110.49239772672254,110.31565403943438,110.40402588307846,110.40402588307846,110.14828997910011,110.40402588307846,0,0,fit,True,fit,True,rain,1
Carrot,2025-05-25,107.35602411796154,109.61940423810658,108.9041086071428,109.41155443680604,108.03390316331564,108.72272880006084,108.37831598168825,108.13645806557152,108.37831598168825,1,1,fit,True,fit,True,rain,1
Carrot,2025-06-01,102.95253857774676,107.35602411796154,106.32376396378274,104.2919680807498,105.27075347472729,104.78136077773854,105.02605712623291,105.24017921299632,105.02605712623291,1,1,fit,True,fit,True,rain,1
Carrot,2025-06-08,99.90895345948118,102.95253857774676,100.65592330312302,102.00466762392792,101.68161269826832,101.84314016109812,101.76237642968324,101.35103374922898,101.76237642968324,1,1,fit,True,fit,True,none,0
Carrot,2025-06-15,99.9057085237944,99.90895345948118,98.63790455648274,99.49477619340196,98.50585237286468,99.0003142831333,99.0003142831333,99.0389747498043,98.753083327999,0,1,fit,True,fit,True,none,0
Carrot,2025-06-22,105.3125057956769,99.9057085237944,101.74911900950184,102.50945203403369,102.31070396523116,102.41007799963242,102.41007799963242,101.611672113936,102.41007799963242,0,0,fit,True,fit,True,none,0
Carrot,2025-06-29,114.82029395321854,105.3125057956769,112.0984433226273,110.90222708433848,108.77741892548342,109.83982300491095,109.83982300491095,109.2533305856681,109.83982300491095,0,0,fit,True,fit,True,diesel,1
Carrot,2025-07-06,124.86421519529976,114.82029395321854,124.68088281173644,125.31762518521892,119.3806758425618,122.34915051389036,120.86491317822608,119.97914047314796,120.86491317822608,1,1,fit,True,fit,True,diesel,1
Carrot,2025-07-13,134.2700389926316,124.86421519529976,133.6577056632022,134.70114223703752,131.11859780562082,132.90987002132917,132.01423391347498,131.1611344481048,132.01423391347498,1,1,fit,True,fit,True,none,0
Carrot,2025-07-20,140.53202057803156,134.2700389926316,139.98835520306724,138.71345798661673,135.00550749944466,136.8594827430307,136.8594827430307,137.35500118899932,136.8594827430307,0,0,fit,True,fit,True,none,0
Carrot,2025-07-27,143.01372505973748,140.53202057803156,142.7834696490712,144.31508249895478,141.95122767413142,143.1331550865431,143.1331550865431,143.07054440071775,143.1331550865431,0,0,fit,True,fit,True,none,0
Carrot,2025-08-03,145.36855345535662,143.01372505973748,142.62505682195354,141.9389978731623,143.04346986178032,142.4912338674713,142.4912338674713,142.06563515762724,142.4912338674713,0,0,fit,True,fit,True,none,0
Carrot,2025-08-10,148.89578397881456,145.36855345535662,145.3959706034702,145.89850729690977,144.85537391472246,145.37694060581612,145.37694060581612,145.53000731545376,145.37694060581612,0,0,fit,True,fit,True,none,0
Carrot,2025-08-17,148.3862783817588,148.89578397881456,151.41671047853322,150.75207066916994,148.4353401244826,149.59370539682627,149.59370539682627,149.70840526717424,149.59370539682627,0,0,fit,True,fit,True,diesel,1
Carrot,2025-08-24,151.77069113314673,148.3862783817588,149.16793442078983,150.07832797412124,148.25556694548715,149.1669474598042,148.71125720264567,148.57512067826642,148.71125720264567,1,1,fit,True,fit,True,none,0
Carrot,2025-08-31,152.6786930240129,151.77069113314673,153.19780766895656,152.1688163727491,151.2981236344628,151.73347000360593,151.73347000360593,151.41120822310552,151.73347000360593,0,0,fit,True,fit,True,none,0
Carrot,2025-09-07,159.0419000963536,152.6786930240129,152.96719773973308,154.39330282427267,152.47412949571356,153.4337161599931,153.4337161599931,153.17844259434312,153.4337161599931,0,0,fit,True,fit,True,none,0
Carrot,2025-09-14,162.93257118988703,159.0419000963536,163.039149761653,161.89714105726668,157.83106821578414,159.8641046365254,159.8641046365254,160.2803607960694,159.8641046365254,0,0,fit,True,fit,True,none,0
Carrot,2025-09-21,163.82763203335088,162.93257118988703,166.2312400912734,166.64179882330762,161.86168267059992,164.25174074695377,164.25174074695377,163.69929903075962,164.25174074695377,0,0,fit,True,fit,True,none,0
Carrot,2025-09-28,166.87789660937148,163.82763203335088,163.7672519696572,164.63341746161495,162.91381939602178,163.77361842881837,163.77361842881837,163.95668756853738,163.77361842881837,0,0,fit,True,fit,True,none,0
Carrot,2025-10-05,171.61077423326353,166.87789660937148,166.0957745025472,166.89594546598286,165.76700145251112,166.33147345924698,166.33147345924698,166.3882914080652,166.33147345924698,0,0,fit,True,fit,True,none,0
Carrot,2025-10-12,172.92192125309583,171.61077423326353,173.94963509907416,172.81454728180333,169.175792410296,170.99516984604966,170.99516984604966,171.05036756180894,170.99516984604966,0,0,fit,True,fit,True,none,0
Carrot,2025-10-19,174.30772911538838,172.92192125309583,174.74866210940593,175.2411983221479,171.2631070612776,173.25215269171275,173.25215269171275,172.97168112837352,173.25215269171275,0,0,fit,True,fit,True,none,0
Carrot,2025-10-26,175.47957528284144,174.30772911538838,174.42586114492428,174.27121415648722,171.35845386018514,172.81483400833616,172.81483400833616,172.89816678535948,172.81483400833616,0,0,fit,True,fit,True,none,0
Carrot,2025-11-02,173.88230665109987,175.47957528284144,174.77498719967883,174.8979987278551,171.62253010919642,173.26026441852576,173.26026441852576,172.9880209187699,173.26026441852576,0,0,fit,True,fit,True,none,0
Carrot,2025-11-09,174.28906704943063,173.88230665109987,172.31315331576354,172.65627864236654,171.7905026235425,172.22339063295453,172.22339063295453,171.8917452634248,172.22339063295453,0,0,fit,True,fit,True,diesel,1
Carrot,2025-11-16,172.58164207470622,174.28906704943063,174.11123701545142,173.93560525636042,173.0402047828901,173.48790501962526,173.26405490125768,172.65615761961095,173.26405490125768,1,1,fit,True,fit,True,none,0
Carrot,2025-11-23,167.6457046427368,172.58164207470622,172.02437915506104,171.16689806041987,171.54225794804302,171.35457800423143,171.35457800423143,171.23584954535005,171.35457800423143,0,0,fit,True,fit,True,none,0
Carrot,2025-11-30,158.2512793378636,167.6457046427368,164.5767409002084,163.61776648043354,164.79681028505553,164.20728838274454,164.20728838274454,164.49690735170816,164.20728838274454,0,0,fit,True,fit,True,none,0
Carrot,2025-12-07,148.4658319092512,158.2512793378636,150.77490011642442,152.25519726888024,156.630717261295,154.4429572650876,154.4429572650876,154.02729593009616,154.4429572650876,0,0,fit,True,fit,True,none,0
Carrot,2025-12-14,143.40099971741242,148.4658319092512,140.5819148117947,139.52571415444035,144.1265789604902,141.82614655746528,141.82614655746528,141.8043345953376,142.97636275897776,0,1,fit,True,fit,True,none,0
Carrot,2025-12-21,144.25952847369092,143.40099971741242,140.94418347657987,142.23528640715764,143.27399259060425,142.75463949888095,142.75463949888095,142.33371301739558,142.75463949888095,0,0,fit,True,fit,True,none,0
Carrot,2025-12-28,147.19364006869037,144.25952847369092,148.79833230940096,146.72349967665545,143.79658906228917,145.26004436947233,145.26004436947233,144.51508353985673,145.26004436947233,0,0,fit,True,fit,True,rain,1
Carrot,2026-01-04,154.43401559430922,147.19364006869037,153.21352303483297,152.93038898166867,148.20831652037342,150.56935275102103,149.38883463569724,148.56926122956716,149.38883463569724,1,1,fit,True,fit,True,rain,1
Carrot,2026-01-11,151.65502311093397,154.43401559430922,160.19668565959955,160.84334355095902,156.20032116014326,158.52183235555114,157.3610767578472,156.8038852965225,157.3610767578472,1,1,fit,True,fit,True,none,0
Carrot,2026-01-18,149.42469030670063,151.65502311093397,148.67346588273602,149.27147830087142,151.85466532213275,150.56307181150208,150.56307181150208,150.68861080140363,150.56307181150208,0,0,fit,True,fit,True,none,0
Carrot,2026-01-25,144.48627072123895,149.42469030670063,143.59558409240194,143.96365385556362,149.36726939729587,146.66546162642976,146.66546162642976,146.86970281281015,148.0163655118628,0,1,fit,True,fit,True,none,0
Carrot,2026-02-01,135.09397483548028,144.48627072123895,138.6393784333623,137.5781684070882,142.67601972369562,140.12709406539193,140.12709406539193,139.9187264792561,140.12709406539193,0,0,fit,True,fit,True,none,0
Carrot,2026-02-08,127.6259205663381,135.09397483548028,129.14831316325015,127.87830792840082,133.99751473149163,130.93791132994622,130.93791132994622,131.10193383522957,130.93791132994622,0,0,fit,True,fit,True,none,0
Carrot,2026-02-15,123.78474119412022,127.6259205663381,122.147793627424,123.76486625963696,126.49343684555868,125.12915155259782,125.12915155259782,125.4804548618,125.12915155259782,0,0,fit,True,fit,True,none,0
Carrot,2026-02-22,122.17536352069926,123.78474119412022,121.45330054420435,120.84078955971736,123.20365229355411,122.02222092663573,122.02222092663573,122.23036741679238,122.02222092663573,0,0,fit,True,fit,True,both,1
Carrot,2026-03-01,122.01943864379922,122.17536352069926,122.86209311693784,123.27812214431924,120.88546870143962,122.08179542287944,121.48363206215951,121.18860114046193,121.48363206215951,1,1,fit,True,fit,True,diesel,1
Carrot,2026-03-08,119.7751317429911,122.01943864379922,122.91380140382086,121.56507163018246,121.2731511787037,121.41911140444309,121.3461312915734,121.30062207240375,121.3461312915734,1,1,fit,True,fit,True,none,0
Carrot,2026-03-15,131.31085684064632,119.7751317429911,117.4640888727674,120.21258145374055,119.12406514171472,119.66832329772762,119.66832329772762,119.7355597808247,119.66832329772762,0,0,fit,True,fit,True,diesel,1
Carrot,2026-03-22,139.49553686685482,131.31085684064632,136.9713272664654,135.08381744687583,131.22276972893482,133.15329358790532,132.18803165842007,132.5382618157954,132.18803165842007,1,1,fit,True,fit,True,diesel,1
Carrot,2026-03-29,147.39903591390222,139.49553686685482,147.15796586633556,150.63322607845157,140.51851672239223,145.5758714004219,143.04719406140708,142.45906715241932,143.04719406140708,1,1,fit,True,fit,True,diesel,1
Carrot,2026-04-05,152.74509281875578,147.39903591390222,152.91007012871776,149.44029654744324,148.28277657743067,148.86153656243695,148.5721565699338,147.74446254131786,148.5721565699338,1,1,fit,True,fit,True,diesel,1
Carrot,2026-04-12,166.52020944245527,152.74509281875578,152.45361632937457,155.04316892747897,154.0752586817929,154.55921380463593,154.3172362432144,154.0314378872774,154.3172362432144,1,1,fit,True,fit,True,diesel,1
Carrot,2026-04-19,162.53633726969056,166.52020944245527,172.21044543192642,174.18283504067776,168.54232705720136,171.36258104893955,169.95245405307045,170.21557679047814,169.95245405307045,1,1,fit,True,fit,True,diesel,1
Carrot,2026-04-26,168.87836074609123,162.53633726969056,159.41054078207588,158.32198374662056,161.64943291082673,159.98570832872366,160.8175706197752,162.09538527627126,160.8175706197752,1,1,fit,True,fit,True,diesel,1
Carrot,2026-05-03,190.6639213583892,168.87836074609123,169.2826926263481,173.79629428968326,167.30072617310844,170.54851023139585,168.92461820225213,169.06995235661958,168.92461820225213,1,1,fit,True,fit,True,both,1
Carrot,2026-05-10,206.3432227245223,190.6639213583892,204.42043009542303,201.58732775104863,190.0571299813216,195.82222886618513,192.93967942375335,192.35348389524617,192.93967942375335,1,1,fit,True,fit,True,rain,1
Carrot,2026-05-17,206.53797980486445,206.3432227245223,223.30598032020015,221.49268596221177,207.83870075854176,214.6656933603767,211.2521970594593,212.58190799004512,211.2521970594593,1,1,fit,True,fit,True,diesel,1
Carrot,2026-05-24,209.4695248200931,206.53797980486445,207.95064018736696,208.72720950239412,207.9757599466949,208.3514847245445,208.1636223356197,208.55135460299945,208.1636223356197,1,1,fit,True,fit,True,rain,1
Carrot,2026-05-31,199.4853505353809,209.4695248200931,203.49693619555424,203.4311255716751,209.518081662003,206.47460361683903,207.99634263942104,206.6167401792304,207.99634263942104,1,1,fit,True,fit,True,none,0
Carrot,2026-06-07,182.81809744496096,199.4853505353809,186.65701453809183,189.15598252499092,198.69813476608996,193.92705864554048,193.92705864554048,192.88778350597025,193.92705864554048,0,0,fit,True,fit,True,diesel,1
Carrot,2026-06-14,175.69085683536616,182.81809744496096,172.95302212487545,170.01031287481928,180.41982421536196,175.21506854509062,177.8174463802263,176.81766638097017,177.8174463802263,1,1,fit,True,fit,True,diesel,1
Carrot,2026-06-21,164.45289691260874,175.69085683536616,173.91968750077874,174.03205555161117,176.235103032113,175.13357929186208,175.68434116198753,175.5280581186626,175.68434116198753,1,1,fit,True,fit,True,none,0
Carrot,2026-06-28,154.03814886753594,164.45289691260874,160.57518568549978,159.99563348505325,163.8652553158146,161.93044440043394,161.93044440043394,162.41133948755686,161.93044440043394,0,0,fit,True,fit,True,diesel,1
Carrot,2026-07-05,149.37879790734507,154.03814886753594,150.50718663821374,152.7931946639385,151.1281127804998,151.96065372221915,151.54438325135948,151.62932702272178,151.54438325135948,1,1,fit,True,fit,True,none,0
Carrot,2026-07-12,144.94585702932218,149.37879790734507,148.64590851937598,144.48976380773652,146.9595552868769,145.72465954730671,145.72465954730671,145.8835757822768,145.72465954730671,0,0,fit,True,fit,True,none,0
Carrot,2026-07-19,143.40316064472648,144.94585702932218,144.9422896317404,144.5613020600083,142.52146194494108,143.54138200247468,143.54138200247468,143.27905421221436,143.0314219737079,0,1,fit,True,fit,True,diesel,1
Carrot,2026-07-26,142.95218442935516,143.40316064472648,145.65461999404417,144.63934368064517,141.9370687734649,143.288206227055,142.61263750025995,141.88692883679636,142.61263750025995,1,1,fit,True,fit,True,none,0
Eggplant,2024-11-10,90.90693568502589,89.98726940473381,90.89910480701283,91.19987497392393,89.78968765159908,90.4947813127615,90.4947813127615,90.73774241399546,90.4947813127615,0,0,fit,True,fit,True,none,0
Eggplant,2024-11-17,90.56449167790257,90.90693568502589,91.2298176335873,91.01092132166237,90.74781679426356,90.87936905796296,90.87936905796296,90.94357958274549,90.87936905796296,0,0,fit,True,fit,True,none,0
Eggplant,2024-11-24,91.22130313062593,90.56449167790257,89.85076081503495,89.95646395904089,90.30250950517498,90.12948673210794,90.12948673210794,90.19256275139504,90.12948673210794,0,0,fit,True,fit,True,none,0
Eggplant,2024-12-01,90.98478182579132,91.22130313062593,91.52554347592488,91.29113893875758,91.24244395562933,91.26679144719344,91.26679144719344,91.1893101270656,91.25461770141138,0,1,fit,True,fit,True,none,0
Eggplant,2024-12-08,90.7065577582016,90.98478182579132,91.36771511346764,91.54420600524912,90.96974533690812,91.2569756710786,91.2569756710786,91.25660756722796,91.2569756710786,0,0,fit,True,fit,True,none,0
Eggplant,2024-12-15,89.50201743512518,90.7065577582016,90.80977588391534,90.90685116162445,90.8892767057314,90.89806393367792,90.89806393367792,90.70274868441368,90.89806393367792,0,0,fit,True,fit,True,diesel,1
Eggplant,2024-12-22,90.2966388871356,89.50201743512518,88.28293290012844,88.3662702224057,89.55503319620259,88.96065170930414,89.25784245275337,89.19097590960938,89.25784245275337,1,1,fit,True,fit,True,none,0
Eggplant,2024-12-29,91.01000417803924,90.2966388871356,91.0217232067616,90.57139512472186,90.35434621175966,90.46287066824075,90.46287066824075,90.3819125737929,90.46287066824075,0,0,fit,True,fit,True,none,0
Eggplant,2025-01-05,91.54249666935924,91.01000417803924,92.8198710436068,93.05023031157066,90.95902320777576,92.00462675967322,92.00462675967322,91.94303519406424,91.48182498372448,0,1,fit,True,fit,True,rain,1
Eggplant,2025-01-12,93.84042971018836,91.54249666935924,92.92106975252943,93.11298317735566,91.69019674069408,92.40158995902488,92.04589334985948,92.06383255607224,92.04589334985948,1,1,fit,True,fit,True,diesel,1
Eggplant,2025-01-19,95.67061369094026,93.84042971018836,95.41355925472132,95.16225898319144,94.35773937586828,94.75999917952988,94.55886927769907,95.31198680923708,94.55886927769907,1,1,fit,True,fit,True,none,0
Eggplant,2025-01-26,97.26646004556602,95.67061369094026,97.39295830504928,97.528869092369,96.3290536847986,96.9289613885838,96.9289613885838,97.20929949712335,96.9289613885838,0,0,fit,True,fit,True,none,0
Eggplant,2025-02-02,100.50042594846444,97.26646004556602,98.87635291669432,99.04758016684644,98.45627556680626,98.75192786682636,98.75192786682636,99.05595095385104,98.75192786682636,0,0,fit,True,fit,True,none,0
Eggplant,2025-02-09,102.53117805741005,100.50042594846444,103.09470942041852,102.88568865374162,101.52569283422189,102.20569074398176,102.20569074398176,101.76036572700636,102.20569074398176,0,0,fit,True,fit,True,none,0
Eggplant,2025-02-16,104.5795021645264,102.53117805741005,104.56035089223576,104.4533314307693,102.47409190259152,103.4637116666804,103.4637116666804,103.68115795663698,103.4637116666804,0,0,fit,True,fit,True,none,0
Eggplant,2025-02-23,106.70889375996089,104.5795021645264,106.0006122038002,106.1674498281225,104.85647460739176,105.51196221775714,105.51196221775714,106.33205786115828,105.51196221775714,0,0,fit,True,fit,True,none,0
Eggplant,2025-03-02,107.29232308007668,106.70889375996089,107.86762348241152,107.97120596674247,105.91287492107844,106.94204044391046,106.94204044391046,108.07579970408808,106.94204044391046,0,0,fit,True,fit,True,diesel,1
Eggplant,2025-03-09,107.22736217643282,107.29232308007668,107.71990651609384,107.77160234956553,106.86304488517236,107.31732361736894,107.09018425127064,108.25491550048386,107.09018425127064,1,1,fit,True,fit,True,rain,1
Eggplant,2025-03-16,106.47654106475892,107.22736217643282,106.82577448028822,106.48335037123276,106.80706950093769,106.6452099360852,106.72613971851143,107.13752311266336,106.72613971851143,1,1,fit,True,fit,True,none,0
Eggplant,2025-03-23,103.96260445919503,106.47654106475892,105.44773659554023,105.29565581204491,106.14115103342118,105.71840342273303,105.71840342273303,105.80945555259774,105.71840342273303,0,0,fit,True,fit,True,none,0
Eggplant,2025-03-30,100.04116864201588,103.96260445919503,101.85670452657789,102.06704388748346,103.29870575275888,102.68287482012116,102.68287482012116,102.419230661281,102.68287482012116,0,0,fit,True,fit,True,none,0
Eggplant,2025-04-06,94.19924333969878,100.04116864201588,96.57314064500416,96.65771077246671,99.4469078898148,98.05230933114076,98.05230933114076,97.94666590972923,98.74960861047778,0,1,fit,True,fit,True,none,0
Eggplant,2025-04-13,90.84326286663992,94.19924333969878,89.06712904198503,88.87562575728784,93.28388843218612,91.07975709473698,91.07975709473698,90.96992984449474,91.07975709473698,0,0,fit,True,fit,True,diesel,1
Eggplant,2025-04-20,87.03414432973013,90.84326286663992,88.44809207166074,88.56054534849054,90.24990947594624,89.4052274122184,89.82756844408232,89.11899328477102,89.82756844408232,1,1,fit,True,fit,True,none,0
Eggplant,2025-04-27,85.24334973255316,87.03414432973013,85.88575133773796,85.80715019320844,86.91489929229364,86.36102474275104,86.36102474275104,85.74169027599565,86.63796201752234,0,1,fit,True,fit,True,none,0
Eggplant,2025-05-04,83.24413699909219,85.24334973255316,85.08174652349852,85.06523266000549,84.55003321329275,84.80763293664913,84.80763293664913,84.97910456221561,84.80763293664913,0,0,fit,True,fit,True,diesel,1
Eggplant,2025-05-11,82.9074585993993,83.24413699909219,81.59461358654448,81.76745946592722,82.88502190514573,82.32624068553648,82.60563129534111,82.59272052695141,82.60563129534111,1,1,fit,True,fit,True,none,0
Eggplant,2025-05-18,81.91847930448954,82.9074585993993,82.21103979353805,82.00960480374695,82.33533590633748,82.17247035504221,82.17247035504221,82.27645977736353,82.17247035504221,0,0,fit,True,fit,True,rain,1
Eggplant,2025-05-25,81.92992516006966,81.91847930448954,81.31034499472351,81.67112060514222,81.72348001199667,81.69730030856945,81.71039016028305,81.50319142495653,81.71039016028305,1,1,fit,True,fit,True,rain,1
Eggplant,2025-06-01,81.87186682494327,81.92992516006966,81.98958038807642,81.61985952234602,81.64297907199402,81.63141929717003,81.63719918458202,81.54453226058223,81.63719918458202,1,1,fit,True,fit,True,rain,1
Eggplant,2025-06-08,82.12156225350873,81.87186682494327,81.57928699728446,81.83708909263088,81.72511650891944,81.78110280077516,81.75310965484731,81.64976611963264,81.75310965484731,1,1,fit,True,fit,True,none,0
Eggplant,2025-06-15,82.76150831002496,82.12156225350873,81.92147739263962,81.7517248258986,82.01299427804724,81.88235955197293,81.88235955197293,81.8404081154235,81.94767691501008,0,1,fit,True,fit,True,none,0
Eggplant,2025-06-22,83.66678050639183,82.76150831002496,82.9344193960591,83.00962413682346,82.6043865622928,82.80700534955812,82.80700534955812,82.98569021002604,82.80700534955812,0,0,fit,True,fit,True,none,0
Eggplant,2025-06-29,85.82828217622239,83.66678050639183,84.28887743806384,84.21893141020166,83.60806241737754,83.9134969137896,83.9134969137896,84.00398354272434,83.9134969137896,0,0,fit,True,fit,True,diesel,1
Eggplant,2025-07-06,85.59084021699219,85.82828217622239,87.48069750848161,87.42437736590716,85.90472447749573,86.66455092170145,86.28463769959859,86.31930229509823,86.28463769959859,1,1,fit,True,fit,True,diesel,1
Eggplant,2025-07-13,88.27875283466896,85.59084021699219,85.13409513453861,85.49410265080935,84.9993484581688,85.24672555448907,85.12303700632893,85.61206322405033,85.12303700632893,1,1,fit,True,fit,True,none,0
Eggplant,2025-07-20,91.44327669148848,88.27875283466896,89.22182472983971,89.1119243789531,88.18545675384125,88.64869056639718,88.64869056639718,88.61516448108004,88.64869056639718,0,0,fit,True,fit,True,none,0
Eggplant,2025-07-27,95.00713054729393,91.44327669148848,94.2974762308652,94.27661820902247,91.42003530194566,92.84832675548408,92.84832675548408,92.91609131151948,92.84832675548408,0,0,fit,True,fit,True,none,0
Eggplant,2025-08-03,100.40090712787672,95.00713054729393,98.67375314519307,98.69790062118494,95.0460973669379,96.8719989940614,96.8719989940614,96.73773559034773,96.8719989940614,0,0,fit,True,fit,True,none,0
Eggplant,2025-08-10,103.56389452183782,100.40090712787672,104.1848076254313,104.26519675200964,101.30264523508116,102.7839209935454,102.7839209935454,102.43785904858385,102.7839209935454,0,0,fit,True,fit,True,none,0
Eggplant,2025-08-17,102.97807646910525,103.56389452183782,105.12137557555182,104.63694129578477,104.23263854945242,104.4347899226186,104.4347899226186,104.3508447078702,104.4347899226186,0,0,fit,True,fit,True,diesel,1
Eggplant,2025-08-24,101.16033493618905,102.97807646910525,100.5111676729712,101.15286136531812,103.1593277863679,102.156094575843,102.65771118110546,102.5201112078646,102.65771118110546,1,1,fit,True,fit,True,none,0
Eggplant,2025-08-31,96.8967859486512,101.16033493618905,97.28583243905688,96.96553710428128,100.74242892007769,98.85398301217948,98.85398301217948,98.96814250681793,98.85398301217948,0,0,fit,True,fit,True,none,0
Eggplant,2025-09-07,90.6988299527484,96.8967859486512,93.0725894341224,92.9873030848916,96.05478719271936,94.52104513880548,94.52104513880548,94.77067865964707,94.52104513880548,0,0,fit,True,fit,True,none,0
Eggplant,2025-09-14,86.58009348679738,90.6988299527484,86.38456828234781,85.9758463982348,89.56429857400236,87.77007248611858,87.77007248611858,87.60002341480663,87.77007248611858,0,0,fit,True,fit,True,none,0
Eggplant,2025-09-21,83.85572100432064,86.58009348679738,83.64901980878062,84.55683513655501,85.66594610978322,85.11139062316911,85.11139062316911,84.80148902805345,85.11139062316911,0,0,fit,True,fit,True,none,0
Eggplant,2025-09-28,83.54535609153913,83.85572100432064,83.15379869209971,82.7624847523918,83.46657542140629,83.11453008689904,83.11453008689904,83.42220152207636,83.11453008689904,0,0,fit,True,fit,True,none,0
Eggplant,2025-10-05,85.35325143264464,83.54535609153913,85.31079925179978,85.22032340373627,83.61388561544823,84.41710450959225,84.41710450959225,84.38458945921455,84.41710450959225,0,0,fit,True,fit,True,none,0
Eggplant,2025-10-12,86.22893258387022,85.35325143264464,87.95610308145088,87.80536302882037,85.51296431349448,86.65916367115742,86.65916367115742,86.65504571290975,86.65916367115742,0,0,fit,True,fit,True,none,0
Eggplant,2025-10-19,86.37154429794613,86.22893258387022,86.91084310344027,86.91431817166698,86.16166956925564,86.5379938704613,86.5379938704613,86.5439206974301,86.5379938704613,0,0,fit,True,fit,True,none,0
Eggplant,2025-10-26,85.72627148352919,86.37154429794613,85.1388881285896,85.50856440444322,86.19785400868717,85.8532092065652,85.8532092065652,85.89954844276505,85.8532092065652,0,0,fit,True,fit,True,none,0
Eggplant,2025-11-02,84.14184598957952,85.72627148352919,84.10176872548261,84.09254116430512,85.63847437821684,84.86550777126098,84.86550777126098,84.77070868480945,84.86550777126098,0,0,fit,True,fit,True,none,0
Eggplant,2025-11-09,87.2744998277531,84.14184598957952,83.01797648123045,82.8577168708636,83.88712267910894,83.37241977498627,83.37241977498627,83.42841310844517,83.37241977498627,0,0,fit,True,fit,True,diesel,1
Eggplant,2025-11-16,89.30413435743218,87.2744998277531,90.77019100965911,90.5724676374708,87.36568170947889,88.96907467347484,88.16737819147687,87.92261477803271,88.16737819147687,1,1,fit,True,fit,True,none,0
Eggplant,2025-11-23,94.57082220053492,89.30413435743218,92.93252938925755,93.54141130751565,89.42470524058704,91.48305827405132,91.48305827405132,91.33117304768244,91.48305827405132,0,0,fit,True,fit,True,none,0
Eggplant,2025-11-30,101.35869847389064,94.57082220053492,98.90083162367377,98.759579974114,95.81162758803188,97.28560378107292,97.28560378107292,96.8702997312234,97.28560378107292,0,0,fit,True,fit,True,none,0
Eggplant,2025-12-07,109.6756549014733,101.35869847389064,106.15652436094295,106.08573977188692,102.3797441587051,104.232741965296,104.232741965296,104.20699913645004,104.232741965296,0,0,fit,True,fit,True,none,0
Eggplant,2025-12-14,116.06825602828496,109.6756549014733,116.82807538256132,117.01509681249053,111.2268456353829,114.1209712239367,114.1209712239367,114.14360352479044,112.6739084296598,0,1,fit,True,fit,True,none,0
Eggplant,2025-12-21,119.53181706772672,116.06825602828496,121.12580349362584,120.32937988424084,118.20116413413518,119.265272009188,119.265272009188,119.088887202555,119.265272009188,0,0,fit,True,fit,True,none,0
Eggplant,2025-12-28,120.04427127648094,119.53181706772672,120.08308712308768,120.68589820340792,120.8049511800848,120.74542469174636,120.74542469174636,120.44086072237266,120.74542469174636,0,0,fit,True,fit,True,rain,1
Eggplant,2026-01-04,118.3198097992004,120.04427127648094,117.58389574713816,117.7236478387544,120.16059172261456,118.94211978068446,119.55135575164952,119.95271345083512,119.55135575164952,1,1,fit,True,fit,True,rain,1
Eggplant,2026-01-11,115.50883253120448,118.3198097992004,115.85068045674969,115.8528560717566,118.12791048467766,116.99038327821712,117.5591468814474,117.37596053291972,117.5591468814474,1,1,fit,True,fit,True,none,0
Eggplant,2026-01-18,113.1964866101784,115.50883253120448,113.99965802737889,113.60741037966248,114.87726868890788,114.24233953428518,114.24233953428518,114.18166990351926,114.24233953428518,0,0,fit,True,fit,True,none,0
Eggplant,2026-01-25,109.654870855527,113.1964866101784,112.53253153657408,111.9895745163911,112.78985981941644,112.38971716790375,112.38971716790375,112.05551116793332,112.58978849366012,0,1,fit,True,fit,True,none,0
Eggplant,2026-02-01,104.89466924734364,109.654870855527,107.65138505102612,108.1591315972013,109.0748438713122,108.61698773425675,108.61698773425675,108.55336850803948,108.61698773425675,0,0,fit,True,fit,True,none,0
Eggplant,2026-02-08,101.22521298883942,104.89466924734364,100.97067771171773,101.14101729032669,103.54289407797108,102.34195568414889,102.34195568414889,102.58775236459933,102.34195568414889,0,0,fit,True,fit,True,none,0
Eggplant,2026-02-15,99.30352441605824,101.22521298883942,98.33381783921988,98.58433628080851,99.97324150560884,99.27878889320868,99.27878889320868,99.31553026913184,99.27878889320868,0,0,fit,True,fit,True,none,0
Eggplant,2026-02-22,96.57659364716572,99.30352441605824,99.53943178078228,98.90034920202456,97.88702825841206,98.39368873021832,98.39368873021832,98.63737135312786,98.39368873021832,0,0,fit,True,fit,True,both,1
Eggplant,2026-03-01,97.93773960113788,96.57659364716572,96.39968559752712,96.92558134378444,95.7761760451035,96.35087869444396,96.06352736977374,96.03207873729502,96.06352736977374,1,1,fit,True,fit,True,diesel,1
Eggplant,2026-03-08,96.88664571365204,97.93773960113788,99.33188686195597,98.68946804825104,98.06484364509843,98.37715584667474,98.2209997458866,98.06266067759302,98.2209997458866,1,1,fit,True,fit,True,none,0
Eggplant,2026-03-15,100.99181008156924,96.88664571365204,96.45403943230446,96.47778016444148,97.43055979331818,96.95416997887985,96.95416997887985,96.92728882052792,96.95416997887985,0,0,fit,True,fit,True,diesel,1
Eggplant,2026-03-22,101.42834373778044,100.99181008156924,104.2573341736541,103.81763123097384,101.58677768525271,102.70220445811329,102.14449107168298,102.04059691248516,102.14449107168298,1,1,fit,True,fit,True,diesel,1
Eggplant,2026-03-29,99.40546018573926,101.42834373778044,102.87431148597072,104.2052279045393,102.4117220289105,103.3084749667249,102.8600984978177,102.50040130491035,102.8600984978177,1,1,fit,True,fit,True,diesel,1
Eggplant,2026-04-05,94.19483553697523,99.40546018573926,96.47436480341396,95.93808870735894,99.60178356561347,97.76993613648622,98.68585985104986,98.8878362807209,98.68585985104986,1,1,fit,True,fit,True,diesel,1
Eggplant,2026-04-12,95.70739460765355,94.19483553697523,87.00368497939634,87.06016673834044,93.24058609535156,90.150376416846,91.69548125609876,92.03400670036795,91.69548125609876,1,1,fit,True,fit,True,diesel,1
Eggplant,2026-04-19,87.48189768325788,95.70739460765355,95.77461252899498,97.8321366578154,95.29660657822126,96.56437161801831,95.9304890981198,95.99105632810598,95.9304890981198,1,1,fit,True,fit,True,diesel,1
Eggplant,2026-04-26,85.93587336528319,87.48189768325788,85.04738846571193,82.63664132870528,87.1302417529772,84.88344154084123,86.00684164690921,86.2316902898545,86.00684164690921,1,1,fit,True,fit,True,diesel,1
Eggplant,2026-05-03,93.93982661391765,85.93587336528319,82.40563810849055,87.13360432713327,85.31710014331358,86.22535223522343,85.7712261892685,86.29975987894622,85.7712261892685,1,1,fit,True,fit,True,both,1
Eggplant,2026-05-10,101.03459214027512,93.93982661391765,98.76931098368073,96.64600403943344,94.61935294295816,95.6326784911958,95.126015717077,96.00147121577236,95.126015717077,1,1,fit,True,fit,True,rain,1
Eggplant,2026-05-17,102.65047335708994,101.03459214027512,109.18780729527148,108.76251915130592,103.56209729965316,106.16230822547956,104.86220276256635,104.54448848863676,104.86220276256635,1,1,fit,True,fit,True,diesel,1
Eggplant,2026-05-24,103.81741591266358,102.65047335708994,104.66296943976782,106.06607879940216,104.1312916287269,105.09868521406452,104.61498842139572,104.59500784178108,104.61498842139572,1,1,fit,True,fit,True,rain,1
Eggplant,2026-05-31,102.70769074231896,103.81741591266358,100.01346583878346,100.25699122588787,103.70817705712282,101.98258414150536,102.84538059931408,103.12404362548304,102.84538059931408,1,1,fit,True,fit,True,none,0
Eggplant,2026-06-07,95.81636952114891,102.70769074231896,98.524796393315,97.26166897502586,102.13657220870766,99.69912059186676,99.69912059186676,99.6119111883519,99.69912059186676,0,0,fit,True,fit,True,diesel,1
Eggplant,2026-06-14,93.77222637279648,95.81636952114891,88.75607613063096,89.49583838346744,94.12914310646843,91.81249074496792,92.9708169257182,93.44630454535664,92.9708169257182,1,1,fit,True,fit,True,diesel,1
Eggplant,2026-06-21,90.42632370649108,93.77222637279648,93.16519488340607,93.83277945540628,92.51743308647292,93.1751062709396,92.84626967870628,92.93917022311126,92.84626967870628,1,1,fit,True,fit,True,none,0
Eggplant,2026-06-28,87.66508072725439,90.42632370649108,90.98072963219856,89.20923905752869,89.49467068372496,89.35195487062683,89.35195487062683,89.14376740972747,89.35195487062683,0,0,fit,True,fit,True,diesel,1
Eggplant,2026-07-05,87.16907173988201,87.66508072725439,85.76394923823548,87.2017761538022,87.72605548909807,87.46391582145014,87.5949856552741,87.84544227528185,87.5949856552741,1,1,fit,True,fit,True,none,0
Eggplant,2026-07-12,88.14203887480761,87.16907173988201,86.39840132904631,86.39035904890997,87.5587779342828,86.97456849159639,86.97456849159639,86.87862458618324,86.97456849159639,0,0,fit,True,fit,True,none,0
Eggplant,2026-07-19,89.33101319413689,88.14203887480761,89.3812792045221,88.21750348552887,88.27835423547293,88.2479288605009,88.2479288605009,88.40480114044294,88.26314154798692,0,1,fit,True,fit,True,diesel,1
Eggplant,2026-07-26,90.03787614689914,89.33101319413689,91.2930045698705,91.29027599930971,89.4652787063649,90.37777735283731,89.92152802960112,89.68101390020087,89.92152802960112,1,1,fit,True,fit,True,none,0
Native garlic,2024-11-10,184.1633704423859,183.89231951295835,184.73591896011777,183.40519943645,184.227409375305,183.81630440587747,183.81630440587747,183.5414100342487,183.81630440587747,0,0,fit,True,fit,True,none,0
Native garlic,2024-11-17,187.182326976208,184.1633704423859,186.67106401822815,185.28402423527615,185.28947312831423,185.2867486817952,185.2867486817952,184.85799134207923,185.2867486817952,0,0,fit,True,fit,True,none,0
Native garlic,2024-11-24,194.76198311713665,187.182326976208,189.66805364159012,189.41870227002244,188.34165937080792,188.8801808204152,188.8801808204152,188.62178491015212,188.8801808204152,0,0,fit,True,fit,True,none,0
Native garlic,2024-12-01,198.92169851287747,194.76198311713665,197.68525851971148,196.91887248684708,194.89243549672096,195.905653991784,195.905653991784,195.43770341673033,195.39904474425248,0,1,fit,True,fit,True,none,0
Native garlic,2024-12-08,205.24328238488653,198.92169851287747,202.64337123526272,204.1940999917231,198.857063787426,201.52558188957457,201.52558188957457,201.8762737966824,201.52558188957457,0,0,fit,True,fit,True,none,0
Native garlic,2024-12-15,206.73290854170244,205.24328238488653,207.36069302403376,206.2540345801832,203.77292115212896,205.01347786615608,205.01347786615608,205.20055133531807,205.01347786615608,0,0,fit,True,fit,True,diesel,1
Native garlic,2024-12-22,206.835549240082,206.73290854170244,207.17230100159668,207.77091497091985,205.61842840387743,206.69467168739865,206.15655004563803,206.78642282220596,206.15655004563803,1,1,fit,True,fit,True,none,0
Native garlic,2024-12-29,213.51656113932972,206.835549240082,205.23229480912727,205.73963936344867,207.9585874128039,206.84911338812628,206.84911338812628,206.24317657030144,206.84911338812628,0,0,fit,True,fit,True,none,0
Native garlic,2025-01-05,215.87900306786176,213.51656113932972,214.3600205733732,212.912183913042,212.94111435483345,212.9266491339377,212.9266491339377,213.0001753971747,212.93388174438556,0,1,fit,True,fit,True,rain,1
Native garlic,2025-01-12,212.2380479354896,215.87900306786176,219.3823277787887,217.26422204720345,213.5015328129637,215.38287743008357,214.4422051215236,215.0847406292026,214.4422051215236,1,1,fit,True,fit,True,diesel,1
Native garlic,2025-01-19,207.42564511098877,212.2380479354896,212.8443532889416,213.4969676428469,212.6078195054569,213.0523935741519,212.8301065398044,212.4113577214665,212.8301065398044,1,1,fit,True,fit,True,none,0
Native garlic,2025-01-26,207.77730372976356,207.42564511098877,202.92084009071823,204.20842646675715,208.57351124086395,206.3909688538105,206.3909688538105,205.97312868593048,206.3909688538105,0,0,fit,True,fit,True,none,0
Native garlic,2025-02-02,203.54224526961957,207.77730372976356,204.45883113496953,202.83096899632815,207.1813365561872,205.0061527762577,205.0061527762577,204.90080886818615,205.0061527762577,0,0,fit,True,fit,True,none,0
Native garlic,2025-02-09,198.34893534373072,203.54224526961957,202.77978248852136,201.93890500454924,202.88442713102015,202.41166606778472,202.41166606778472,201.97261488670676,202.41166606778472,0,0,fit,True,fit,True,none,0
Native garlic,2025-02-16,194.8942087390261,198.34893534373072,197.85225520493165,197.65492085568832,197.21165642927912,197.43328864248372,197.43328864248372,197.53017873437977,197.43328864248372,0,0,fit,True,fit,True,none,0
Native garlic,2025-02-23,189.8946106351858,194.8942087390261,193.11362927106592,192.5690223384085,193.6110943057375,193.09005832207305,193.09005832207305,192.8898768378506,193.09005832207305,0,0,fit,True,fit,True,none,0
Native garlic,2025-03-02,185.03334632340807,189.8946106351858,187.47083779401635,189.20438166992415,188.86017178669033,189.03227672830724,189.03227672830724,188.85018155828615,189.03227672830724,0,0,fit,True,fit,True,diesel,1
Native garlic,2025-03-09,186.20918586655583,185.03334632340807,181.9579418327264,181.40144862675464,184.58928084198376,182.9953647343692,183.79232278817648,183.51377044224495,183.79232278817648,1,1,fit,True,fit,True,rain,1
Native garlic,2025-03-16,182.20524759609,186.20918586655583,185.75754188172945,185.5260483648887,183.89874461098637,184.71239648793755,184.30557054946195,184.60112915107976,184.30557054946195,1,1,fit,True,fit,True,none,0
Native garlic,2025-03-23,182.2274790081363,182.20524759609,182.3862479312349,182.95870482769385,181.8579124363114,182.40830863200264,182.40830863200264,182.13215983592107,182.40830863200264,0,0,fit,True,fit,True,none,0
Native garlic,2025-03-30,186.42474132258872,182.2274790081363,182.0805099072685,183.5713410583806,182.5144168111663,183.04287893477343,183.04287893477343,182.63113089803124,183.04287893477343,0,0,fit,True,fit,True,none,0
Native garlic,2025-04-06,187.1239643453151,186.42474132258872,187.1214133631139,186.0695023596993,185.4403372355221,185.75491979761068,185.75491979761068,185.7281537954325,185.59762851656637,0,1,fit,True,fit,True,none,0
Native garlic,2025-04-13,193.2166037250494,187.1239643453151,188.51480170690684,190.25384715883067,187.3834078370124,188.8186274979215,188.8186274979215,188.66033748052533,188.8186274979215,0,0,fit,True,fit,True,diesel,1
Native garlic,2025-04-20,192.07091684362456,193.2166037250494,194.89165203655637,193.7375903150386,192.33425322065105,193.03592176784483,192.6850874942479,192.27066139101365,192.6850874942479,1,1,fit,True,fit,True,none,0
Native garlic,2025-04-27,197.2685150470587,192.07091684362456,192.0710322372885,194.43289620177683,192.50229401609465,193.46759510893577,193.46759510893577,193.3226500536894,192.9849445625152,0,1,fit,True,fit,True,none,0
Native garlic,2025-05-04,200.6667931708635,197.2685150470587,197.30603568825887,197.08454895338156,197.69437497518985,197.3894619642857,197.3894619642857,197.26401199392112,197.3894619642857,0,0,fit,True,fit,True,diesel,1
Native garlic,2025-05-11,202.81201822300855,200.6667931708635,201.6669422682105,201.55188546380563,199.98113894789827,200.7665122058519,200.3738255768751,200.349447739098,200.3738255768751,1,1,fit,True,fit,True,none,0
Native garlic,2025-05-18,205.7067613023682,202.81201822300855,204.76541973201435,203.43896106869835,202.50957418223325,202.9742676254658,202.9742676254658,203.04286345954225,202.9742676254658,0,0,fit,True,fit,True,rain,1
Native garlic,2025-05-25,207.134427169177,205.7067613023682,206.60168450456305,206.13670661706945,205.08817309321597,205.6124398551427,205.35030647417932,205.18401966294675,205.35030647417932,1,1,fit,True,fit,True,rain,1
Native garlic,2025-06-01,206.44957989117083,207.134427169177,207.75087251992107,205.5270106437877,205.63796041331,205.58248552854883,205.6102229709294,205.51987821408775,205.6102229709294,1,1,fit,True,fit,True,rain,1
Native garlic,2025-06-08,202.16197601327931,206.44957989117083,205.6449668544728,206.74895076087483,204.98883229156908,205.86889152622192,205.4288619088955,205.7066980826683,205.4288619088955,1,1,fit,True,fit,True,none,0
Native garlic,2025-06-15,197.30039389337028,202.16197601327931,199.83259893259336,200.429499242741,201.62495628366503,201.02722776320303,201.02722776320303,200.57719731715048,201.3260920234341,0,1,fit,True,fit,True,none,0
Native garlic,2025-06-22,196.46400740922988,197.30039389337028,193.9396549490254,195.951999145166,198.13214869702784,197.04207392109691,197.04207392109691,196.6939771778709,197.04207392109691,0,0,fit,True,fit,True,none,0
Native garlic,2025-06-29,195.1240427412792,196.46400740922988,195.5546260486845,194.1544989345271,197.20383104862273,195.6791649915749,195.6791649915749,195.331635407033,195.6791649915749,0,0,fit,True,fit,True,diesel,1
Native garlic,2025-07-06,193.2770420820301,195.1240427412792,196.7796313080831,197.0402573483222,195.80040030858953,196.4203288284559,196.1103645685227,196.07508900492505,196.1103645685227,1,1,fit,True,fit,True,diesel,1
Native garlic,2025-07-13,192.91978497821745,193.2770420820301,195.0046416164901,193.55181321966305,193.7211882383411,193.63650072900208,193.6788444836716,193.2006880437116,193.6788444836716,1,1,fit,True,fit,True,none,0
Native garlic,2025-07-20,193.71573636487784,192.91978497821745,193.076677466944,194.84426302599223,193.5386992247766,194.19148112538443,194.19148112538443,193.8076274514495,194.19148112538443,0,0,fit,True,fit,True,none,0
Native garlic,2025-07-27,194.40743660488593,193.71573636487784,193.64213914716277,194.6191466027508,194.4713573212987,194.5452519620248,194.5452519620248,194.34512197621547,194.5452519620248,0,0,fit,True,fit,True,none,0
Native garlic,2025-08-03,198.9885426754232,194.40743660488593,194.7744336272157,195.81219802292208,194.6661032990502,195.23915066098613,195.23915066098613,195.69072281097812,195.23915066098613,0,0,fit,True,fit,True,none,0
Native garlic,2025-08-10,203.6376321948324,198.9885426754232,201.2829942828044,200.6274410809955,200.23843324129535,200.43293716114545,200.43293716114545,199.72497485679173,200.43293716114545,0,0,fit,True,fit,True,none,0
Native garlic,2025-08-17,201.4641703259911,203.6376321948324,207.17851943654648,205.03934539804504,203.7978934831177,204.41861944058135,204.41861944058135,204.27673553087905,204.41861944058135,0,0,fit,True,fit,True,diesel,1
Native garlic,2025-08-24,202.4303534916547,201.4641703259911,202.1189544187052,201.9886862983184,200.2776466500725,201.13316647419543,200.705406562134,201.14385448460217,200.705406562134,1,1,fit,True,fit,True,none,0
Native garlic,2025-08-31,196.8293011087463,202.4303534916547,200.22838183296992,199.9532601116175,202.61025312458543,201.2817566181015,201.2817566181015,200.48739112265815,201.2817566181015,0,0,fit,True,fit,True,none,0
Native garlic,2025-09-07,198.38482507984884,196.8293011087463,192.8639383488962,194.78655734409713,196.85310430931904,195.81983082670808,195.81983082670808,195.77746491808537,195.81983082670808,0,0,fit,True,fit,True,none,0
Native garlic,2025-09-14,196.42840515077836,198.38482507984884,197.17489483620687,195.20730982794956,198.61696565072785,196.91213773933868,196.91213773933868,196.61870666591147,196.91213773933868,0,0,fit,True,fit,True,none,0
Native garlic,2025-09-21,191.13317172939009,196.42840515077836,197.35019289306655,197.01250269957865,196.43384481594688,196.72317375776277,196.72317375776277,196.68114167054105,196.72317375776277,0,0,fit,True,fit,True,none,0
Native garlic,2025-09-28,190.05359803991504,191.13317172939009,191.1611322573405,191.1282019395745,191.63138043100065,191.37979118528756,191.37979118528756,191.07804327088388,191.37979118528756,0,0,fit,True,fit,True,none,0
Native garlic,2025-10-05,192.74961050007812,190.05359803991504,187.9124803580769,189.46652403959817,190.5259509916801,189.9962375156391,189.9962375156391,190.0158455513227,189.9962375156391,0,0,fit,True,fit,True,none,0
Native garlic,2025-10-12,191.73764049503103,192.74961050007812,193.2951470023016,191.8543431100622,192.59969873879425,192.22702092442825,192.22702092442825,192.39416904512953,192.22702092442825,0,0,fit,True,fit,True,none,0
Native garlic,2025-10-19,193.11076847611264,191.73764049503103,193.1192775856948,194.4235327964884,191.983376766174,193.2034547813312,193.2034547813312,193.116212829955,193.2034547813312,0,0,fit,True,fit,True,none,0
Native garlic,2025-10-26,196.4019805484116,193.11076847611264,194.28207682859255,193.92918430359117,193.2719646185477,193.60057446106944,193.60057446106944,193.6222798798946,193.60057446106944,0,0,fit,True,fit,True,none,0
Native garlic,2025-11-02,197.12382067088168,196.4019805484116,197.3892493575527,197.95701243462972,196.76098528435824,197.35899885949397,197.35899885949397,197.43822571095728,197.35899885949397,0,0,fit,True,fit,True,none,0
Native garlic,2025-11-09,198.4048956298605,197.12382067088168,198.11063395589076,198.48240630607697,197.51219681743663,197.9973015617568,197.9973015617568,197.8043267074961,197.9973015617568,0,0,fit,True,fit,True,diesel,1
Native garlic,2025-11-16,203.73381269071044,198.4048956298605,198.434244141327,199.69355939889968,199.0271022581831,199.3603308285414,199.19371654336223,199.2455283725716,199.19371654336223,1,1,fit,True,fit,True,none,0
Native garlic,2025-11-23,202.8807476709834,203.73381269071044,205.36645738960155,203.0619316195854,203.5974851408953,203.32970838024033,203.32970838024033,203.38677500708712,203.32970838024033,0,0,fit,True,fit,True,none,0
Native garlic,2025-11-30,197.00672315504968,202.8807476709834,204.175727939291,203.51133695102055,203.1148149322024,203.3130759416115,203.3130759416115,203.4028136251461,203.3130759416115,0,0,fit,True,fit,True,none,0
Native garlic,2025-12-07,193.94943899292775,197.00672315504968,194.56107875074025,196.1334937591343,197.5250823393148,196.82928804922457,196.82928804922457,197.14827017355316,196.82928804922457,0,0,fit,True,fit,True,none,0
Native garlic,2025-12-14,192.61823625942853,193.94943899292775,189.50949713002464,190.11389172512983,194.3978094496233,192.2558505873766,192.2558505873766,192.5023646693315,193.32683001849995,0,1,fit,True,fit,True,none,0
Native garlic,2025-12-21,197.35905524504307,192.61823625942853,191.14475099393587,191.98330521187188,192.95553065916684,192.46941793551937,192.46941793551937,192.75004876246945,192.46941793551937,0,0,fit,True,fit,True,none,0
Native garlic,2025-12-28,201.07326956065825,197.35905524504307,201.2529498494914,198.82820396199875,197.12371734690788,197.97596065445333,197.97596065445333,197.98167371495157,197.97596065445333,0,0,fit,True,fit,True,rain,1
Native garlic,2026-01-04,206.50980623563063,201.07326956065825,206.92540744307175,204.57201572279445,199.92772634299925,202.2498710328969,201.08879868794804,201.4929370443953,201.08879868794804,1,1,fit,True,fit,True,rain,1
Native garlic,2026-01-11,198.15668248720849,206.50980623563063,210.6844585003408,210.51154780549737,204.70484777291549,207.60819778920643,206.15652278106097,206.71881580393196,206.15652278106097,1,1,fit,True,fit,True,none,0
Native garlic,2026-01-18,192.6849701801717,198.15668248720849,194.7103425929287,196.55809546607975,198.27986006029332,197.41897776318655,197.41897776318655,197.5474510822998,197.41897776318655,0,0,fit,True,fit,True,none,0
Native garlic,2026-01-25,187.32854082402324,192.6849701801717,184.55773995399537,187.00747292361436,193.031795124191,190.01963402390268,190.01963402390268,190.2778880751112,191.52571457404684,0,1,fit,True,fit,True,none,0
Native garlic,2026-02-01,178.93705797278335,187.32854082402324,181.50569722789737,180.2783856471315,188.7636856060896,184.52103562661057,184.52103562661057,184.2648109347427,184.52103562661057,0,0,fit,True,fit,True,none,0
Native garlic,2026-02-08,173.7768148474296,178.93705797278335,177.28197253797848,174.0544770447967,178.51144909941604,176.28296307210638,176.28296307210638,176.67779995982363,176.28296307210638,0,0,fit,True,fit,True,none,0
Native garlic,2026-02-15,173.9830874312063,173.7768148474296,173.43223090188172,174.35318852247636,173.10996422096093,173.73157637171863,173.73157637171863,174.16067009024738,173.73157637171863,0,0,fit,True,fit,True,none,0
Native garlic,2026-02-22,181.9830400338601,173.9830874312063,175.3441484729664,175.6328576122137,173.53149152876335,174.58217457048852,174.58217457048852,174.96507740132768,174.58217457048852,0,0,fit,True,fit,True,both,1
Native garlic,2026-03-01,187.1142760513005,181.9830400338601,186.76839844103213,187.5753601312503,180.5873849978875,184.08137256456897,182.33437878122825,183.07741616895692,182.33437878122825,1,1,fit,True,fit,True,diesel,1
Native garlic,2026-03-08,186.5371211828937,187.1142760513005,192.07908394021436,192.89342581746635,186.11567759491777,189.50455170619205,187.81011465055488,186.3477441654875,187.81011465055488,1,1,fit,True,fit,True,none,0
Native garlic,2026-03-15,195.55329157307204,186.5371211828937,186.1059420986868,188.19411964837903,186.70275216421985,187.44843590629944,187.44843590629944,187.55473319811472,187.44843590629944,0,0,fit,True,fit,True,diesel,1
Native garlic,2026-03-22,198.96522431752177,195.55329157307204,194.3961691536616,194.4588241588359,196.25442500307616,195.35662458095604,195.8055247920161,195.6679007815724,195.8055247920161,1,1,fit,True,fit,True,diesel,1
Native garlic,2026-03-29,200.1800864899944,198.96522431752177,199.63070312688177,200.7248764195708,199.61400514027568,200.1694407799233,199.89172296009943,200.03028471551823,199.89172296009943,1,1,fit,True,fit,True,diesel,1
Native garlic,2026-04-05,196.2578156134053,200.1800864899944,201.26414814584865,197.43891933393823,200.46441906340823,198.95166919867324,199.70804413104077,199.90066925132297,199.70804413104077,1,1,fit,True,fit,True,diesel,1
Native garlic,2026-04-12,197.0432138942568,196.2578156134053,193.5947166576234,193.73742369167223,196.31948296259483,195.02845332713355,195.67396814486415,195.89660734327916,195.67396814486415,1,1,fit,True,fit,True,diesel,1
Native garlic,2026-04-19,184.6915564108148,197.0432138942568,194.72449639217217,196.43775994218663,197.37095128525183,196.90435561371925,197.13765344948553,197.44295866222168,197.13765344948553,1,1,fit,True,fit,True,diesel,1
Native garlic,2026-04-26,180.00741424141026,184.6915564108148,179.0808597216857,177.0579885710772,183.42005355837492,180.23902106472605,181.8295373115505,183.06191823070895,181.8295373115505,1,1,fit,True,fit,True,diesel,1
Native garlic,2026-05-03,186.51763781934565,180.00741424141026,175.099681295338,177.89444240610774,179.1519439416895,178.52319317389862,178.83756855779404,179.8309700628471,178.83756855779404,1,1,fit,True,fit,True,both,1
Native garlic,2026-05-10,191.39982752490175,186.51763781934565,188.73974218390595,185.30409928676076,184.2349875870306,184.76954343689567,184.50226551196317,185.90311363241412,184.50226551196317,1,1,fit,True,fit,True,rain,1
Native garlic,2026-05-17,185.3485394758555,191.39982752490175,198.8760848376651,198.88731039620737,189.55235140013824,194.2198308981728,191.88609114915553,194.39168564111415,191.88609114915553,1,1,fit,True,fit,True,diesel,1
Native garlic,2026-05-24,192.627183086964,185.3485394758555,187.80749169278724,186.95494864401917,185.1808878672692,186.06791825564417,185.6244030614567,185.27518871251465,185.6244030614567,1,1,fit,True,fit,True,rain,1
Native garlic,2026-05-31,187.45681208339332,192.627183086964,191.67410622090753,192.57897311548575,192.36981869468343,192.4743959050846,192.42210729988403,192.8115253132779,192.42210729988403,1,1,fit,True,fit,True,none,0
Native garlic,2026-06-07,188.44955320091407,187.45681208339332,183.32631637207817,187.2576806471307,188.2358098026812,187.74674522490596,187.74674522490596,187.72011869759655,187.74674522490596,0,0,fit,True,fit,True,diesel,1
Native garlic,2026-06-14,195.35401693162572,188.44955320091407,186.3006863097217,188.64029431974535,188.02908954949535,188.33469193462037,188.18189074205787,188.8698447208348,188.18189074205787,1,1,fit,True,fit,True,diesel,1
Native garlic,2026-06-21,194.7888563130364,195.35401693162572,199.1084754206025,195.2121789188508,195.65708279785764,195.43463085835424,195.5458568281059,195.5856658613806,195.5458568281059,1,1,fit,True,fit,True,none,0
Native garlic,2026-06-28,192.72757346082844,194.7888563130364,199.448112481694,198.45769092811625,195.3639780138001,196.91083447095815,196.91083447095815,197.000700393886,196.91083447095815,0,0,fit,True,fit,True,diesel,1
Native garlic,2026-07-05,195.45765589811043,192.72757346082844,192.9168098684563,192.77182964361876,193.6405772035233,193.20620342357105,193.42339031354717,193.60655975298215,193.42339031354717,1,1,fit,True,fit,True,none,0
Native garlic,2026-07-12,193.0138498574283,195.45765589811043,193.42488264313872,194.2260652213288,195.4916323188706,194.8588487700997,194.8588487700997,194.65045742406232,194.8588487700997,0,0,fit,True,fit,True,none,0
Native garlic,2026-07-19,192.9266422711116,193.0138498574283,190.70631029328604,192.77610365425983,193.84915691910052,193.3126302866802,193.3126302866802,193.2492242960796,193.5808936028903,0,1,fit,True,fit,True,diesel,1
Native garlic,2026-07-26,193.2818518601476,192.9266422711116,192.4989984449477,193.14248827793932,193.39546272380173,193.2689755008705,193.33221911233613,193.33382468265245,193.33221911233613,1,1,fit,True,fit,True,none,0
Patola,2024-11-10,73.56214009906077,77.17607675081194,75.54902959895547,74.86678578486541,77.38513868635596,76.12596223561069,76.12596223561069,76.00430679379006,76.12596223561069,0,0,fit,True,fit,True,none,0
Patola,2024-11-17,73.16954769772343,73.56214009906077,73.0578921896009,72.79140356589063,74.29326491738581,73.54233424163823,73.54233424163823,73.79285259343152,73.54233424163823,0,0,fit,True,fit,True,none,0
Patola,2024-11-24,74.0922356587103,73.16954769772343,73.24050170675194,73.15574478821013,73.61950691622548,73.38762585221781,73.38762585221781,73.56519777475847,73.38762585221781,0,0,fit,True,fit,True,none,0
Patola,2024-12-01,73.2625376593796,74.0922356587103,74.95135910332274,74.09904797643141,74.03668812329083,74.06786804986112,74.06786804986112,73.94034422528856,74.05227808657597,0,1,fit,True,fit,True,none,0
Patola,2024-12-08,75.28532337871503,73.2625376593796,73.98574022851017,74.207900463374,73.21182866511023,73.70986456424211,73.70986456424211,73.78496504947756,73.70986456424211,0,0,fit,True,fit,True,none,0
Patola,2024-12-15,76.38078772302504,75.28532337871503,75.40907734619276,75.09600316597202,74.38144027915907,74.73872172256554,74.73872172256554,75.02102967520798,74.73872172256554,0,0,fit,True,fit,True,diesel,1
Patola,2024-12-22,74.8732226323332,76.38078772302504,76.54255518905693,76.78060114646406,75.86077623840208,76.32068869243307,76.09073246541757,76.31077626618881,76.09073246541757,1,1,fit,True,fit,True,none,0
Patola,2024-12-29,79.3481287149782,74.8732226323332,74.46028176643138,75.35414866171325,74.64839345030443,75.00127105600885,75.00127105600885,74.9809846673136,75.00127105600885,0,0,fit,True,fit,True,none,0
Patola,2025-01-05,82.16186462022739,79.3481287149782,79.23679195443334,77.75058505507587,78.41796068233202,78.08427286870395,78.08427286870395,77.94455731637393,78.25111677551799,0,1,fit,True,fit,True,rain,1
Patola,2025-01-12,79.7972185947112,82.16186462022739,83.75191822025288,82.93798518767336,81.1841099081226,82.06104754789797,81.62257872801028,81.4996913550397,81.62257872801028,1,1,fit,True,fit,True,diesel,1
Patola,2025-01-19,78.8448983730185,79.7972185947112,80.61761577470841,81.36958997081423,79.01511267201222,80.19235132141323,79.60373199671272,79.96720185070996,79.60373199671272,1,1,fit,True,fit,True,none,0
Patola,2025-01-26,83.51601840592254,78.8448983730185,77.17185155787534,78.59437554669536,79.20698401344895,78.90067978007215,78.90067978007215,78.62839727652687,78.90067978007215,0,0,fit,True,fit,True,none,0
Patola,2025-02-02,84.25692784911224,83.51601840592254,82.45751142457645,82.23268600561451,82.78073723650802,82.50671162106127,82.50671162106127,82.33672629691691,82.50671162106127,0,0,fit,True,fit,True,none,0
Patola,2025-02-09,85.35842770259734,84.25692784911224,85.80911189459732,85.72462607044356,83.60984069233963,84.6672333813916,84.6672333813916,84.78797667098148,84.6672333813916,0,0,fit,True,fit,True,none,0
Patola,2025-02-16,87.06951822110567,85.35842770259734,87.55176435283805,86.98658061918226,84.67101800363417,85.82879931140822,85.82879931140822,85.9175078015415,85.82879931140822,0,0,fit,True,fit,True,none,0
Patola,2025-02-23,86.99512622444735,87.06951822110567,88.26691026184388,88.24077254263442,86.56903482743654,87.40490368503548,87.40490368503548,87.28466052311875,87.40490368503548,0,0,fit,True,fit,True,none,0
Patola,2025-03-02,88.65402542895426,86.99512622444735,86.82583324313912,87.96716747734663,86.61227796166048,87.28972271950356,87.28972271950356,87.25501939029805,87.28972271950356,0,0,fit,True,fit,True,diesel,1
Patola,2025-03-09,91.68910153660528,88.65402542895426,88.22033174698934,89.17089516513082,88.32596259659876,88.7484288808648,88.53719573873178,88.24757170337335,88.53719573873178,1,1,fit,True,fit,True,rain,1
Patola,2025-03-16,88.16896676552274,91.68910153660528,92.7585177927542,91.60517796003695,89.8472200230097,90.72619899152332,90.28670950726652,91.07629372672224,90.28670950726652,1,1,fit,True,fit,True,none,0
Patola,2025-03-23,86.17708023556588,88.16896676552274,89.2996418500147,89.11056286286795,88.11584427860357,88.61320357073576,88.61320357073576,88.58263109487028,88.61320357073576,0,0,fit,True,fit,True,none,0
Patola,2025-03-30,85.31082565526283,86.17708023556588,85.29887786281299,85.10067071686528,85.7755804873359,85.4381256021006,85.4381256021006,85.6120552151842,85.4381256021006,0,0,fit,True,fit,True,none,0
Patola,2025-04-06,80.79420681592279,85.31082565526283,83.79659158808502,83.299480863021,84.63138706425941,83.96543396364021,83.96543396364021,83.89241493593025,84.29841051394982,0,1,fit,True,fit,True,none,0
Patola,2025-04-13,79.3859317951173,80.79420681592279,79.61620439825207,79.86221273723228,80.22642757293039,80.04432015508134,80.04432015508134,80.11744387834985,80.04432015508134,0,0,fit,True,fit,True,diesel,1
Patola,2025-04-20,76.16902859902251,79.3859317951173,78.93552938760394,79.25545480937944,78.41417456197445,78.83481468567695,78.6244946238257,79.07969723312631,78.6244946238257,1,1,fit,True,fit,True,none,0
Patola,2025-04-27,77.33083311447878,76.16902859902251,76.39466980254414,76.38176591658211,76.09526183849442,76.23851387753827,76.23851387753827,76.2609729477365,76.16688785801634,0,1,fit,True,fit,True,none,0
Patola,2025-05-04,80.16178656984363,77.33083311447878,78.13333787949128,78.6052483581385,77.15608397850771,77.8806661683231,77.8806661683231,77.67814502297932,77.8806661683231,0,0,fit,True,fit,True,diesel,1
Patola,2025-05-11,80.28738149019476,80.16178656984363,82.13660299277339,80.85789924035942,79.55722887683902,80.20756405859922,79.88239646771912,79.75618534604077,79.88239646771912,1,1,fit,True,fit,True,none,0
Patola,2025-05-18,82.37011848997118,80.28738149019476,82.10953331492716,82.04430688344209,80.12662691386934,81.08546689865571,81.08546689865571,81.12714301017505,81.08546689865571,0,0,fit,True,fit,True,rain,1
Patola,2025-05-25,82.50071327235908,82.37011848997118,82.8075401484902,81.37341676321748,81.72534041713716,81.54937859017733,81.63735950365725,81.9034189693636,81.63735950365725,1,1,fit,True,fit,True,rain,1
Patola,2025-06-01,81.7226757963722,82.50071327235908,81.76925652626629,81.71093827256654,81.27002088573188,81.49047957914921,81.38025023244055,81.90311366520555,81.38025023244055,1,1,fit,True,fit,True,rain,1
Patola,2025-06-08,78.85033555218416,81.7226757963722,80.25363201790519,79.8161244838647,80.75564670167616,80.28588559277043,80.5207661472233,80.78078172430116,80.5207661472233,1,1,fit,True,fit,True,none,0
Patola,2025-06-15,75.93865681099334,78.85033555218416,76.94064056212038,78.54813450722953,78.323719217269,78.43592686224926,78.43592686224926,78.36007503438938,78.37982303975913,0,1,fit,True,fit,True,none,0
Patola,2025-06-22,76.45393981231352,75.93865681099334,73.86884216312477,74.50045258581042,75.62627527522483,75.06336393051762,75.06336393051762,75.1327845066132,75.06336393051762,0,0,fit,True,fit,True,none,0
Patola,2025-06-29,75.78439234386053,76.45393981231352,75.53354811464207,75.83926470676454,76.4360162020286,76.13764045439657,76.13764045439657,76.16245423402634,76.13764045439657,0,0,fit,True,fit,True,diesel,1
Patola,2025-07-06,79.07024761707109,75.78439234386053,76.42002146601003,76.06872746498668,75.9541481156167,76.0114377903017,75.9827929529592,76.04418866143074,75.9827929529592,1,1,fit,True,fit,True,diesel,1
Patola,2025-07-13,79.58666002439128,79.07024761707109,80.67108165846604,80.98087839334471,79.58344700605195,80.28216269969833,79.93280485287514,79.91983335480299,79.93280485287514,1,1,fit,True,fit,True,none,0
Patola,2025-07-20,80.53595276769718,79.58666002439128,81.00729024388752,81.0330525832974,80.14296137975322,80.58800698152531,80.58800698152531,80.56444803706158,80.58800698152531,0,0,fit,True,fit,True,none,0
Patola,2025-07-27,81.12713942542435,80.53595276769718,80.46634602965044,81.26068946821056,80.90175976451954,81.08122461636505,81.08122461636505,81.17877718408546,81.08122461636505,0,0,fit,True,fit,True,none,0
Patola,2025-08-03,82.19118241393744,81.12713942542435,80.08742345708909,80.48304318231867,82.37276778235794,81.4279054823383,81.4279054823383,81.83304230599248,81.4279054823383,0,0,fit,True,fit,True,none,0
Patola,2025-08-10,83.9319611180208,82.19118241393744,81.49357225282853,81.64197774686703,83.2937846573609,82.46788120211397,82.46788120211397,82.52300828636919,82.46788120211397,0,0,fit,True,fit,True,none,0
Patola,2025-08-17,83.55595599013459,83.9319611180208,84.46907721659267,83.25087727981129,84.23465123657205,83.74276425819167,83.74276425819167,83.8436192063547,83.74276425819167,0,0,fit,True,fit,True,diesel,1
Patola,2025-08-24,84.63124525468727,83.55595599013459,84.48672853023083,84.36640015688039,82.30159185725343,83.3339960070669,82.81779393216017,83.4429434057081,82.81779393216017,1,1,fit,True,fit,True,none,0
Patola,2025-08-31,81.9396552515001,84.63124525468727,84.92820705014037,84.57774986464787,84.24485963504692,84.4113047498474,84.4113047498474,84.40284808755015,84.4113047498474,0,0,fit,True,fit,True,none,0
Patola,2025-09-07,84.55996454182502,81.9396552515001,81.05612797786699,82.1715043815817,82.37452576279351,82.2730150721876,82.2730150721876,82.3192611388771,82.2730150721876,0,0,fit,True,fit,True,none,0
Patola,2025-09-14,83.817063514567,84.55996454182502,83.67666743751408,83.44702867029851,84.26671696129677,83.85687281579763,83.85687281579763,83.85733734459669,83.85687281579763,0,0,fit,True,fit,True,none,0
Patola,2025-09-21,80.80704012312754,83.817063514567,84.27496393563736,83.68500330139474,83.78521511746106,83.7351092094279,83.7351092094279,83.82218365126319,83.7351092094279,0,0,fit,True,fit,True,none,0
Patola,2025-09-28,79.4959317098102,80.80704012312754,80.92024071225951,81.4628947266889,81.57900520958765,81.52094996813827,81.52094996813827,81.21951326076083,81.52094996813827,0,0,fit,True,fit,True,none,0
Patola,2025-10-05,79.9922155902679,79.4959317098102,78.49959534821338,78.64619706784502,80.19669046501726,79.42144376643114,79.42144376643114,79.2143059731286,79.42144376643114,0,0,fit,True,fit,True,none,0
Patola,2025-10-12,78.42579208541855,79.9922155902679,79.30539266170538,78.51026973271874,79.73757366993976,79.12392170132925,79.12392170132925,79.2541054909755,79.12392170132925,0,0,fit,True,fit,True,none,0
Patola,2025-10-19,78.86258795061497,78.42579208541855,78.5960686046144,79.29462848349286,78.47891078371748,78.88676963360517,78.88676963360517,78.9362310989341,78.88676963360517,0,0,fit,True,fit,True,none,0
Patola,2025-10-26,81.0394046064747,78.86258795061497,79.40243772631122,79.44555967044325,79.00722389617351,79.22639178330837,79.22639178330837,79.21386409397064,79.22639178330837,0,0,fit,True,fit,True,none,0
Patola,2025-11-02,81.95428318125956,81.0394046064747,82.05302435208141,81.96698432768744,80.88062923218138,81.42380677993441,81.42380677993441,81.45600908334399,81.42380677993441,0,0,fit,True,fit,True,none,0
Patola,2025-11-09,79.69598689879395,81.95428318125956,82.95908421187772,83.34703939268718,81.99390469832174,82.67047204550445,82.67047204550445,82.70605306428016,82.67047204550445,0,0,fit,True,fit,True,diesel,1
Patola,2025-11-16,84.91568381384205,79.69598689879395,79.18337681924986,79.8399365864126,80.03490051831223,79.93741855236242,79.98615953533732,80.06254529415452,79.98615953533732,1,1,fit,True,fit,True,none,0
Patola,2025-11-23,84.22193089200492,84.91568381384205,84.16413888338798,82.75890293058646,84.58201847270321,83.67046070164483,83.67046070164483,83.7904430448119,83.67046070164483,0,0,fit,True,fit,True,none,0
Patola,2025-11-30,80.86211498232271,84.22193089200492,84.61214215669511,84.73080254539647,83.93264320565696,84.33172287552671,84.33172287552671,84.50050427897887,84.33172287552671,0,0,fit,True,fit,True,none,0
Patola,2025-12-07,80.43568048382885,80.86211498232271,80.18143982938572,81.01918529519975,81.36149312706377,81.19033921113176,81.19033921113176,81.06300332000417,81.19033921113176,0,0,fit,True,fit,True,none,0
Patola,2025-12-14,79.88288407511664,80.43568048382885,78.44630760986625,78.94738064271527,80.69487715269214,79.82112889770372,79.82112889770372,79.75746551934583,80.25800302519792,0,1,fit,True,fit,True,none,0
Patola,2025-12-21,83.73095848732376,79.88288407511664,78.4094122384103,78.95598811815071,80.24119158573103,79.59858985194087,79.59858985194087,79.71577894636512,79.59858985194087,0,0,fit,True,fit,True,none,0
Patola,2025-12-28,86.95047713981393,83.73095848732376,84.57711869557976,83.63864093496795,83.29535609059715,83.46699851278255,83.46699851278255,83.6394950588424,83.46699851278255,0,0,fit,True,fit,True,rain,1
Patola,2026-01-04,90.48960555160728,86.95047713981393,89.9327226721076,88.47234436789616,86.11983104215386,87.296087705025,86.70795937358943,86.72868703782169,86.70795937358943,1,1,fit,True,fit,True,rain,1
Patola,2026-01-11,86.29569840890127,90.48960555160728,93.2472813702774,92.80965479236724,88.71986544693199,90.7647601196496,89.7423127832908,89.90188642769044,89.7423127832908,1,1,fit,True,fit,True,none,0
Patola,2026-01-18,84.03429403372483,86.29569840890127,85.61801828144775,87.46805682829317,86.03643957239348,86.75224820034333,86.75224820034333,86.7349535848362,86.75224820034333,0,0,fit,True,fit,True,none,0
Patola,2026-01-25,84.18040186189035,84.03429403372483,79.8881129045853,82.53642642819702,86.0176495558806,84.2770379920388,84.2770379920388,83.97128392652519,85.1473437739597,0,1,fit,True,fit,True,none,0
Patola,2026-02-01,84.51650060534476,84.18040186189035,81.15623343938681,81.25403355388693,84.7453843357406,82.99970894481376,82.99970894481376,82.73833385843173,82.99970894481376,0,0,fit,True,fit,True,none,0
Patola,2026-02-08,85.98818250976483,84.51650060534476,85.323178315877,84.35940098531034,85.02231587290763,84.69085842910899,84.69085842910899,84.66479300502432,84.69085842910899,0,0,fit,True,fit,True,none,0
Patola,2026-02-15,89.23446654628324,85.98818250976483,89.33293582965639,88.57778556021827,85.4788255342094,87.02830554721385,87.02830554721385,87.42288045761615,87.02830554721385,0,0,fit,True,fit,True,none,0
Patola,2026-02-22,99.58085077595898,89.23446654628324,92.64775435867632,92.4594330331971,89.51903676341581,90.98923489830644,90.98923489830644,90.48138738057764,90.98923489830644,0,0,fit,True,fit,True,both,1
Patola,2026-03-01,102.53061973756245,99.58085077595898,103.21730213554862,103.43051387789608,98.18746155095288,100.80898771442448,99.49822463268868,100.39965536991588,99.49822463268868,1,1,fit,True,fit,True,diesel,1
Patola,2026-03-08,103.10656216761824,102.53061973756245,105.38281186536489,107.63851026439347,102.0488731235831,104.84369169398828,103.44628240878568,103.82199762261348,103.44628240878568,1,1,fit,True,fit,True,none,0
Patola,2026-03-15,101.56640031543884,103.10656216761824,102.90838355066212,104.45359205707788,104.13537171504257,104.2944818860602,104.2944818860602,103.80284096624074,104.2944818860602,0,0,fit,True,fit,True,diesel,1
Patola,2026-03-22,99.44975848215876,101.56640031543884,98.7097900559844,99.0665951164556,102.01361858454857,100.54010685050208,101.27686271752532,100.92548568669076,101.27686271752532,1,1,fit,True,fit,True,diesel,1
Patola,2026-03-29,97.49665870568096,99.44975848215876,96.29555036949536,94.77207080402523,99.9070070506936,97.33953892735944,98.62327298902652,98.69038623952052,98.62327298902652,1,1,fit,True,fit,True,diesel,1
Patola,2026-04-05,94.658915457175,97.49665870568096,96.1390786683884,96.02630877545214,97.75332831641973,96.88981854593592,97.32157343117782,97.33913369713612,97.32157343117782,1,1,fit,True,fit,True,diesel,1
Patola,2026-04-12,91.64384732675146,94.658915457175,94.97238501776916,94.10553870121502,94.84009074871324,94.47281472496414,94.65645273683867,95.56702724753224,94.65645273683867,1,1,fit,True,fit,True,diesel,1
Patola,2026-04-19,98.87016105543069,91.64384732675146,92.00173374851218,92.55846970076853,91.60809095111082,92.08328032593968,91.84568563852524,93.5807315679646,91.84568563852524,1,1,fit,True,fit,True,diesel,1
Patola,2026-04-26,108.14707648417746,98.87016105543069,100.5071049319826,104.07994896368882,99.21897256265572,101.64946076317229,100.434216662914,102.28024764326258,100.434216662914,1,1,fit,True,fit,True,diesel,1
Patola,2026-05-03,117.9699836270112,108.14707648417746,112.87241179471522,111.91697485976036,108.23472646287476,110.07585066131756,109.15528856209616,111.1527747380654,109.15528856209616,1,1,fit,True,fit,True,both,1
Patola,2026-05-10,122.91636183545069,117.9699836270112,124.00995398208228,122.17480162811476,118.16268437068643,120.1687429994006,119.16571368504351,118.70221312571354,119.16571368504351,1,1,fit,True,fit,True,rain,1
Patola,2026-05-17,122.75789242841114,122.91636183545069,125.96785073591994,123.2832704633342,124.00951566979364,123.64639306656392,123.82795436817878,122.76344973731511,123.82795436817878,1,1,fit,True,fit,True,diesel,1
Patola,2026-05-24,127.7262785749021,122.75789242841114,120.13571090143816,123.89202022282512,122.5601565823685,123.22608840259682,122.89312249248266,122.44344085281134,122.89312249248266,1,1,fit,True,fit,True,rain,1
Patola,2026-05-31,121.97948325129748,127.7262785749021,123.21172140299473,123.37696703587328,126.75281730456976,125.06489217022153,125.90885473739564,126.21642503094137,125.90885473739564,1,1,fit,True,fit,True,none,0
Patola,2026-06-07,123.68950037820343,121.97948325129748,117.868511404331,121.55570757122555,120.98327017279864,121.26948887201208,121.26948887201208,121.66423236670155,121.26948887201208,0,0,fit,True,fit,True,diesel,1
Patola,2026-06-14,123.91330148770857,123.68950037820343,121.7144910798539,121.13593425519927,122.9689537750006,122.05244401509997,122.51069889505028,123.19748249192357,122.51069889505028,1,1,fit,True,fit,True,diesel,1
Patola,2026-06-21,121.7136787637845,123.91330148770857,124.65970108121545,122.97185276065358,123.28620745732832,123.12903010899096,123.20761878315965,123.30484494839467,123.20761878315965,1,1,fit,True,fit,True,none,0
Patola,2026-06-28,118.68351903069876,121.7136787637845,122.33431190561414,121.55920395918383,121.76881998924168,121.66401197421276,121.66401197421276,121.6956947933408,121.66401197421276,0,0,fit,True,fit,True,diesel,1
Patola,2026-07-05,116.93528323179882,118.68351903069876,117.0137530495386,118.74769588513584,118.21072157729527,118.47920873121558,118.34496515425542,118.71298525291184,118.34496515425542,1,1,fit,True,fit,True,none,0
Patola,2026-07-12,110.91386947455815,116.93528323179882,114.02740213842247,114.05662381818318,116.43563880330724,115.2461313107452,115.2461313107452,115.04141047088714,115.2461313107452,0,0,fit,True,fit,True,none,0
Patola,2026-07-19,107.75279176618676,110.91386947455815,107.85801671900477,110.10235937914786,110.88285007002764,110.49260472458776,110.49260472458776,110.65969616127188,110.68772739730768,0,1,fit,True,fit,True,diesel,1
Patola,2026-07-26,107.0780557776784,107.75279176618676,105.69900676058012,104.86296225282702,108.32272345211128,106.59284285246916,107.45778315229022,106.68564670247638,107.45778315229022,1,1,fit,True,fit,True,none,0
Red onion,2024-11-10,148.0738250519808,152.74250452903206,152.04587455779333,149.54495946592772,154.38420527366097,151.96458236979436,151.96458236979436,151.62322761224698,151.96458236979436,0,0,fit,True,fit,True,none,0
Red onion,2024-11-17,152.3482606724345,148.0738250519808,149.10440714841235,150.47882595703555,149.42708127756674,149.95295361730115,149.95295361730115,149.74397708031194,149.95295361730115,0,0,fit,True,fit,True,none,0
Red onion,2024-11-24,153.51541025390915,152.3482606724345,158.60438646622575,158.04774904897633,153.20366773162715,155.62570839030172,155.62570839030172,155.65625639659788,155.62570839030172,0,0,fit,True,fit,True,none,0
Red onion,2024-12-01,157.22411813078176,153.51541025390915,160.1096700585149,159.37686991989275,154.24885405054383,156.8128619852183,156.8128619852183,156.8072531583426,155.53085801788106,0,1,fit,True,fit,True,none,0
Red onion,2024-12-08,164.2589569294455,157.22411813078176,163.21272233705534,162.5396495112089,157.83833082256567,160.1889901668873,160.1889901668873,160.20067908476256,160.1889901668873,0,0,fit,True,fit,True,none,0
Red onion,2024-12-15,175.0291989750004,164.2589569294455,171.09309687552695,170.403953592975,164.86965092062974,167.63680225680235,167.63680225680235,167.41363304177884,167.63680225680235,0,0,fit,True,fit,True,diesel,1
Red onion,2024-12-22,174.70196303664855,175.0291989750004,185.48753878929625,184.82352569079896,176.01017227831844,180.4168489845587,178.21351063143857,178.37897999477036,178.21351063143857,1,1,fit,True,fit,True,none,0
Red onion,2024-12-29,180.8857628218645,174.70196303664855,177.9208432594697,180.39149686359903,175.39524671374969,177.89337178867436,177.89337178867436,177.95546459954355,177.89337178867436,0,0,fit,True,fit,True,none,0
Red onion,2025-01-05,186.75396925324105,180.8857628218645,181.91464033545165,178.53045224659127,180.91110436430216,179.72077830544671,179.72077830544671,179.23711803871203,180.3159413348744,0,1,fit,True,fit,True,rain,1
Red onion,2025-01-12,180.8752823153681,186.75396925324105,190.5526767711682,190.1075650838277,185.96113985890057,188.03435247136412,186.99774616513233,186.38340094242076,186.99774616513233,1,1,fit,True,fit,True,diesel,1
Red onion,2025-01-19,179.64919044912142,180.8752823153681,178.36346731132517,179.9561554422329,180.49234115874236,180.22424830048763,180.35829472961495,180.05969689461065,180.35829472961495,1,1,fit,True,fit,True,none,0
Red onion,2025-01-26,186.0415577926145,179.64919044912142,173.31932745597078,175.97730760616898,179.24419992506785,177.61075376561843,177.61075376561843,177.74849717906676,177.61075376561843,0,0,fit,True,fit,True,none,0
Red onion,2025-02-02,182.4793151465954,186.0415577926145,187.1532385257338,183.19048220425069,185.17552799362997,184.18300509894033,184.18300509894033,184.4619402333512,184.18300509894033,0,0,fit,True,fit,True,none,0
Red onion,2025-02-09,187.7590143867199,182.4793151465954,182.21978955880616,181.90039868929992,181.37371109405177,181.63705489167583,181.63705489167583,181.85346913465872,181.63705489167583,0,0,fit,True,fit,True,none,0
Red onion,2025-02-16,196.6070861156612,187.7590143867199,186.86264442259707,190.9151051877592,187.3688948341076,189.14200001093343,189.14200001093343,189.38201058539343,189.14200001093343,0,0,fit,True,fit,True,none,0
Red onion,2025-02-23,206.4745851504163,196.6070861156612,199.96799938865215,200.2465396106803,196.03283958989672,198.1396896002885,198.1396896002885,198.2486431656476,198.1396896002885,0,0,fit,True,fit,True,none,0
Red onion,2025-03-02,228.10790997692283,206.4745851504163,213.1944148176998,214.28043738208137,206.70189962261475,210.49116850234805,210.49116850234805,210.42469298802553,210.49116850234805,0,0,fit,True,fit,True,diesel,1
Red onion,2025-03-09,240.87748948720375,228.10790997692283,239.9964839181672,241.57788759432188,229.5017958278292,235.53984171107555,232.52081876945235,232.93857648920752,232.52081876945235,1,1,fit,True,fit,True,rain,1
Red onion,2025-03-16,237.4085416428165,240.87748948720375,250.4641616154364,245.6956174973079,241.01640569654384,243.35601159692587,242.18620864673483,243.44550196825497,242.18620864673483,1,1,fit,True,fit,True,none,0
Red onion,2025-03-23,230.27957967785613,237.4085416428165,231.771628435416,234.69758989004632,237.4124552986936,236.05502259436997,236.05502259436997,236.8375660673157,236.05502259436997,0,0,fit,True,fit,True,none,0
Red onion,2025-03-30,217.47647680411495,230.27957967785613,214.5390308748836,214.93723153427464,228.50557962921872,221.7214055817467,221.7214055817467,222.6525645267111,221.7214055817467,0,0,fit,True,fit,True,none,0
Red onion,2025-04-06,196.7308426983522,217.47647680411495,201.41920698784705,199.48878404620265,216.31446589598812,207.90162497109537,207.90162497109537,207.20449727124335,212.10804543354175,0,1,fit,True,fit,True,none,0
Red onion,2025-04-13,179.27223858679812,196.7308426983522,178.6749423732888,178.94875023589157,197.05337463690503,188.0010624363983,188.0010624363983,187.9426725119317,188.0010624363983,0,0,fit,True,fit,True,diesel,1
Red onion,2025-04-20,173.67915997620227,179.27223858679812,162.52999182147823,167.88895160433376,177.6603895172028,172.77467056076827,175.21753003898553,177.15359133187226,175.21753003898553,1,1,fit,True,fit,True,none,0
Red onion,2025-04-27,174.63776029998377,173.67915997620227,168.38135982317712,168.1118731471674,173.90695612843635,171.00941463780185,171.00941463780185,171.62646363895914,172.4581853831191,0,1,fit,True,fit,True,none,0
Red onion,2025-05-04,189.6389788542686,174.63776029998377,179.8017354852697,181.01502204484257,175.4321050232084,178.2235635340255,178.2235635340255,178.8487524509471,178.2235635340255,0,0,fit,True,fit,True,diesel,1
Red onion,2025-05-11,192.60126867515697,189.6389788542686,204.2189680570244,202.10914699313793,189.26888759478908,195.6890172939635,192.47895244437632,193.16825874823508,192.47895244437632,1,1,fit,True,fit,True,none,0
Red onion,2025-05-18,198.45287731302668,192.60126867515697,200.67399325898504,200.01342668162675,193.51704302055492,196.76523485109084,196.76523485109084,196.50465000495188,196.76523485109084,0,0,fit,True,fit,True,rain,1
Red onion,2025-05-25,195.9868744204883,198.45287731302668,201.08813276493885,198.7679529191483,199.21652838600565,198.99224065257695,199.10438451929133,198.36698750419657,199.10438451929133,1,1,fit,True,fit,True,rain,1
Red onion,2025-06-01,191.03751493671624,195.9868744204883,192.3855699793705,192.74470937968303,195.2250740717296,193.98489172570635,194.60498289871796,194.57624423611745,194.60498289871796,1,1,fit,True,fit,True,rain,1
Red onion,2025-06-08,185.47504532612624,191.03751493671624,185.9449525526284,184.82755731679825,189.78607262352196,187.3068149701601,188.54644379684103,188.7201062805332,188.54644379684103,1,1,fit,True,fit,True,none,0
Red onion,2025-06-15,180.8808649537769,185.47504532612624,179.4579773403271,184.57296722512655,184.70625508107008,184.63961115309831,184.63961115309831,184.68122389742967,184.6729331170842,0,1,fit,True,fit,True,none,0
Red onion,2025-06-22,181.12504904029353,180.8808649537769,177.74710070728256,177.40564014143155,180.99496466495663,179.2003024031941,179.2003024031941,178.89067649446167,179.2003024031941,0,0,fit,True,fit,True,none,0
Red onion,2025-06-29,177.33152654974046,181.12504904029353,182.0905769743635,181.926488704744,181.39667816517337,181.6615834349587,181.6615834349587,181.4739053809836,181.6615834349587,0,0,fit,True,fit,True,diesel,1
Red onion,2025-07-06,190.9558443334427,177.33152654974046,177.3051879441702,176.80007547711645,177.80858141390863,177.30432844551254,177.55645492971058,177.5601939067256,177.55645492971058,1,1,fit,True,fit,True,diesel,1
Red onion,2025-07-13,191.2694913379398,190.9558443334427,199.55375191820735,198.94411469923529,191.44862355855372,195.1963691288945,193.3224963437241,193.57440130072055,193.3224963437241,1,1,fit,True,fit,True,none,0
Red onion,2025-07-20,192.42421723024503,191.2694913379398,196.8065611057833,197.0204061413838,192.4059937230793,194.71319993223153,194.71319993223153,194.75353081907235,194.71319993223153,0,0,fit,True,fit,True,none,0
Red onion,2025-07-27,194.03044648084625,192.42421723024503,192.47961657653093,191.52749690333377,193.3382411064352,192.43286900488448,192.43286900488448,192.47670589653563,192.43286900488448,0,0,fit,True,fit,True,none,0
Red onion,2025-08-03,190.4187071730277,194.03044648084625,191.56176075904608,192.28829244531823,194.61405784997925,193.45117514764877,193.45117514764877,193.5899263862333,193.45117514764877,0,0,fit,True,fit,True,none,0
Red onion,2025-08-10,187.97325140879033,190.4187071730277,188.23894690047808,185.95628259346256,191.1034533192298,188.52986795634615,188.52986795634615,188.30717257589689,188.52986795634615,0,0,fit,True,fit,True,none,0
Red onion,2025-08-17,190.91016879282392,187.97325140879033,184.3457495993411,186.24862046094452,188.10003074154733,187.17432560124593,187.17432560124593,187.17872296371655,187.17432560124593,0,0,fit,True,fit,True,diesel,1
Red onion,2025-08-24,191.2356543330619,190.91016879282392,191.5451375216512,191.56163521158336,191.0794882436792,191.3205617276313,191.2000249856552,191.18494173972215,191.2000249856552,1,1,fit,True,fit,True,none,0
Red onion,2025-08-31,189.4622186920508,191.2356543330619,193.4819492969435,193.9206162958105,191.30934278053732,192.6149795381739,192.6149795381739,192.9767578272536,192.6149795381739,0,0,fit,True,fit,True,none,0
Red onion,2025-09-07,191.91118822052232,189.4622186920508,188.69525696920297,189.95200849771504,189.9810791513785,189.96654382454676,189.96654382454676,189.8843301694326,189.96654382454676,0,0,fit,True,fit,True,none,0
Red onion,2025-09-14,191.32702508537855,191.91118822052232,192.1194053514633,190.51667412132983,192.1169540788149,191.31681410007235,191.31681410007235,191.3885681458568,191.31681410007235,0,0,fit,True,fit,True,none,0
Red onion,2025-09-21,191.83864714911664,191.32702508537855,192.35487629231793,190.85977584705557,192.01177933781233,191.43577759243396,191.43577759243396,191.26317864931968,191.43577759243396,0,0,fit,True,fit,True,none,0
Red onion,2025-09-28,192.6031395104772,191.83864714911664,192.8682766510151,195.2632499572314,192.7089278917619,193.98608892449664,193.98608892449664,194.0252615142755,193.98608892449664,0,0,fit,True,fit,True,none,0
Red onion,2025-10-05,195.06418163808465,192.6031395104772,193.7517956056025,194.5356665716617,193.29730569394889,193.9164861328053,193.9164861328053,194.1012411004948,193.9164861328053,0,0,fit,True,fit,True,none,0
Red onion,2025-10-12,195.09933701316447,195.06418163808465,198.3936703594364,195.68373215305155,195.2276611748564,195.45569666395397,195.45569666395397,195.8684257931492,195.45569666395397,0,0,fit,True,fit,True,none,0
Red onion,2025-10-19,195.68803164105904,195.09933701316447,197.55997382160135,198.147899609695,195.37166428724856,196.75978194847175,196.75978194847175,196.9568819470651,196.75978194847175,0,0,fit,True,fit,True,none,0
Red onion,2025-10-26,196.8284496154352,195.68803164105904,197.7033695910736,197.7488646578264,195.93397639434824,196.84142052608735,196.84142052608735,197.15486963319785,196.84142052608735,0,0,fit,True,fit,True,none,0
Red onion,2025-11-02,196.34034727551676,196.8284496154352,199.4890937994486,199.1281227883204,197.1765355553194,198.1523291718199,198.1523291718199,198.4215174268915,198.1523291718199,0,0,fit,True,fit,True,none,0
Red onion,2025-11-09,186.37633807419692,196.34034727551676,198.97749914960087,198.8401849316062,197.39009378888343,198.11513936024485,198.11513936024485,198.23608177405177,198.11513936024485,0,0,fit,True,fit,True,diesel,1
Red onion,2025-11-16,203.44417495289713,186.37633807419692,182.41540754300772,185.95627934949457,188.12389309166824,187.0400862205814,187.5819896561248,187.23338420215677,187.5819896561248,1,1,fit,True,fit,True,none,0
Red onion,2025-11-23,215.15966614151313,203.44417495289713,212.91284046801383,207.88443527938705,204.9505956844416,206.4175154819143,206.4175154819143,206.14013817449933,206.4175154819143,0,0,fit,True,fit,True,none,0
Red onion,2025-11-30,232.4294750505395,215.15966614151313,232.4167136004028,234.6783085000563,219.1348806228669,226.9065945614616,226.9065945614616,226.84695308101573,226.9065945614616,0,0,fit,True,fit,True,none,0
Red onion,2025-12-07,260.6164362948022,232.4294750505395,250.5665471630757,252.42475830557353,238.12662194308712,245.2756901243303,245.2756901243303,244.83404497891405,245.2756901243303,0,0,fit,True,fit,True,none,0
Red onion,2025-12-14,277.9108931493546,260.6164362948022,280.4574432144995,284.01235440498425,267.7672517817102,275.8898030933472,275.8898030933472,275.0714220222565,271.8285274375287,0,1,fit,True,fit,True,none,0
Red onion,2025-12-21,293.23229245667784,277.9108931493546,295.4888845278849,288.55077275554623,284.47756690500034,286.5141698302733,286.5141698302733,286.36597933192127,286.5141698302733,0,0,fit,True,fit,True,none,0
Red onion,2025-12-28,301.92037680116584,293.23229245667784,302.74976376711544,303.0891705176961,296.2683802080664,299.67877536288125,299.67877536288125,298.7678897904478,299.67877536288125,0,0,fit,True,fit,True,rain,1
Red onion,2026-01-04,301.656625965392,301.92037680116584,304.3504028311614,302.618507001901,301.0959711906045,301.8572390962527,301.4766051434286,300.48971669006426,301.4766051434286,1,1,fit,True,fit,True,rain,1
Red onion,2026-01-11,288.1937849158684,301.656625965392,298.78267804812555,299.8941817650212,301.2007459195012,300.5474638422612,300.8741048808812,299.279154592347,300.8741048808812,1,1,fit,True,fit,True,none,0
Red onion,2026-01-18,263.5408266150992,288.1937849158684,274.6650702211496,278.13501869355053,284.70093580431137,281.4179772489309,281.4179772489309,281.2249650113821,281.4179772489309,0,0,fit,True,fit,True,none,0
Red onion,2026-01-25,235.9287609018088,263.5408266150992,240.60894525841076,240.15103379834065,258.75863819957186,249.45483599895624,249.45483599895624,250.25996004337455,254.10673709926408,0,1,fit,True,fit,True,none,0
Red onion,2026-02-01,203.13596591339817,235.9287609018088,210.52175321021377,206.34363066193623,230.10002841126925,218.2218295366027,218.2218295366027,216.92376578156737,218.2218295366027,0,0,fit,True,fit,True,none,0
Red onion,2026-02-08,183.3379095385497,203.13596591339817,177.74233238296324,174.60321129196225,205.9621897636484,190.28270052780533,190.28270052780533,185.78249381889725,190.28270052780533,0,0,fit,True,fit,True,none,0
Red onion,2026-02-15,174.11900784484516,183.3379095385497,167.29251220750456,173.49738571780165,176.21834023694447,174.85786297737306,174.85786297737306,178.69845714985078,174.85786297737306,0,0,fit,True,fit,True,none,0
Red onion,2026-02-22,192.08711926219908,174.11900784484516,170.44315526990152,170.68252552228108,171.04411127082477,170.86331839655293,170.86331839655293,171.70218027923954,170.86331839655293,0,0,fit,True,fit,True,both,1
Red onion,2026-03-01,201.27368151310543,192.08711926219908,209.50980746000545,208.44088413665375,193.31569937942473,200.87829175803927,197.096995568732,195.23350439117308,197.096995568732,1,1,fit,True,fit,True,diesel,1
Red onion,2026-03-08,212.49955957461643,201.27368151310543,217.16093384880764,219.7850461269875,202.95600186947445,211.370523998231,207.1632629338527,206.35776069796327,207.1632629338527,1,1,fit,True,fit,True,none,0
Red onion,2026-03-15,191.76755534474512,212.49955957461643,220.00153404637135,218.54288663099769,217.1333991818552,217.83814290642644,217.83814290642644,216.0210466432562,217.83814290642644,0,0,fit,True,fit,True,diesel,1
Red onion,2026-03-22,180.50632164329284,191.76755534474512,173.19812710481224,174.7665544144843,189.19437013928552,181.9804622768849,185.5874162080852,187.50953522205037,185.5874162080852,1,1,fit,True,fit,True,diesel,1
Red onion,2026-03-29,173.95288172431924,180.50632164329284,159.05986229027113,150.22585904852394,178.45029017776244,164.3380746131432,171.39418239545282,172.4155368770307,171.39418239545282,1,1,fit,True,fit,True,diesel,1
Red onion,2026-04-05,174.4043343606793,173.95288172431924,163.6463507866211,168.2010088722659,171.69913497634866,169.95007192430728,170.82460345032797,172.1812825620471,170.82460345032797,1,1,fit,True,fit,True,diesel,1
Red onion,2026-04-12,152.19293677828514,174.4043343606793,177.06861347010067,177.82992519550135,173.58296775253643,175.7064464740189,174.64470711327766,174.62163729943012,174.64470711327766,1,1,fit,True,fit,True,diesel,1
Red onion,2026-04-19,191.75837252164493,152.19293677828514,140.26487345522474,137.82262731920335,150.67419350168907,144.2484104104462,147.46130195606764,148.1636573408943,147.46130195606764,1,1,fit,True,fit,True,diesel,1
Red onion,2026-04-26,210.96435405782853,191.75837252164493,205.72725690088524,218.3831283525406,193.95719764257083,206.17016299755576,200.06368032006327,199.50994828251905,200.06368032006327,1,1,fit,True,fit,True,diesel,1
Red onion,2026-05-03,195.37175317734165,210.96435405782853,238.63547537852295,218.0319728162476,215.5952549176613,216.81361386695443,216.20443439230783,214.66307687506543,216.20443439230783,1,1,fit,True,fit,True,both,1
Red onion,2026-05-10,174.1183028261712,195.37175317734165,195.35201805569568,199.35315913080876,196.93898673981113,198.14607293530997,197.54252983756055,196.3833403199508,197.54252983756055,1,1,fit,True,fit,True,rain,1
Red onion,2026-05-17,167.66193259248303,174.1183028261712,147.32332991257783,152.63503757384547,172.9914786856225,162.81325812973398,167.90236840767824,166.37964419646227,167.90236840767824,1,1,fit,True,fit,True,diesel,1
Red onion,2026-05-24,162.97503074560217,167.66193259248303,155.0638713161224,153.29584428489642,169.349143152328,161.3224937186122,165.33581843547012,162.95376863650466,165.33581843547012,1,1,fit,True,fit,True,rain,1
Red onion,2026-05-31,153.22298300729932,162.97503074560217,162.47759960356262,161.15754173447488,164.49559577856115,162.826568756518,163.6610822675396,162.6003528011609,163.6610822675396,1,1,fit,True,fit,True,none,0
Red onion,2026-06-07,171.58431145751544,153.22298300729932,151.2723357298081,157.24164483049498,152.788088654148,155.0148667423215,155.0148667423215,155.2960923491206,155.0148667423215,0,0,fit,True,fit,True,diesel,1
Red onion,2026-06-14,170.25540923191812,171.58431145751544,183.20083416482152,183.2823500130503,171.8971563299901,177.5897531715202,174.74345475075515,174.9800818675545,174.74345475075515,1,1,fit,True,fit,True,diesel,1
Red onion,2026-06-21,176.1721848183359,170.25540923191812,176.46880864702504,170.28843745418033,170.39478751136568,170.341612482773,170.36819999706933,170.33752336022445,170.36819999706933,1,1,fit,True,fit,True,none,0
Red onion,2026-06-28,182.30809384180696,176.1721848183359,180.59529454418865,182.6462793097552,176.8528527551378,179.74956603244652,179.74956603244652,180.41338698462357,179.74956603244652,0,0,fit,True,fit,True,diesel,1
Red onion,2026-07-05,183.06462323117236,182.30809384180696,184.6943652830461,186.18927582338424,183.07786970926912,184.6335727663267,183.8557212377979,184.07198408498303,183.8557212377979,1,1,fit,True,fit,True,none,0
Red onion,2026-07-12,172.47406810661738,183.06462323117236,184.4354945724017,180.7189370933577,183.88084762740115,182.29989236037943,182.29989236037943,182.24479770105097,182.29989236037943,0,0,fit,True,fit,True,none,0
Red onion,2026-07-19,163.0045054111807,172.47406810661738,164.96960741851453,169.95245850275217,173.77600330254023,171.8642309026462,171.8642309026462,171.59243172571482,172.82011710259323,0,1,fit,True,fit,True,diesel,1
Red onion,2026-07-26,157.4568034388531,163.0045054111807,153.3818301246235,151.0539533039912,163.76937897542402,157.41166613970762,160.5905225575658,160.92541106052124,160.5905225575658,1,1,fit,True,fit,True,none,0
Squash,2024-11-10,38.33641213829056,40.56627850199137,36.83951541920226,36.95439399533088,40.31510938668642,38.63475169100865,38.63475169100865,38.638713641549195,38.63475169100865,0,0,fit,True,fit,True,none,0
Squash,2024-11-17,37.00652168795156,38.33641213829056,36.07765433083849,36.781409584653794,37.78831393177048,37.28486175821214,37.28486175821214,37.33478881404786,37.28486175821214,0,0,fit,True,fit,True,none,0
Squash,2024-11-24,38.77078784522139,37.00652168795156,37.10457517932861,36.81977680127769,36.7105468969016,36.76516184908965,36.76516184908965,36.88131634844163,36.76516184908965,0,0,fit,True,fit,True,none,0
Squash,2024-12-01,42.55657209656843,38.77078784522139,41.463981846353654,41.49008080460767,39.04245729264342,40.266269048625546,40.266269048625546,40.12206272030802,39.65436317063448,0,1,fit,True,fit,True,none,0
Squash,2024-12-08,44.82643376565118,42.55657209656843,46.56316795451952,46.38530109003909,43.00421352885374,44.694757309446416,44.694757309446416,44.549661379942975,44.694757309446416,0,0,fit,True,fit,True,none,0
Squash,2024-12-15,45.47701316879383,44.82643376565118,47.43031068545195,47.151478699124134,45.46847866749902,46.30997868331158,46.30997868331158,46.181118075568314,46.30997868331158,0,0,fit,True,fit,True,diesel,1
Squash,2024-12-22,47.24223979826239,45.47701316879383,45.30127002683045,45.91239336744864,46.10428851650349,46.00834094197606,46.05631472923977,46.07202634968979,46.05631472923977,1,1,fit,True,fit,True,none,0
Squash,2024-12-29,46.997741050862786,47.24223979826239,47.02049694712242,46.84467635893933,47.24009094651011,47.04238365272472,47.04238365272472,47.12022685686538,47.04238365272472,0,0,fit,True,fit,True,none,0
Squash,2025-01-05,45.90075975085778,46.997741050862786,47.01830082729949,47.81957004203006,47.36864829792928,47.594109169979674,47.594109169979674,47.55491197838364,47.48137873395448,0,1,fit,True,fit,True,rain,1
Squash,2025-01-12,46.6968859567157,45.90075975085778,45.339246197453434,44.78425929859534,46.138481775179336,45.46137053688734,45.79992615603334,45.88854465432888,45.79992615603334,1,1,fit,True,fit,True,diesel,1
Squash,2025-01-19,46.44206131155293,46.6968859567157,46.6568895315947,46.37185376866158,46.99892376203453,46.68538876534805,46.842156263691294,46.65704043458115,46.842156263691294,1,1,fit,True,fit,True,none,0
Squash,2025-01-26,44.640292971806666,46.44206131155293,46.80167525817731,46.48442375462843,46.46018205488723,46.472302904757825,46.472302904757825,46.27223980653581,46.472302904757825,0,0,fit,True,fit,True,none,0
Squash,2025-02-02,44.39835692548443,44.640292971806666,43.853665270857945,44.41125598168383,44.7682847375442,44.589770359614015,44.589770359614015,44.47806488505852,44.589770359614015,0,0,fit,True,fit,True,none,0
Squash,2025-02-09,44.27330672329617,44.39835692548443,43.4084617154583,43.28586598343223,44.355427685913334,43.820646834672786,43.820646834672786,43.8324038452668,43.820646834672786,0,0,fit,True,fit,True,none,0
Squash,2025-02-16,45.24499237315345,44.27330672329617,44.204901259411294,44.678263357015055,44.091914366542824,44.38508886177894,44.38508886177894,44.47125875470098,44.38508886177894,0,0,fit,True,fit,True,none,0
Squash,2025-02-23,47.76334405754537,45.24499237315345,46.50590752681902,46.202091421628566,45.245145134735736,45.72361827818215,45.72361827818215,45.66722435191743,45.72361827818215,0,0,fit,True,fit,True,none,0
Squash,2025-03-02,49.914321736927526,47.76334405754537,49.87520105101039,49.77909689425945,47.82271580089659,48.80090634757802,48.80090634757802,48.585289836397024,48.80090634757802,0,0,fit,True,fit,True,diesel,1
Squash,2025-03-09,51.028754825141874,49.914321736927526,51.77436403450078,51.993739190943046,50.24928470098545,51.12151194596424,50.68539832347485,50.39443976060899,50.68539832347485,1,1,fit,True,fit,True,rain,1
Squash,2025-03-16,52.37815419504986,51.028754825141874,51.59432069760844,51.474634118438274,51.292855704572645,51.38374491150546,51.33830030803905,51.16042522090824,51.33830030803905,1,1,fit,True,fit,True,none,0
Squash,2025-03-23,51.75646643085207,52.37815419504986,52.36462469483098,52.27068831728888,52.121170914867974,52.19592961607843,52.19592961607843,52.31195530979305,52.19592961607843,0,0,fit,True,fit,True,none,0
Squash,2025-03-30,49.52230263025877,51.75646643085207,50.98314302801302,50.80413881030166,51.23780415696825,51.02097148363495,51.02097148363495,51.05591054921055,51.02097148363495,0,0,fit,True,fit,True,none,0
Squash,2025-04-06,46.00709987439071,49.52230263025877,47.556777406348225,47.752415451967714,49.108390453172895,48.430402952570304,48.430402952570304,48.56406375332533,48.7693967028716,0,1,fit,True,fit,True,none,0
Squash,2025-04-13,44.59424587720976,46.00709987439071,42.7720673896811,42.33188031745804,45.25068426884567,43.79128229315185,43.79128229315185,43.97661320562267,43.79128229315185,0,0,fit,True,fit,True,diesel,1
Squash,2025-04-20,43.608934292062585,44.59424587720976,42.910165138996035,43.550441210695304,44.508654188457584,44.02954769957644,44.26910094401702,44.02386282986864,44.26910094401702,1,1,fit,True,fit,True,none,0
Squash,2025-04-27,44.10972005191969,43.608934292062585,43.77332837471258,43.25673133954153,43.10065657781011,43.17869395867582,43.17869395867582,43.101407774841746,43.13967526824297,0,1,fit,True,fit,True,none,0
Squash,2025-05-04,44.67928593516723,44.10972005191969,45.42846959196349,45.244722357684374,44.06310361686872,44.65391298727655,44.65391298727655,44.62307389424705,44.65391298727655,0,0,fit,True,fit,True,diesel,1
Squash,2025-05-11,46.13845665233844,44.67928593516723,45.51598421826927,45.88650045180642,44.63346561700479,45.25998303440561,44.9467243257052,45.09434852218988,44.9467243257052,1,1,fit,True,fit,True,none,0
Squash,2025-05-18,45.80456989169886,46.13845665233844,46.95266516850637,46.49936355992192,45.96995208638423,46.23465782315307,46.23465782315307,46.40100333005958,46.23465782315307,0,0,fit,True,fit,True,rain,1
Squash,2025-05-25,45.697687462809064,45.80456989169886,45.61003262242064,46.333081512516955,45.7719106739836,46.05249609325028,45.91220338361694,46.01817375140621,45.91220338361694,1,1,fit,True,fit,True,rain,1
Squash,2025-06-01,44.75193828379028,45.697687462809064,45.076581608431816,44.82832042282368,45.80145537936924,45.314887901096455,45.55817164023285,45.36587193895941,45.55817164023285,1,1,fit,True,fit,True,rain,1
Squash,2025-06-08,44.24214841246621,44.75193828379028,43.76718954950209,44.093009440395896,44.6552161205303,44.37411278046309,44.514664450496696,44.70354592783775,44.514664450496696,1,1,fit,True,fit,True,none,0
Squash,2025-06-15,43.895289186305405,44.24214841246621,43.762047758490745,43.201361461968034,44.26807631000892,43.73471888598848,43.73471888598848,43.73003015925038,44.001397597998704,0,1,fit,True,fit,True,none,0
Squash,2025-06-22,43.03470309047182,43.895289186305405,43.83388293812542,43.64182016595136,43.70371163255632,43.67276589925384,43.67276589925384,43.64277311022376,43.67276589925384,0,0,fit,True,fit,True,none,0
Squash,2025-06-29,43.225921000429075,43.03470309047182,42.73565621169943,42.69885100131356,42.678891881985265,42.68887144164941,42.68887144164941,42.80124553130767,42.68887144164941,0,0,fit,True,fit,True,diesel,1
Squash,2025-07-06,40.56578058960966,43.225921000429075,43.16603315253194,43.224755635645565,43.17395853538124,43.1993570855134,43.186657810447315,43.20820455425749,43.186657810447315,1,1,fit,True,fit,True,diesel,1
Squash,2025-07-13,40.49965980485351,40.56578058960966,39.06405359436398,39.26838428548327,39.92896814110807,39.59867621329568,39.763822177201874,40.011703306585915,39.763822177201874,1,1,fit,True,fit,True,none,0
Squash,2025-07-20,40.45176000842802,40.49965980485351,39.618438474814766,39.62894545500489,39.96911105349929,39.79902825425209,39.79902825425209,39.76773200104775,39.79902825425209,0,0,fit,True,fit,True,none,0
Squash,2025-07-27,40.4827996583174,40.45176000842802,40.65840770269592,40.7968772163818,40.02437676439039,40.41062699038609,40.41062699038609,40.35971082527264,40.41062699038609,0,0,fit,True,fit,True,none,0
Squash,2025-08-03,41.656944769790854,40.4827996583174,41.28930138189738,41.05185941910596,39.997067490358184,40.52446345473207,40.52446345473207,40.53870962048448,40.52446345473207,0,0,fit,True,fit,True,none,0
Squash,2025-08-10,43.985065114861186,41.656944769790854,42.439943372810205,42.70324111039592,40.89499016421148,41.7991156373037,41.7991156373037,41.9625061545385,41.7991156373037,0,0,fit,True,fit,True,none,0
Squash,2025-08-17,46.670837220767034,43.985065114861186,45.45854760116968,45.800532278822914,44.24290291703289,45.0217175979279,45.0217175979279,44.99467278012261,45.0217175979279,0,0,fit,True,fit,True,diesel,1
Squash,2025-08-24,51.272252129455005,46.670837220767034,48.813848908676015,48.993701748109345,46.530194249966634,47.761947999037986,47.14607112450231,47.1670755759411,47.14607112450231,1,1,fit,True,fit,True,none,0
Squash,2025-08-31,57.664900908762775,51.272252129455005,54.43537788213783,54.43298106940601,51.36603032990256,52.89950569965429,52.89950569965429,52.94561416529602,52.89950569965429,0,0,fit,True,fit,True,none,0
Squash,2025-09-07,64.86068262933358,57.664900908762775,62.24795880603583,62.1689875991743,57.921467731291614,60.04522766523296,60.04522766523296,59.80153300963575,60.04522766523296,0,0,fit,True,fit,True,none,0
Squash,2025-09-14,70.22034559264205,64.86068262933358,70.38186217757651,70.87178821970859,67.04414143441781,68.9579648270632,68.9579648270632,68.322126944306,68.9579648270632,0,0,fit,True,fit,True,none,0
Squash,2025-09-21,73.04106321186305,70.22034559264205,74.09260790823518,73.2776072122556,72.15304813399337,72.71532767312448,72.71532767312448,72.2869580914251,72.71532767312448,0,0,fit,True,fit,True,none,0
Squash,2025-09-28,73.55790834826787,73.04106321186305,73.80427520965978,73.7693107404691,74.0104680880952,73.88988941428215,73.88988941428215,73.6151439499572,73.88988941428215,0,0,fit,True,fit,True,none,0
Squash,2025-10-05,71.50991842802514,73.55790834826787,72.0405499517904,71.96696635839896,72.7006995002683,72.33383292933362,72.33383292933362,72.33695415635961,72.33383292933362,0,0,fit,True,fit,True,none,0
Squash,2025-10-12,70.45716102073771,71.50991842802514,68.80827078088376,69.10788611181633,70.8555119400834,69.98169902594987,69.98169902594987,70.02359653147164,69.98169902594987,0,0,fit,True,fit,True,none,0
Squash,2025-10-19,69.89553480762697,70.45716102073771,68.98791966201968,69.06286802873733,69.69749541233165,69.3801817205345,69.3801817205345,69.37594657210462,69.3801817205345,0,0,fit,True,fit,True,none,0
Squash,2025-10-26,69.81738577478845,69.89553480762697,70.03080637087808,69.33841975659325,69.3613149465964,69.34986735159482,69.34986735159482,69.34779442125883,69.34986735159482,0,0,fit,True,fit,True,none,0
Squash,2025-11-02,70.58520771922856,69.81738577478845,70.68640505790863,70.57421329926467,69.07126734846551,69.82274032386509,69.82274032386509,69.99831623586384,69.82274032386509,0,0,fit,True,fit,True,none,0
Squash,2025-11-09,72.50462398743622,70.58520771922856,71.4393658490401,71.37922575501055,69.88710381450444,70.6331647847575,70.6331647847575,70.89494734152973,70.6331647847575,0,0,fit,True,fit,True,diesel,1
Squash,2025-11-16,68.97451227701015,72.50462398743622,73.91088586996646,73.15232154357932,72.25536491787426,72.70384323072679,72.47960407430052,72.54076983922839,72.47960407430052,1,1,fit,True,fit,True,none,0
Squash,2025-11-23,65.7755769541281,68.97451227701015,67.18309873374103,68.22437505844502,68.6020953933031,68.41323522587406,68.41323522587406,68.6913193698703,68.41323522587406,0,0,fit,True,fit,True,none,0
Squash,2025-11-30,60.91007882853044,65.7755769541281,61.96456219699173,61.557015891450305,65.25170279050047,63.40435934097539,63.40435934097539,63.64306008846532,63.40435934097539,0,0,fit,True,fit,True,none,0
Squash,2025-12-07,53.424966267984466,60.91007882853044,56.54271120224242,56.38270857668969,59.681038086609966,58.03187333164983,58.03187333164983,58.35862906394773,58.03187333164983,0,0,fit,True,fit,True,none,0
Squash,2025-12-14,49.22997510669716,53.424966267984466,48.62704822735629,47.81660458012473,53.67684762899216,50.74672610455845,50.74672610455845,50.831930914462546,52.2117868667753,0,1,fit,True,fit,True,none,0
Squash,2025-12-21,46.70783211613005,49.22997510669716,46.1397906603703,47.44884934849555,48.14751756427773,47.79818345638664,47.79818345638664,47.819575682605816,47.79818345638664,0,0,fit,True,fit,True,none,0
Squash,2025-12-28,46.637226708533085,46.70783211613005,46.0043041755764,45.95206804635322,45.80443407917326,45.87825106276324,45.87825106276324,46.01500441325953,45.87825106276324,0,0,fit,True,fit,True,rain,1
Squash,2026-01-04,49.4667819799934,46.637226708533085,48.45550834694493,48.60138063758034,46.64144977584652,47.62141520671343,47.13143249127997,46.99863713599725,47.13143249127997,1,1,fit,True,fit,True,rain,1
Squash,2026-01-11,52.748351592294576,49.4667819799934,52.74102091554925,52.72891178410968,50.03619444985729,51.38255311698349,50.70937378342039,50.76037196452505,50.70937378342039,1,1,fit,True,fit,True,none,0
Squash,2026-01-18,56.265565600709465,52.748351592294576,55.95038978407447,54.890901910490186,52.929531264774205,53.91021658763219,53.91021658763219,53.933895158617986,53.91021658763219,0,0,fit,True,fit,True,none,0
Squash,2026-01-25,58.5193007824996,56.265565600709465,58.81331286470102,59.32105397926495,55.59867867501214,57.45986632713854,57.45986632713854,57.84575280258238,56.52927250107534,0,1,fit,True,fit,True,none,0
Squash,2026-02-01,59.898327593310626,58.5193007824996,59.65479835690788,60.363906480344255,57.52030607443838,58.94210627739132,58.94210627739132,59.0449404424876,58.94210627739132,0,0,fit,True,fit,True,none,0
Squash,2026-02-08,60.47618412762395,59.898327593310626,60.09912428044532,60.44499383685085,59.34731871317223,59.896156275011535,59.896156275011535,59.70469208929681,59.896156275011535,0,0,fit,True,fit,True,none,0
Squash,2026-02-15,60.7082208735187,60.47618412762395,60.26414982857859,59.86475749359389,59.88483470469228,59.87479609914308,59.87479609914308,59.73043731518274,59.87479609914308,0,0,fit,True,fit,True,none,0
Squash,2026-02-22,57.597267320552355,60.7082208735187,60.599241568293266,60.17237550494401,60.42791900460314,60.30014725477358,60.30014725477358,60.34679372311493,60.30014725477358,0,0,fit,True,fit,True,both,1
Squash,2026-03-01,57.5808493926671,57.597267320552355,55.479352778134,55.740966631295706,57.105451276698595,56.42320895399715,56.764330115347875,56.76650431397535,56.764330115347875,1,1,fit,True,fit,True,diesel,1
Squash,2026-03-08,56.858990083828274,57.5808493926671,56.34416938790927,55.85755426968528,56.64744143034486,56.252497850015075,56.44996964017997,56.809739230378966,56.44996964017997,1,1,fit,True,fit,True,none,0
Squash,2026-03-15,61.70432812481593,56.858990083828274,56.75468245786724,56.61144506403628,56.04562468399078,56.32853487401353,56.32853487401353,56.44361225037919,56.32853487401353,0,0,fit,True,fit,True,diesel,1
Squash,2026-03-22,64.47136934549185,61.70432812481593,65.79889796716785,65.25689629383864,61.7263968674786,63.49164658065862,62.60902172406861,62.83312066444853,62.60902172406861,1,1,fit,True,fit,True,diesel,1
Squash,2026-03-29,66.03446300367725,64.47136934549185,68.33064460227077,69.62043960468387,64.24211313278052,66.9312763687322,65.58669475075635,65.49377478268775,65.58669475075635,1,1,fit,True,fit,True,diesel,1
Squash,2026-04-05,65.9364714895039,66.03446300367725,66.90991393287136,66.42367456132814,66.14528883288514,66.28448169710664,66.2148852649959,65.58177790640613,66.2148852649959,1,1,fit,True,fit,True,diesel,1
Squash,2026-04-12,69.30353646837203,65.9364714895039,63.86317383781554,64.34301236797019,65.98244010029725,65.16272623413371,65.57258316721548,64.82504323065062,65.57258316721548,1,1,fit,True,fit,True,diesel,1
Squash,2026-04-19,60.66928804658702,69.30353646837203,70.11093807753805,70.73592120815657,68.99353104196517,69.86472612506087,69.42912858351302,69.33939067646098,69.42912858351302,1,1,fit,True,fit,True,diesel,1
Squash,2026-04-26,55.09070410989516,60.66928804658702,56.86937214776515,54.38992793197649,59.2716847731953,56.830806352585896,58.0512455628906,57.817515812972616,58.0512455628906,1,1,fit,True,fit,True,diesel,1
Squash,2026-05-03,55.22035715581664,55.09070410989516,48.674643887294536,52.06523146679728,53.52651026509993,52.7958708659486,53.161190565524265,53.26111438482778,53.161190565524265,1,1,fit,True,fit,True,both,1
Squash,2026-05-10,56.88641082076558,55.22035715581664,52.934890548655595,52.35425597792796,55.05016872884521,53.702212353386585,54.37619054111589,54.216494565633425,54.37619054111589,1,1,fit,True,fit,True,rain,1
Squash,2026-05-17,56.31596335288917,56.88641082076558,60.10580829797518,59.38374827986123,57.17264755396375,58.27819791691249,57.72542273543812,57.88265727005936,57.72542273543812,1,1,fit,True,fit,True,diesel,1
Squash,2026-05-24,56.06171430453304,56.31596335288917,59.10151406588911,58.70306018819608,56.06335642454063,57.38320830636836,56.72328236545449,57.23497160370474,56.72328236545449,1,1,fit,True,fit,True,rain,1
Squash,2026-05-31,57.165554237058615,56.06171430453304,55.954407233171665,57.2589269589254,55.91572034164909,56.587323650287246,56.25152199596817,56.56264352307374,56.25152199596817,1,1,fit,True,fit,True,none,0
Squash,2026-06-07,53.74381290715507,57.165554237058615,55.78323395664199,56.24836412214214,57.12153523086593,56.68494967650403,56.68494967650403,56.64917470048894,56.68494967650403,0,0,fit,True,fit,True,diesel,1
Squash,2026-06-14,53.91262561386628,53.74381290715507,50.4483428059907,50.809129620451635,53.30714123290351,52.05813542667757,52.68263832979054,52.96966626621933,52.68263832979054,1,1,fit,True,fit,True,diesel,1
Squash,2026-06-21,52.67531254562856,53.91262561386628,53.55230093964827,54.222238362880695,53.99173277920289,54.10698557104179,54.04935917512234,54.03263287500199,54.04935917512234,1,1,fit,True,fit,True,none,0
Squash,2026-06-28,51.34824897307219,52.67531254562856,52.908633142883325,51.83560235475559,52.47730105790616,52.15645170633088,52.15645170633088,52.0708237332512,52.15645170633088,0,0,fit,True,fit,True,diesel,1
Squash,2026-07-05,50.99509848113981,51.34824897307219,51.321954761191215,50.359664237600235,51.172854601920264,50.766259419760246,50.969557010840255,50.86595692233332,50.969557010840255,1,1,fit,True,fit,True,none,0
Squash,2026-07-12,52.48954719297097,50.99509848113981,50.60960509390065,51.45047905930837,50.65349463578192,51.051986847545145,51.051986847545145,51.151198808576105,51.051986847545145,0,0,fit,True,fit,True,none,0
Squash,2026-07-19,53.6283190725109,52.48954719297097,53.15257319630029,52.76714841971037,52.20181015125916,52.48447928548477,52.48447928548477,52.44777249515674,52.34314471837196,0,1,fit,True,fit,True,diesel,1
Squash,2026-07-26,53.88703521559606,53.6283190725109,54.88740754260697,55.34130607610615,53.36051203587264,54.35090905598939,53.85571054593102,53.73317011669651,53.85571054593102,1,1,fit,True,fit,True,none,0
Tomato,2024-11-10,128.85783840559202,113.30199252404717,132.69673321605256,132.9372244160513,117.79721699990776,125.36722070797951,125.36722070797951,124.51934725865397,125.36722070797951,0,0,fit,True,fit,True,none,0
Tomato,2024-11-17,140.15690358388483,128.85783840559202,137.85292085782254,137.34732274773916,131.81417466543394,134.58074870658655,134.58074870658655,134.53151789260644,134.58074870658655,0,0,fit,True,fit,True,none,0
Tomato,2024-11-24,146.00326517199122,140.15690358388483,144.28562626061807,144.98442154859444,142.88199861753046,143.93321008306245,143.93321008306245,143.88111550431947,143.93321008306245,0,0,fit,True,fit,True,none,0
Tomato,2024-12-01,148.12992329777396,146.00326517199122,146.02609329470013,146.07327240336917,148.61904314135157,147.34615777236036,147.34615777236036,147.08902953368238,147.98260045685598,0,1,fit,True,fit,True,none,0
Tomato,2024-12-08,150.77196777645003,148.12992329777396,148.75510459128037,148.39957694839484,148.707273079764,148.55342501407944,148.55342501407944,149.28456366068207,148.55342501407944,0,0,fit,True,fit,True,none,0
Tomato,2024-12-15,154.94899844611848,150.77196777645003,153.23448188645523,153.3526932139048,151.12425962868582,152.23847642129533,152.23847642129533,151.95395588463418,152.23847642129533,0,0,fit,True,fit,True,diesel,1
Tomato,2024-12-22,158.83162971608107,154.94899844611848,158.7056275880173,158.57176836930185,154.5487449416038,156.5602566554528,155.5545007985283,155.15902014339457,155.5545007985283,1,1,fit,True,fit,True,none,0
Tomato,2024-12-29,163.16748070566524,158.83162971608107,160.79930616278747,161.24868782656043,159.33629044167463,160.29248913411757,160.29248913411757,159.81439923529285,160.29248913411757,0,0,fit,True,fit,True,none,0
Tomato,2025-01-05,168.8218179353501,163.16748070566524,165.2049610225112,165.06280543562565,161.72840881197322,163.39560712379944,163.39560712379944,163.2730259994937,162.56200796788633,0,1,fit,True,fit,True,rain,1
Tomato,2025-01-12,167.9734479146851,168.8218179353501,172.9991982066216,172.71477443457098,169.07094055497902,170.892857494775,169.981899024877,168.8941537458033,169.981899024877,1,1,fit,True,fit,True,diesel,1
Tomato,2025-01-19,161.5744197607928,167.9734479146851,163.60927069603835,163.31301930720122,166.2629392104996,164.7879792588504,165.525459234675,165.8597440170847,165.525459234675,1,1,fit,True,fit,True,none,0
Tomato,2025-01-26,148.95031394950905,161.5744197607928,150.55098342659653,150.9524511022931,159.78593935975368,155.3691952310234,155.3691952310234,154.92493826967774,155.3691952310234,0,0,fit,True,fit,True,none,0
Tomato,2025-02-02,129.42238312722588,148.95031394950905,131.9231369784992,132.0407703580431,144.71933212272685,138.38005124038494,138.38005124038494,138.36667118972576,138.38005124038494,0,0,fit,True,fit,True,none,0
Tomato,2025-02-09,115.23832302365692,129.42238312722588,109.36043628640716,109.09960423286174,126.95336228372004,118.02648325829088,118.02648325829088,116.68607660202562,118.02648325829088,0,0,fit,True,fit,True,none,0
Tomato,2025-02-16,105.2422333073922,115.23832302365692,106.09696206732524,105.99413764248696,111.80070023808868,108.89741894028782,108.89741894028782,107.67396267674565,108.89741894028782,0,0,fit,True,fit,True,none,0
Tomato,2025-02-23,99.41706076142748,105.2422333073922,100.5973797590916,100.38450942471223,102.61951115849692,101.5020102916046,101.5020102916046,100.10325378754575,101.5020102916046,0,0,fit,True,fit,True,none,0
Tomato,2025-03-02,98.46868275116968,99.41706076142748,97.2819731827744,97.57443193417195,97.33783498284777,97.45613345850988,97.45613345850988,96.5964444612412,97.45613345850988,0,0,fit,True,fit,True,diesel,1
Tomato,2025-03-09,95.31316538365508,98.46868275116968,97.35098317359208,97.12230830164954,97.2559722514062,97.18914027652788,97.22255626396702,96.63013398723172,97.22255626396702,1,1,fit,True,fit,True,rain,1
Tomato,2025-03-16,90.64421038214492,95.31316538365508,90.79149449231588,90.94651712061216,93.3287468722644,92.13763199643827,92.73318943435132,92.52068811708868,92.73318943435132,1,1,fit,True,fit,True,none,0
Tomato,2025-03-23,84.38250139543266,90.64421038214492,85.54105654194193,85.34450380357949,88.35491113249587,86.84970746803768,86.84970746803768,86.59256349373348,86.84970746803768,0,0,fit,True,fit,True,none,0
Tomato,2025-03-30,76.19143993218266,84.38250139543266,77.80885044602715,77.82674683275431,81.60475138017387,79.71574910646409,79.71574910646409,79.27509959703416,79.71574910646409,0,0,fit,True,fit,True,none,0
Tomato,2025-04-06,66.70887658567483,76.19143993218266,68.85878236465537,69.01751921034553,75.17784876187169,72.0976839861086,72.0976839861086,70.68191065398962,73.63776637399015,0,1,fit,True,fit,True,none,0
Tomato,2025-04-13,60.90056310469643,66.70887658567483,58.27713212377647,57.96595636652984,66.2019080278402,62.08393219718502,62.08393219718502,60.95430571445988,62.08393219718502,0,0,fit,True,fit,True,diesel,1
Tomato,2025-04-20,61.17296499954041,60.90056310469643,58.13344964843214,58.81457925742619,60.55612911159531,59.68535418451075,60.12074164805303,61.032580395614005,60.12074164805303,1,1,fit,True,fit,True,none,0
Tomato,2025-04-27,65.21759560972485,61.17296499954041,66.02638056595022,64.95573213034507,63.90109319434937,64.42841266234723,64.42841266234723,63.94925968488064,64.16475292834829,0,1,fit,True,fit,True,none,0
Tomato,2025-05-04,74.92558114310674,65.21759560972485,72.63886653467245,73.48972809235502,66.56509831815991,70.02741320525746,70.02741320525746,69.9009086052094,70.02741320525746,0,0,fit,True,fit,True,diesel,1
Tomato,2025-05-11,79.4353416550544,74.92558114310674,85.26719251749645,84.80369804508805,77.60330407401494,81.2035010595515,79.40340256678323,78.6674158571885,79.40340256678323,1,1,fit,True,fit,True,none,0
Tomato,2025-05-18,80.03228337266059,79.4353416550544,79.93282732149873,80.2028967976052,82.09202962998421,81.14746321379471,81.14746321379471,80.9178022259407,81.14746321379471,0,0,fit,True,fit,True,rain,1
Tomato,2025-05-25,75.92679359016616,80.03228337266059,77.52073979601249,77.34392485604748,81.83241147496314,79.58816816550531,80.71028982023422,80.88398636798088,80.71028982023422,1,1,fit,True,fit,True,rain,1
Tomato,2025-06-01,67.69785412775428,75.92679359016616,69.66916755337007,69.74326219583352,76.14698882398802,72.94512550991078,74.5460571669494,74.45989178349126,74.5460571669494,1,1,fit,True,fit,True,rain,1
Tomato,2025-06-08,62.07960644304234,67.69785412775428,61.09790765650557,60.946674692234815,67.2224836014405,64.08457914683765,65.65353137413908,66.29318659166742,65.65353137413908,1,1,fit,True,fit,True,none,0
Tomato,2025-06-15,58.7138657442647,62.07960644304234,59.40830554154674,59.61269289491648,62.96339145242649,61.288042173671485,61.288042173671485,61.253711328792335,62.12571681304899,0,1,fit,True,fit,True,none,0
Tomato,2025-06-22,57.30343309661937,58.7138657442647,58.42871860310092,58.12364389368109,59.46603302875338,58.79483846121724,58.79483846121724,59.26492661529477,58.79483846121724,0,0,fit,True,fit,True,none,0
Tomato,2025-06-29,57.55524083782148,57.30343309661937,58.3089557672179,58.56950020192785,60.63229409477306,59.600897148350455,59.600897148350455,58.606672898033835,59.600897148350455,0,0,fit,True,fit,True,diesel,1
Tomato,2025-07-06,61.57806500568293,57.55524083782148,58.44986542569832,58.41489991667501,59.40856489349317,58.911732405084095,59.16014864928863,58.822217135502314,59.16014864928863,1,1,fit,True,fit,True,diesel,1
Tomato,2025-07-13,63.05919362867557,61.57806500568293,66.92097377060749,66.6010975923353,63.560347644232735,65.08072261828401,64.32053513125837,63.92993969516218,64.32053513125837,1,1,fit,True,fit,True,none,0
Tomato,2025-07-20,63.456448930940795,63.05919362867557,64.54707662728137,64.8213917074248,64.30933417642795,64.56536294192637,64.56536294192637,63.95586193398203,64.56536294192637,0,0,fit,True,fit,True,none,0
Tomato,2025-07-27,62.90629237729008,63.456448930940795,63.14196400679896,63.15387399479883,64.23290433331506,63.693389164056946,63.693389164056946,63.72319452628152,63.693389164056946,0,0,fit,True,fit,True,none,0
Tomato,2025-08-03,60.31327089631138,62.90629237729008,60.65829435218719,60.43103523140813,63.418464539822885,61.924749885615505,61.924749885615505,61.88863960367123,61.924749885615505,0,0,fit,True,fit,True,none,0
Tomato,2025-08-10,59.25579576315171,60.31327089631138,58.47999804354191,58.759151990927165,60.41135263406811,59.58525231249764,59.58525231249764,59.5095505318804,59.58525231249764,0,0,fit,True,fit,True,none,0
Tomato,2025-08-17,61.04003856996957,59.25579576315171,60.14779275693756,60.14518480669393,59.39160458864457,59.76839469766925,59.76839469766925,59.62256911045621,59.76839469766925,0,0,fit,True,fit,True,diesel,1
Tomato,2025-08-24,63.59409910345113,61.04003856996957,64.63062029241014,64.22655755190793,61.185307218832406,62.70593238537017,61.94561980210129,61.84855756873149,61.94561980210129,1,1,fit,True,fit,True,none,0
Tomato,2025-08-31,68.29679586453652,63.59409910345113,66.74187945696352,67.29855529528656,63.890039681434985,65.59429748836078,65.59429748836078,65.42668706844665,65.59429748836078,0,0,fit,True,fit,True,none,0
Tomato,2025-09-07,74.03913124184868,68.29679586453652,72.93946554345861,72.62378189141633,69.06952085061288,70.8466513710146,70.8466513710146,70.7619964735632,70.8466513710146,0,0,fit,True,fit,True,none,0
Tomato,2025-09-14,79.19506212048825,74.03913124184868,79.38269323267215,79.79361981282108,74.38052185158989,77.08707083220548,77.08707083220548,77.59381950850553,77.08707083220548,0,0,fit,True,fit,True,none,0
Tomato,2025-09-21,84.2453042116137,79.19506212048825,84.03907872387518,83.43616314595505,80.73056836896237,82.08336575745871,82.08336575745871,81.9146822881632,82.08336575745871,0,0,fit,True,fit,True,none,0
Tomato,2025-09-28,88.20050239140215,84.2453042116137,88.11845020990927,88.30003853630087,87.2660995569201,87.78306904661048,87.78306904661048,87.24810603486884,87.78306904661048,0,0,fit,True,fit,True,none,0
Tomato,2025-10-05,91.33522921404142,88.20050239140215,90.66619854315192,90.9604276826555,91.03978848034563,91.00010808150056,91.00010808150056,91.0274526659656,91.00010808150056,0,0,fit,True,fit,True,none,0
Tomato,2025-10-12,93.33799422234996,91.33522921404142,93.77537013301723,93.85446231193998,91.30645513138074,92.58045872166036,92.58045872166036,92.55100456862924,92.58045872166036,0,0,fit,True,fit,True,none,0
Tomato,2025-10-19,93.7336943449938,93.33799422234996,94.86249372951464,94.28933033070696,92.96522585005268,93.62727809037985,93.62727809037985,93.94146455910028,93.62727809037985,0,0,fit,True,fit,True,none,0
Tomato,2025-10-26,92.593082125322,93.7336943449938,93.51602580501374,93.732648418608,93.13771185302372,93.43518013581588,93.43518013581588,93.34689355716064,93.43518013581588,0,0,fit,True,fit,True,none,0
Tomato,2025-11-02,90.27664354639516,92.593082125322,90.70287705685932,90.8609124275844,92.11509423984684,91.48800333371562,91.48800333371562,91.54643141260549,91.48800333371562,0,0,fit,True,fit,True,none,0
Tomato,2025-11-09,86.04789063794048,90.27664354639516,88.00397769593744,87.94218866452974,89.68108442621694,88.81163654537335,88.81163654537335,88.95726544470921,88.81163654537335,0,0,fit,True,fit,True,diesel,1
Tomato,2025-11-16,82.94942162399849,86.04789063794048,82.39515883507971,82.57090936151407,85.30729935032757,83.93910435592082,84.62320185312419,84.83312936731963,84.62320185312419,1,1,fit,True,fit,True,none,0
Tomato,2025-11-23,79.1102458467273,82.94942162399849,81.36932197417484,80.60143517516607,83.01849565123877,81.80996541320242,81.80996541320242,81.75977452485718,81.80996541320242,0,0,fit,True,fit,True,none,0
Tomato,2025-11-30,75.36579831054158,79.1102458467273,76.34052942530758,77.01885929355709,78.14001336000244,77.57943632677976,77.57943632677976,78.09444574118439,77.57943632677976,0,0,fit,True,fit,True,none,0
Tomato,2025-12-07,71.12017068388116,75.36579831054158,73.02039506638536,72.73743962535912,75.30211845894999,74.01977904215455,74.01977904215455,73.88608189374209,74.01977904215455,0,0,fit,True,fit,True,none,0
Tomato,2025-12-14,70.6060088247761,71.12017068388116,67.40302237795763,67.5645853594907,70.99780807020318,69.28119671484694,69.28119671484694,69.3958958624886,70.13950239252506,0,1,fit,True,fit,True,none,0
Tomato,2025-12-21,74.1051670812835,70.6060088247761,72.60813177738726,72.75353317450447,71.49144518084375,72.12248917767411,72.12248917767411,71.83808405050641,72.12248917767411,0,0,fit,True,fit,True,none,0
Tomato,2025-12-28,82.16865366794403,74.1051670812835,80.50765965372915,80.29485637073257,74.72201936476128,77.50843786774692,77.50843786774692,77.91632967768726,77.50843786774692,0,0,fit,True,fit,True,rain,1
Tomato,2026-01-04,94.3646071038416,82.16865366794403,92.5025623814959,92.57984286396496,84.58658140994842,88.58321213695669,86.58489677345256,86.37530681526164,86.58489677345256,1,1,fit,True,fit,True,rain,1
Tomato,2026-01-11,103.8022837154768,94.3646071038416,105.73037949299626,106.02678345566062,98.46210504390508,102.24444424978284,100.35327464684396,99.96489292725474,100.35327464684396,1,1,fit,True,fit,True,none,0
Tomato,2026-01-18,108.65237796594268,103.8022837154768,109.5577161894943,108.83125507217764,106.713405083885,107.77233007803132,107.77233007803132,107.75137821092775,107.77233007803132,0,0,fit,True,fit,True,none,0
Tomato,2026-01-25,110.18073099501274,108.65237796594268,108.7188707732676,109.59321652436876,110.45429110814696,110.02375381625784,110.02375381625784,110.39759110845222,110.2390224622024,0,1,fit,True,fit,True,none,0
Tomato,2026-02-01,108.61637455030362,110.18073099501274,108.1382985252857,107.70529441531384,109.46897416956566,108.58713429243974,108.58713429243974,109.3901946154397,108.58713429243974,0,0,fit,True,fit,True,none,0
Tomato,2026-02-08,106.61201886482256,108.61637455030362,106.25691396426872,106.3550649820725,107.9895960669128,107.17233052449264,107.17233052449264,107.11579742627184,107.17233052449264,0,0,fit,True,fit,True,none,0
Tomato,2026-02-15,103.6063554453892,106.61201886482256,105.03452232675043,104.86764614357357,105.38618354148882,105.1269148425312,105.1269148425312,104.89289675514412,105.1269148425312,0,0,fit,True,fit,True,none,0
Tomato,2026-02-22,100.84525108262083,103.6063554453892,99.81985177040202,100.13346334156437,102.0693235564274,101.10139344899588,101.10139344899588,101.3141246315711,101.10139344899588,0,0,fit,True,fit,True,both,1
Tomato,2026-03-01,96.1682350722404,100.84525108262083,97.4703743320106,97.30486523793672,99.57683682366392,98.44085103080032,99.00884392723212,98.6541739986814,99.00884392723212,1,1,fit,True,fit,True,diesel,1
Tomato,2026-03-08,94.60874033944468,96.1682350722404,90.87539444799532,91.14228704435776,94.36285007868725,92.75256856152252,93.55770932010488,93.5331954496272,93.55770932010488,1,1,fit,True,fit,True,none,0
Tomato,2026-03-15,90.81293644370868,94.60874033944468,94.58936789148387,94.06615573307393,92.65122331158976,93.35868952233184,93.35868952233184,93.39221016127456,93.35868952233184,0,0,fit,True,fit,True,diesel,1
Tomato,2026-03-22,90.83544559380442,90.81293644370868,87.00556531584675,88.28591103318657,88.43071760597064,88.3583143195786,88.39451596277462,88.37397256630169,88.39451596277462,1,1,fit,True,fit,True,diesel,1
Tomato,2026-03-29,93.82464275399822,90.83544559380442,91.71728257246896,89.93646162611026,87.51925892731578,88.72786027671302,88.1235596020144,88.3180192191523,88.1235596020144,1,1,fit,True,fit,True,diesel,1
Tomato,2026-04-05,100.49794520685528,93.82464275399822,96.95334939220608,97.56021978832688,91.39752039949076,94.47887009390882,92.9381952466998,92.96025838280056,92.9381952466998,1,1,fit,True,fit,True,diesel,1
Tomato,2026-04-12,100.9873390033359,100.49794520685528,109.01927955550308,109.2415389863718,100.52660331377838,104.88407115007509,102.70533723192672,101.83042044373612,102.70533723192672,1,1,fit,True,fit,True,diesel,1
Tomato,2026-04-19,105.93513447223532,100.9873390033359,98.54401551386005,98.25767630251046,100.81853790427394,99.5381071033922,100.17832250383306,100.23971564185427,100.17832250383306,1,1,fit,True,fit,True,diesel,1
Tomato,2026-04-26,104.57958101174064,105.93513447223532,107.7522277841082,107.71573388620844,106.2426155823313,106.97917473426986,106.6108951583006,107.09039898360749,106.6108951583006,1,1,fit,True,fit,True,diesel,1
Tomato,2026-05-03,94.94269572773575,104.57958101174064,101.41753209508684,100.5166141402118,104.97986101051994,102.74823757536586,103.86404929294292,103.18146089448634,103.86404929294292,1,1,fit,True,fit,True,both,1
Tomato,2026-05-10,86.3490418784145,94.94269572773575,84.88762425396577,86.78587104761736,93.65627550163865,90.221073274628,91.93867438813332,92.04675918599251,91.93867438813332,1,1,fit,True,fit,True,rain,1
Tomato,2026-05-17,81.86156526025547,86.3490418784145,76.60056170310263,76.24288361217555,85.12262934370075,80.68275647793814,82.90269291081945,83.19120284596006,82.90269291081945,1,1,fit,True,fit,True,diesel,1
Tomato,2026-05-24,76.89671977187051,81.86156526025547,80.7682280479603,79.45051231296952,81.33093485053791,80.39072358175372,80.86082921614582,81.15357983549768,80.86082921614582,1,1,fit,True,fit,True,rain,1
Tomato,2026-05-31,74.09997752475702,76.89671977187051,77.06844082520786,77.46216471787258,76.02250190401925,76.74233331094592,76.38241760748258,77.96657897847524,76.38241760748258,1,1,fit,True,fit,True,none,0
Tomato,2026-06-07,74.20079459950597,74.09997752475702,72.97303080802182,73.4773099102922,74.48120197820627,73.97925594424925,73.97925594424925,74.38830053782186,73.97925594424925,0,0,fit,True,fit,True,diesel,1
Tomato,2026-06-14,76.19231452793527,74.20079459950597,72.87659579435383,72.89842275601487,74.8898424129215,73.89413258446818,74.39198749869485,74.71167069285531,74.39198749869485,1,1,fit,True,fit,True,diesel,1
Tomato,2026-06-21,84.52594942738638,76.19231452793527,79.20369188296156,79.7231151708619,76.9881259426539,78.3556205567579,77.6718732497059,78.12940705626832,77.6718732497059,1,1,fit,True,fit,True,none,0
Tomato,2026-06-28,97.88094170511424,84.52594942738638,96.19791551538594,94.69411535380895,87.15799708058462,90.9260562171968,90.9260562171968,91.05643649006208,90.9260562171968,0,0,fit,True,fit,True,diesel,1
Tomato,2026-07-05,115.12277598975544,97.88094170511424,112.46147271364056,113.257294225581,101.41419036806283,107.33574229682192,104.37496633244238,105.85787476015769,104.37496633244238,1,1,fit,True,fit,True,none,0
Tomato,2026-07-12,125.7013524017508,115.12277598975544,129.85908657018334,130.76107048428918,118.00537748931292,124.38322398680106,124.38322398680106,125.45368108766928,124.38322398680106,0,0,fit,True,fit,True,none,0
Tomato,2026-07-19,130.05316147063925,125.7013524017508,129.20171356301174,128.28815405553982,127.21389572240662,127.75102488897322,127.75102488897322,127.58517764709472,127.48246030568993,0,1,fit,True,fit,True,diesel,1
Tomato,2026-07-26,128.80270975862555,130.05316147063925,127.50251632621746,127.7330371509934,131.55385085796073,129.64344400447706,130.5986474312189,130.6112820661905,130.5986474312189,1,1,fit,True,fit,True,none,0
Upo,2024-11-10,58.649474638210464,59.41260913070711,57.86803639566738,58.10435016071811,58.82305195983919,58.46370106027865,58.46370106027865,58.56764789508128,58.46370106027865,0,0,fit,True,fit,True,none,0
Upo,2024-11-17,57.626991094723095,58.649474638210464,57.600064202540544,57.842721840485666,57.94130368779771,57.89201276414169,57.89201276414169,58.01232253424896,57.89201276414169,0,0,fit,True,fit,True,none,0
Upo,2024-11-24,58.3109253074374,57.626991094723095,57.27323861129275,57.137338945023544,57.40449594117676,57.27091744310015,57.27091744310015,57.27861859417313,57.27091744310015,0,0,fit,True,fit,True,none,0
Upo,2024-12-01,59.45128511516804,58.3109253074374,59.0700617396804,59.21326871337447,58.29978566126488,58.75652718731968,58.75652718731968,58.80547497609464,58.52815642429228,0,1,fit,True,fit,True,none,0
Upo,2024-12-08,60.01726938679318,59.45128511516804,60.77467539532432,60.753754579311085,59.47653382150883,60.11514420040996,60.11514420040996,60.171461388255665,60.11514420040996,0,0,fit,True,fit,True,none,0
Upo,2024-12-15,59.62443222682115,60.01726938679318,60.82507017524521,60.674728504487,60.00483087066065,60.339779687573824,60.339779687573824,60.49214685242033,60.339779687573824,0,0,fit,True,fit,True,diesel,1
Upo,2024-12-22,60.75036257744315,59.62443222682115,59.06709021365112,59.23466601257415,59.45320994238492,59.34393797747954,59.39857395993224,59.463122795090584,59.39857395993224,1,1,fit,True,fit,True,none,0
Upo,2024-12-29,61.00665063131536,60.75036257744315,60.922543531153416,60.45350186806965,60.56435825169566,60.50893005988265,60.50893005988265,60.33009504786397,60.50893005988265,0,0,fit,True,fit,True,none,0
Upo,2025-01-05,60.96232375919319,61.00665063131536,61.470162752486935,62.01673725638057,60.86290100682462,61.4398191316026,61.4398191316026,61.39241482000525,61.15136006921361,0,1,fit,True,fit,True,rain,1
Upo,2025-01-12,62.11380752527303,60.96232375919319,60.85855599039884,60.98596233181253,60.92792291610933,60.95694262396093,60.942432770035126,60.86061304015563,60.942432770035126,1,1,fit,True,fit,True,diesel,1
Upo,2025-01-19,62.118842425607255,62.11380752527303,62.4816286585491,62.1868165207315,61.842348392840094,62.01458245678579,61.92846542481294,61.856199092007785,61.92846542481294,1,1,fit,True,fit,True,none,0
Upo,2025-01-26,60.80502621267607,62.118842425607255,62.46099487676541,62.213607466633825,62.01163637902599,62.1126219228299,62.1126219228299,62.05731501136139,62.1126219228299,0,0,fit,True,fit,True,none,0
Upo,2025-02-02,60.47523628759077,60.80502621267607,59.77477974747004,60.31244406875763,60.01911906336119,60.16578156605941,60.16578156605941,60.24786264554244,60.16578156605941,0,0,fit,True,fit,True,none,0
Upo,2025-02-09,59.747558500800054,60.47523628759077,59.59299184508521,59.48521975143088,59.9240320234268,59.70462588742884,59.70462588742884,59.652303469931205,59.70462588742884,0,0,fit,True,fit,True,none,0
Upo,2025-02-16,59.57308011106711,59.747558500800054,59.49599855329793,59.41703705812802,59.34867632034771,59.38285668923786,59.38285668923786,59.40809249117306,59.38285668923786,0,0,fit,True,fit,True,none,0
Upo,2025-02-23,60.20412520369286,59.57308011106711,59.70138100306078,59.79499338687065,59.00646160892706,59.400727497898856,59.400727497898856,59.5391413145893,59.400727497898856,0,0,fit,True,fit,True,none,0
Upo,2025-03-02,60.04264607296774,60.20412520369286,60.82624781998793,60.81387975429843,59.92316899498696,60.368524374642696,60.368524374642696,60.31347149817022,60.368524374642696,0,0,fit,True,fit,True,diesel,1
Upo,2025-03-09,59.71534734402969,60.04264607296774,60.42559622565739,60.395844736247795,59.85141862200091,60.12363167912435,59.98752515056263,59.97669603341352,59.98752515056263,1,1,fit,True,fit,True,rain,1
Upo,2025-03-16,59.8651886739074,59.71534734402969,59.44375743916372,59.44029740080359,59.763714348871254,59.60200587483742,59.68286011185434,59.3659451948845,59.68286011185434,1,1,fit,True,fit,True,none,0
Upo,2025-03-23,58.94705262769215,59.8651886739074,59.791926837743354,59.48767740363777,59.68401680963623,59.58584710663701,59.58584710663701,59.64131518906498,59.58584710663701,0,0,fit,True,fit,True,none,0
Upo,2025-03-30,57.27976505118462,58.94705262769215,58.58099547194479,58.4511617076976,59.11040057230942,58.78078114000351,58.78078114000351,58.712767767172465,58.78078114000351,0,0,fit,True,fit,True,none,0
Upo,2025-04-06,54.860383888797,57.27976505118462,56.03492521138564,56.30274168042322,57.47600899296853,56.88937533669587,56.88937533669587,56.80428497702297,57.1826921648322,0,1,fit,True,fit,True,none,0
Upo,2025-04-13,54.24222552830694,54.860383888797,52.94766725348572,52.66438684108745,54.36023368509217,53.51231026308981,53.51231026308981,53.75600225417313,53.51231026308981,0,0,fit,True,fit,True,diesel,1
Upo,2025-04-20,53.49856548990672,54.24222552830694,53.675330274099814,53.816984168851185,54.10827280635355,53.962628487602366,54.03545064697796,54.10629599573844,54.03545064697796,1,1,fit,True,fit,True,none,0
Upo,2025-04-27,54.07882530407835,53.49856548990672,53.68629016637453,53.6238640128809,53.26751100506251,53.4456875089717,53.4456875089717,53.40871221462013,53.35659925701711,0,1,fit,True,fit,True,none,0
Upo,2025-05-04,54.437680043771365,54.07882530407835,54.8970521572917,54.91471787524261,53.76399687843252,54.33935737683757,54.33935737683757,54.46961217447503,54.33935737683757,0,0,fit,True,fit,True,diesel,1
Upo,2025-05-11,56.03744498240938,54.437680043771365,55.03900893300413,55.28837512834754,54.279683851196864,54.7840294897722,54.53185667048453,54.56301857481955,54.53185667048453,1,1,fit,True,fit,True,none,0
Upo,2025-05-18,56.63684719063369,56.03744498240938,57.14559400517536,56.579219364250704,56.202050078391935,56.39063472132132,56.39063472132132,56.29693551565454,56.39063472132132,0,0,fit,True,fit,True,rain,1
Upo,2025-05-25,57.88802776670837,56.63684719063369,57.17510364403649,57.66389753671333,56.81717453159419,57.24053603415376,57.02885528287398,56.98848126462208,57.02885528287398,1,1,fit,True,fit,True,rain,1
Upo,2025-06-01,58.8497141850936,57.88802776670837,58.34561050050699,58.18827860910768,58.21354408002281,58.20091134456524,58.20722771229403,58.16277465762751,58.20722771229403,1,1,fit,True,fit,True,rain,1
Upo,2025-06-08,59.48460355401516,58.8497141850936,59.201117094020354,59.49576473182007,59.209116305206976,59.35244051851352,59.28077841186025,59.19518569120266,59.28077841186025,1,1,fit,True,fit,True,none,0
Upo,2025-06-15,59.684375844430384,59.48460355401516,59.67281357777311,59.163685426821914,59.683565989141464,59.423625707981685,59.423625707981685,59.34527742711971,59.55359584856157,0,1,fit,True,fit,True,none,0
Upo,2025-06-22,59.05473856089221,59.684375844430384,59.377068511732666,59.49215200286754,59.563831902574954,59.52799195272125,59.52799195272125,59.517047742728366,59.52799195272125,0,0,fit,True,fit,True,none,0
Upo,2025-06-29,58.77656757712082,59.05473856089221,58.230629496751966,58.21741865132521,58.930721545792686,58.57407009855895,58.57407009855895,58.661233548755334,58.57407009855895,0,0,fit,True,fit,True,diesel,1
Upo,2025-07-06,55.49468716820174,58.77656757712082,58.09334622060693,58.10563288065962,58.74412658691124,58.42487973378543,58.58450316034833,58.48739358179847,58.58450316034833,1,1,fit,True,fit,True,diesel,1
Upo,2025-07-13,54.54335997738838,55.49468716820174,53.296868406513866,53.383743058683464,55.35377514203483,54.36875910035914,54.86126712119699,54.67738539880634,54.86126712119699,1,1,fit,True,fit,True,none,0
Upo,2025-07-20,53.69374376508303,54.54335997738838,52.995652730994195,53.058256741748295,54.50611880534291,53.7821877735456,53.7821877735456,53.68557424533866,53.7821877735456,0,0,fit,True,fit,True,none,0
Upo,2025-07-27,52.948209273567734,53.69374376508303,53.4791337483964,53.43331647834674,53.567934542623235,53.50062551048499,53.50062551048499,53.500942383677774,53.50062551048499,0,0,fit,True,fit,True,none,0
Upo,2025-08-03,53.3747254584568,52.948209273567734,53.184629644551386,53.17681358332583,53.11696808313423,53.14689083323003,53.14689083323003,53.09959846660615,53.14689083323003,0,0,fit,True,fit,True,none,0
Upo,2025-08-10,54.37445671407938,53.3747254584568,53.740588932886546,53.97869234420421,53.41790852068238,53.6983004324433,53.6983004324433,53.77806434969572,53.6983004324433,0,0,fit,True,fit,True,none,0
Upo,2025-08-17,54.971598801211734,54.37445671407938,55.472078011626834,55.273483865877346,54.598219673321246,54.935851769599296,54.935851769599296,54.90517453298269,54.935851769599296,0,0,fit,True,fit,True,diesel,1
Upo,2025-08-24,56.873115427349525,54.971598801211734,55.781635509987815,55.943395952860755,55.0432868795556,55.49334141620818,55.26831414788189,55.386013296015285,55.26831414788189,1,1,fit,True,fit,True,none,0
Upo,2025-08-31,59.55610379769626,56.873115427349525,57.98270374891814,57.99320859124118,57.09647270247789,57.544840646859534,57.544840646859534,57.63174693840397,57.544840646859534,0,0,fit,True,fit,True,none,0
Upo,2025-09-07,62.66392216708381,59.55610379769626,61.53344748069671,61.46161339887532,60.01111388399425,60.736363641434785,60.736363641434785,60.660196639114496,60.736363641434785,0,0,fit,True,fit,True,none,0
Upo,2025-09-14,64.8793175351025,62.66392216708381,65.06424394844593,65.3824772004695,63.24444172408302,64.31345946227626,64.31345946227626,64.28158245121554,64.31345946227626,0,0,fit,True,fit,True,none,0
Upo,2025-09-21,65.56776686745545,64.8793175351025,66.38238228613332,66.2463833216706,65.48575337046398,65.8660683460673,65.8660683460673,65.8476758130034,65.8660683460673,0,0,fit,True,fit,True,none,0
Upo,2025-09-28,65.2089931223262,65.56776686745545,65.55751224567157,65.39440832590395,65.42207425075432,65.40824128832914,65.40824128832914,65.13078469183542,65.40824128832914,0,0,fit,True,fit,True,none,0
Upo,2025-10-05,63.5575523542342,65.2089931223262,64.12676343767541,63.97958171073038,65.12923751805909,64.55440961439473,64.55440961439473,64.4196865471111,64.55440961439473,0,0,fit,True,fit,True,none,0
Upo,2025-10-12,62.21942490085442,63.5575523542342,61.84652274946289,62.083998545036984,63.1288359629092,62.60641725397309,62.60641725397309,62.52065524494847,62.60641725397309,0,0,fit,True,fit,True,none,0
Upo,2025-10-19,61.00659005073608,62.21942490085442,60.891947073615995,61.12287930282469,61.67504036172707,61.39895983227588,61.39895983227588,61.36524869688846,61.39895983227588,0,0,fit,True,fit,True,none,0
Upo,2025-10-26,59.89643274407222,61.00659005073608,60.35021845514481,60.204854310059645,60.368569892922054,60.28671210149085,60.28671210149085,60.377130961807126,60.28671210149085,0,0,fit,True,fit,True,none,0
Upo,2025-11-02,59.022525012021525,59.89643274407222,59.591440830968835,59.5853996059036,59.216831670807146,59.40111563835537,59.40111563835537,59.52025739584362,59.40111563835537,0,0,fit,True,fit,True,none,0
Upo,2025-11-09,60.35047574216715,59.022525012021525,58.7581871853289,58.63804836340602,58.60993689251469,58.623992627960355,58.623992627960355,58.7306961552321,58.623992627960355,0,0,fit,True,fit,True,diesel,1
Upo,2025-11-16,58.33040185206349,60.35047574216715,61.48736302722735,61.0056587893673,60.291307656711254,60.64848322303928,60.46989543987527,60.483195324149875,60.46989543987527,1,1,fit,True,fit,True,none,0
Upo,2025-11-23,57.55923072646987,58.33040185206349,57.98858753582705,58.62242141807591,58.11477576129849,58.368598589687195,58.368598589687195,58.41819210165605,58.368598589687195,0,0,fit,True,fit,True,none,0
Upo,2025-11-30,56.38736661294913,57.55923072646987,56.42094492907251,56.173201887560694,57.40711401056182,56.79015794906125,56.79015794906125,56.90125195819245,56.79015794906125,0,0,fit,True,fit,True,none,0
Upo,2025-12-07,54.33968549312789,56.38736661294913,55.41637697685936,55.12963130791421,56.408572390251514,55.76910184908286,55.76910184908286,55.740194280888886,55.76910184908286,0,0,fit,True,fit,True,none,0
Upo,2025-12-14,54.55213677195079,54.33968549312789,53.358843213863786,52.994097811249674,54.35613520907003,53.67511651015985,53.67511651015985,53.749446447036746,54.01562585961494,0,1,fit,True,fit,True,none,0
Upo,2025-12-21,55.83422537201048,54.55213677195079,54.37368652369262,55.31164838830889,54.57031768431134,54.940983036310115,54.940983036310115,54.9940846364579,54.940983036310115,0,0,fit,True,fit,True,none,0
Upo,2025-12-28,58.59395276783832,55.83422537201048,57.312846243867085,57.242191792049766,56.15700458043219,56.699598186240976,56.699598186240976,56.655018918739145,56.699598186240976,0,0,fit,True,fit,True,rain,1
Upo,2026-01-04,63.32330627993351,58.59395276783832,61.19211125880328,61.61008103578052,59.34748231648334,60.47878167613193,59.913131996307634,59.74107544055965,59.913131996307634,1,1,fit,True,fit,True,rain,1
Upo,2026-01-11,66.71527401981089,63.32330627993351,66.84992818719486,66.84022151990499,64.1403224642635,65.49027199208425,64.81529722817388,64.94359993644204,64.81529722817388,1,1,fit,True,fit,True,none,0
Upo,2026-01-18,69.21985161324187,66.71527401981089,69.49596177747797,68.41838710407282,67.2051175671551,67.81175233561396,67.81175233561396,67.8820081813991,67.81175233561396,0,0,fit,True,fit,True,none,0
Upo,2026-01-25,69.42156764614256,69.21985161324187,70.27603711175007,70.4466110156676,69.40446339567347,69.92553720567054,69.92553720567054,69.82783913742429,69.665000300672,0,1,fit,True,fit,True,none,0
Upo,2026-02-01,67.51989967108557,69.42156764614256,68.4378928172786,68.72167668572756,69.0121497188774,68.86691320230247,68.86691320230247,68.91379598070861,68.86691320230247,0,0,fit,True,fit,True,none,0
Upo,2026-02-08,65.77959360730559,67.51989967108557,65.04615954498071,65.30581680715463,66.81967252970526,66.06274466842994,66.06274466842994,66.10020812482223,66.06274466842994,0,0,fit,True,fit,True,none,0
Upo,2026-02-15,64.67202171702603,65.77959360730559,63.434088586109326,63.73058934256406,65.09203579080015,64.41131256668211,64.41131256668211,64.5850851699555,64.41131256668211,0,0,fit,True,fit,True,none,0
Upo,2026-02-22,61.70848504741416,64.67202171702603,63.83153305169638,63.5176077857032,64.06545397658566,63.791530881144425,63.791530881144425,64.0160797872323,63.791530881144425,0,0,fit,True,fit,True,both,1
Upo,2026-03-01,62.02427379575576,61.70848504741416,60.40847083718267,60.7650863780546,60.9957217379354,60.880404057994994,60.9380628979652,60.986917859956506,60.9380628979652,1,1,fit,True,fit,True,diesel,1
Upo,2026-03-08,61.38857877565411,62.02427379575576,62.01184767476479,61.55865935323796,61.39470962968673,61.47668449146234,61.43569706057454,61.7561971550181,61.43569706057454,1,1,fit,True,fit,True,none,0
Upo,2026-03-15,65.8201564138343,61.38857877565411,61.95747342194783,61.55343455323227,60.94792288852719,61.25067872087973,61.25067872087973,61.40763517748135,61.25067872087973,0,0,fit,True,fit,True,diesel,1
Upo,2026-03-22,68.14623160929719,65.8201564138343,69.09736807334542,68.87706783698118,65.66777846566936,67.27242315132527,66.4701008084973,66.73241019954884,66.4701008084973,1,1,fit,True,fit,True,diesel,1
Upo,2026-03-29,69.27075923212249,68.14623160929719,71.17050307612786,72.3491754220736,68.87325795264283,70.61121668735822,69.74223732000053,68.98158144002616,69.74223732000053,1,1,fit,True,fit,True,diesel,1
Upo,2026-04-05,68.70378025776313,69.27075923212249,70.07811030993669,69.71234368804829,69.4851363522597,69.598740020154,69.54193818620685,69.1644990635598,69.54193818620685,1,1,fit,True,fit,True,diesel,1
Upo,2026-04-12,71.75575667826253,68.70378025776313,67.03015637508099,66.88824280938778,68.377703124346,67.63297296686689,68.00533804560644,68.01284990722877,68.00533804560644,1,1,fit,True,fit,True,diesel,1
Upo,2026-04-19,64.4066157802637,71.75575667826253,72.56781739173513,72.89453403987066,72.25588810650426,72.57521107318746,72.41554958984587,72.42572267219755,72.41554958984587,1,1,fit,True,fit,True,diesel,1
Upo,2026-04-26,60.45384774518889,64.4066157802637,61.578215810633885,59.7839405955408,63.656860397725865,61.72040049663333,62.6886304471796,62.52675037124805,62.6886304471796,1,1,fit,True,fit,True,diesel,1
Upo,2026-05-03,62.31424600849392,60.45384774518889,55.07336404453141,58.73489112291536,59.76759670091551,59.25124391191544,59.50942030641548,59.078711629838864,59.50942030641548,1,1,fit,True,fit,True,both,1
Upo,2026-05-10,65.46220576502631,62.31424600849392,61.54536265656866,60.35088683015531,62.96332288751842,61.65710485883687,62.310213873177645,62.05750038662541,62.310213873177645,1,1,fit,True,fit,True,rain,1
Upo,2026-05-17,66.26809749693723,65.46220576502631,69.56405478209889,68.79411674310623,65.97117888666938,67.3826478148878,66.67691335077859,66.88942629094697,66.67691335077859,1,1,fit,True,fit,True,diesel,1
Upo,2026-05-24,67.87780428968054,66.26809749693723,68.1705451548492,69.16951259537782,66.44797483773084,67.80874371655433,67.12835927714258,67.34769356657415,67.12835927714258,1,1,fit,True,fit,True,rain,1
Upo,2026-05-31,70.17764613607702,67.87780428968054,68.4480570400931,68.76136207160434,68.32971907697302,68.54554057428868,68.43762982563085,68.63983669058389,68.43762982563085,1,1,fit,True,fit,True,none,0
Upo,2026-06-07,68.83118666383504,70.17764613607702,70.93935965863875,70.04746360175511,70.22824058884558,70.13785209530035,70.13785209530035,70.02527388022283,70.13785209530035,0,0,fit,True,fit,True,diesel,1
Upo,2026-06-14,70.32091047561276,68.83118666383504,67.87568961517374,67.83465986433421,67.88672746392965,67.86069366413193,67.87371056403079,68.67122688020625,67.87371056403079,1,1,fit,True,fit,True,diesel,1
Upo,2026-06-21,69.82179992833258,70.32091047561276,70.05325274124178,70.72012549150959,69.59707274234403,70.15859911692681,69.87783592963541,70.13519750559652,69.87783592963541,1,1,fit,True,fit,True,none,0
Upo,2026-06-28,68.70610291736699,69.82179992833258,69.2158184695099,68.9302801672671,68.81069904008032,68.87048960367372,68.87048960367372,69.01485738793542,68.87048960367372,0,0,fit,True,fit,True,diesel,1
Upo,2026-07-05,68.13663347267388,68.70610291736699,67.84765624218291,67.6855557965571,68.19491071479894,67.94023325567801,68.06757198523847,68.33381917204825,68.06757198523847,1,1,fit,True,fit,True,none,0
Upo,2026-07-12,69.1169492660901,68.13663347267388,67.23787534118952,67.73661220823404,67.69455178283928,67.71558199553667,67.71558199553667,67.82562505184589,67.71558199553667,0,0,fit,True,fit,True,none,0
Upo,2026-07-19,70.04158489820726,69.1169492660901,69.53104608506074,68.792809294907,68.75442547191591,68.77361738341145,68.77361738341145,68.92850265870086,68.76402142766368,0,1,fit,True,fit,True,diesel,1
Upo,2026-07-26,70.38483230801293,70.04158489820726,70.93867322765512,71.26179418151862,69.7974697541929,70.52963196785576,70.16355086102433,70.22967848911233,70.16355086102433,1,1,fit,True,fit,True,none,0
